0.09520739873442668,0.08928735874126788,0.056398247668161636,0.046531514346230124,0.055740465446699285,0.07021167431886628,0.06494941654716921,0.05574046544669944,0.05837159433254806,0.05771381211108617,0.033375869916987655,0.014957967716048265,-0.008722192256588048,-0.044242432215542596,-0.10015392103982189,-0.1869811742728216,-0.3159064896793966,-0.4764053517161538,-0.6915001381342665,-0.8927814979016742,-1.0,-0.9223816978674694,-0.72373146698591,-0.5046899872390251,-0.3145909252364725,-0.18500782760843537,-0.06989593885256519,0.043900385460381816,0.1116519542709795,0.18400799863181327,0.22479049636246462,0.24255061634194167,0.2668885585360403,0.2872798074013658,0.2734663807506613,0.2642574296501917,0.2616263007643434,0.26491521187165373,0.2853064607369789,0.2853064607369794,0.2747819451935854,0.2603107363214184,0.2359727941273205,0.2379461407917071,0.26754634075750205,0.295830976280373,0.29385762961598655,0.3004354518306078,0.29122650073013817,0.28464867851551723
0.140684410646388,0.0876293217791135,0.07373394136149408,0.06741785935348577,0.04783800512865866,0.04657478872705602,0.0813132397711049,0.08889253818071541,0.07499715776309598,0.047206396927857414,0.04973282973106063,0.030784583707034623,-0.014059598549828417,-0.032376236373053764,-0.062061821810695174,-0.13153872389879145,-0.19343632757727752,-0.3393378219622802,-0.6102977401058567,-0.8780996172454297,-1.0,-0.8863105238558416,-0.6835642913987583,-0.488397357351287,-0.31344188572944465,-0.18522542096686648,-0.08795775804353075,0.0036254310725964234,0.06173338554627794,0.14005280244558677,0.2082664881320819,0.2417417227745293,0.2594267523969534,0.26447961800336023,0.2512158457865418,0.23732046536892235,0.2518474539873427,0.2600583605977545,0.2632164016017582,0.24237333097532968,0.24553137197933425,0.2524790621881441,0.25311067038894436,0.2480578047825375,0.252479062188144,0.23858368177052455,0.2183722193448965,0.23037277516011265,0.23100438336091403,0.21395096193929
0.040887026067617,0.09381348502020784,0.04676774372901613,0.021106430297457353,0.03233325492376411,0.039817804674635374,0.03340247631674599,0.035006308406218246,0.03447169770972737,0.04409469024656263,0.03767936188867249,0.03661014049569075,0.030729422834291985,-0.015247097063918942,-0.05106601372880324,-0.07405427367790841,-0.1430190535252235,-0.29645232341808725,-0.5461155186792971,-0.8449628980176642,-1.0,-0.9112546243825254,-0.7006180099651428,-0.47501229604601863,-0.2798793918268717,-0.15050360327609502,-0.058550563479674265,0.022175651690438856,0.10129803477107933,0.15422449372367053,0.1959241280499542,0.2365545409832569,0.26381968650428755,0.2590081902358712,0.2579389688428888,0.2568697474499074,0.25152364048499953,0.2467121442165818,0.2563351367534162,0.2723734576481405,0.2697004041656869,0.24243525864465593,0.2451083121271094,0.2360199302867653,0.22265466287449542,0.21410089173064212,0.21891238799905938,0.210358616855206,0.1991317922288996,0.18683574620961058
0.1093805309734514,0.057699115044246546,0.07823008849557463,0.09734513274336222,0.10300884955752182,0.09097345132743347,0.08884955752212331,0.1037168141592918,0.10442477876106147,0.09026548672566297,0.06973451327433572,0.05061946902654862,0.031504424778760344,0.008141592920352811,-0.05628318584070875,-0.12141592920354113,-0.20212389380531035,-0.3592920353982296,-0.6339823008849553,-0.8874336283185836,-1.0,-0.9207079646017693,-0.7224778761061935,-0.5419469026548661,-0.3451327433628318,-0.20991150442477893,-0.06548672566371813,0.020176991150441987,0.09238938053097279,0.1469026548672568,0.20566371681415993,0.25238938053097404,0.2715044247787613,0.26371681415929304,0.27292035398230075,0.27150442477876147,0.25097345132743365,0.2389380530973452,0.23610619469026606,0.250265486725664,0.2361061946902657,0.22194690265486722,0.2035398230088509,0.22477876106194783,0.21840707964601758,0.21911504424778824,0.20495575221239024,0.21345132743362813,0.2353982300884957,0.23115044247787678
0.027931991672449183,0.0669673837612768,0.05178695350451095,0.040943789035391545,0.03660652324774485,0.04202810548230379,0.058292852185981625,0.07997918112421916,0.06371443442054082,0.023594725884801725,-0.01327203331020216,-0.021946564885496317,-0.03170541290770372,-0.04146426092991037,-0.07507807078417905,-0.13146252602359645,-0.21603920888272288,-0.3223022206800848,-0.4947085357390716,-0.7874739764052747,-1.0,-0.7722935461485089,-0.3179649548924376,0.006245662734212905,0.1808206106870234,0.25563844552394344,0.2523854961832072,0.22094031922276353,0.20033830673143743,0.1905794587092308,0.19383240804996676,0.2046755725190854,0.18298924358084762,0.17323039555863973,0.169977446217905,0.1764833448993762,0.17323039555863973,0.1341950034698126,0.096243927827897,0.06371443442054107,0.07455759888966072,0.08865371269951382,0.09841256072172148,0.07455759888966047,0.06046148507980637,0.07347328244274849,0.08865371269951533,0.08756939625260259,0.10274982650936842,0.10925572519084038
0.13461960096470096,0.11749068186801163,0.10652817364613035,0.0935101951326461,0.0935101951326458,0.09076956807717504,0.09967660600745416,0.09351019513264563,0.0825476869107645,0.06473361105020753,0.04554922166191539,0.03595702696776957,0.01814295110721226,-0.006522692392020436,-0.04557662793247234,-0.09696338522254018,-0.17575641306731088,-0.3463604472703361,-0.6135715851786885,-0.8698202148651605,-1.0,-0.9294288533216392,-0.7314185485639108,-0.5217605788204343,-0.35321201490901166,-0.2106994080245569,-0.09901885551414298,-0.0017265950449476836,0.07364064898048618,0.1195461521596138,0.15654461740846323,0.19628370971278275,0.227800920850691,0.24287436965577802,0.2600032887524669,0.2723361105020843,0.28192830519622963,0.2771322078491569,0.28055799166849477,0.28055799166849466,0.271650953738216,0.24081889936417508,0.22300482350361808,0.2353376452532345,0.2353376452532352,0.2168384126288102,0.2058759044069286,0.20450559087919393,0.2134126288094723,0.2093016882262667
0.04541873030166549,0.11647343538946442,0.022202836560107964,0.027830932012606325,0.028534443944169256,0.036976587122917376,0.04190117064385428,0.027127420081044545,0.02149932462854602,-0.007344664565511183,-0.02493246285457001,-0.059404547501126406,-0.09739419180549398,-0.15086109860423327,-0.21699122017109523,-0.3035231877532646,-0.3970902746510579,-0.5230189104007203,-0.7045249887438083,-0.8853275551553355,-1.0,-0.9113574966231432,-0.6897512381809994,-0.40904997748761873,-0.14030841963079715,0.08833295812696983,0.25154772624943805,0.3451148131472311,0.38240094552003623,0.37817987393066177,0.38873255290409753,0.36833070688878894,0.34722534894191825,0.3401902296262947,0.3331551103106709,0.3043111211166144,0.28813034669068044,0.2592863574966232,0.24521611886537645,0.21074403421882038,0.17064385411976582,0.16009117514633053,0.16220171094101737,0.1826035569563263,0.18330706888788872,0.17838248536695261,0.16994034218820386,0.14250337685727185,0.13335772174696145,0.13898581719946002
-0.003778461869845037,0.024941438328501993,0.02090270236310912,0.014171475754121346,0.015517721075919321,0.019556457041311776,-0.0001884743450515932,-0.028459626102799087,-0.04596081528616709,-0.07602696080631167,-0.1074393516482536,-0.13436425808420355,-0.16802039112914105,-0.19853528508988444,-0.24744886511519407,-0.319248615611061,-0.41662702722108036,-0.5422765905888477,-0.7204297215067181,-0.9120453056425628,-1.0,-0.8873641414096084,-0.6100376051193226,-0.27213002934814834,0.05141759632385272,0.3462453217975066,0.5858769890774629,0.7254377541038047,0.7420414464059738,0.634341820662173,0.4633686647938898,0.31887166692095764,0.23944319293490435,0.22642948815752875,0.22642948815752886,0.22822448191992534,0.22912197880112367,0.2066845567711653,0.18200339253821143,0.1658484486766412,0.15911722206765383,0.13398730939409975,0.12187110149792249,0.1043699123145548,0.10122867323036057,0.09270245285897674,0.08776622001238554,0.07789375431920417,0.07206002459141451,0.07250877303201385
0.05709101513138663,0.06438129799436217,0.057091015131386445,0.061951203706703345,0.06762142371123997,0.06438129799436217,0.04899070083919232,0.03441013511324183,0.018209506528852445,0.014159349382754906,0.011729255095096272,0.021449632245730436,0.019829569387291343,0.006869066519779942,-0.011761656352267507,-0.04578297637948482,-0.08709457926967691,-0.21588957651557003,-0.47185950814891636,-0.8290833684346945,-1.0,-0.8347535884392305,-0.5245115510481803,-0.24505070796747042,-0.05469332210089811,0.049800732268411294,0.11298318374752939,0.1470045037747467,0.14862456663318618,0.14619447234552732,0.15348475520850305,0.15915497521303912,0.14781453520396623,0.13728412662411385,0.14133428377021082,0.16158506950069754,0.17130544665133135,0.17454557236820858,0.171305446651331,0.15510481806694157,0.15915497521303912,0.14700450377474705,0.14619447234552754,0.15024462949162487,0.15105466092084424,0.1664452580760137,0.1591549752130389,0.1583449437838194,0.17373554093898866,0.18345591808962206
0.07223049171228885,0.009158109846859339,-0.003456366526225214,0.01672679567071107,0.09872089209576931,0.0924136539092269,0.076014834624215,0.06466180588843683,0.041955748416882814,0.025556929131872103,0.05330877715266041,0.03817140550495695,0.024295481494562503,0.0015894240230084895,-0.023639528723162963,-0.05517571965587743,-0.15483008300325568,-0.2986351136564335,-0.5092968690869656,-0.808259959129097,-1.0,-0.8158286449529489,-0.40838105810228037,-0.027423871635089123,0.21729697000277634,0.29676817115321713,0.31442843807553655,0.299291066427834,0.2879380376920567,0.2828922471428224,0.22991144637586206,0.1807149885208276,0.1491787975881125,0.11385826374347277,0.11259681610616405,0.13530287357771836,0.11007392083154661,0.08358352044806615,0.08862931099730073,0.0873678633599923,0.07601483462421531,0.05583167242727755,0.03943285314226538,0.035648510230340096,0.043217196054192414,0.05457022478996795,0.06718470116305397,0.05583167242727726,0.029341272043797675,0.04321719605419124
0.09042697115644736,0.08501542291249417,0.0038421992532061138,-0.023215541966556768,0.04442881108284888,-0.012392445478652876,0.0011364251312276205,0.022782618107039822,0.009253747497158063,0.017371069863089138,0.00384219925320549,0.011959521619134038,0.02007684398506511,0.07689810054656623,0.13913090535202247,0.15807132420585615,0.09583851940039995,-0.10168299150387008,-0.4642567238486947,-0.8051842632177071,-1.0,-0.7700091996320151,-0.42908166026300265,-0.18285621516316003,-0.047567509064342435,0.0065479733751814565,0.017371069863088506,0.06607500405866108,0.10395584176632913,0.13642513123004524,0.17160019481573857,0.16348287244980875,0.16348287244980936,0.12560203474214132,0.12289626062016346,0.15265977596190422,0.16889442069376256,0.1634828724498081,0.16077709832783213,0.1391309053520212,0.14183667947399717,0.11477893825423428,0.13371935710806798,0.11748471237621025,0.07689810054656812,0.08501542291249542,0.07148655230261429,0.08772119703447138,0.15807132420585615,0.2067752584014306
0.05443757372127046,0.07499017049719399,0.05801193837795252,0.03209779461700706,0.038352932766200706,0.05265039139292934,0.04639525324373631,0.018693927154448058,-0.006326625442328403,-0.0009650784573041668,-7.148729313412138e-05,0.011545197841083328,-0.015262537084033844,-0.06083568645673363,-0.0340279515316154,-0.04653822783000416,-0.0974729241877267,-0.21989491367909403,-0.5022697215569933,-0.840940772777638,-1.0,-0.8436215462701497,-0.5371197769596451,-0.21989491367909486,-0.018836901740716103,0.08660685563141186,0.1312864138399399,0.1688172427351043,0.17954033670515107,0.1714980162276163,0.18043392786932178,0.17060442506344567,0.18758265718268605,0.1902634306751983,0.1589877399292284,0.11877613754155243,0.11430818172069887,0.1241376845265754,0.15005182828752192,0.17149801622761587,0.19473138649605057,0.1920506130035392,0.17775315437680952,0.14022232548164598,0.13664796082496353,0.16613646924259187,0.1920506130035392,0.20188011580941467,0.1849018836901743,0.1661364692425927
0.10565494807956978,0.10565494807956978,0.11191042161891633,0.09783560615538597,0.0900162642312025,0.0837607906918545,0.06030276491930379,0.0368447391467527,0.041536344301263066,0.018078318528711248,-0.01319904916802292,-0.0444764168647571,-0.07418991617665546,-0.08982860002502348,-0.09295633679469728,-0.164894282497186,-0.2602902539722269,-0.45890153884649104,-0.6622044288752662,-0.8780182659827338,-1.0,-0.903040160140121,-0.7138120855748776,-0.5136369323157767,-0.3197172525960225,-0.16489428249718707,-0.07418991617665474,-0.014762917552859843,0.0368447391467527,0.07906918553734524,0.10721881646440523,0.1541348680095096,0.18072063055173304,0.2041786563242841,0.20887026147879484,0.20887026147879376,0.21825347178781485,0.23701989240585594,0.28862754910546845,0.305830101338673,0.32772425872638683,0.3183410484173654,0.3011384961841623,0.30426623295383465,0.3605654948079579,0.40278994119855044,0.38558738896534517,0.3699487051169783,0.36056549480795713,0.3308519954960599
0.0911030460443165,0.07776863049754748,0.06559372934614953,0.06327470055540689,0.07689899470101909,0.08066741648597564,0.07110142272416302,0.049940285008638265,0.045012348828310365,0.051679556601694814,0.05196943520053778,0.050809920805166706,0.030518418886170122,0.007618009577588533,-0.0187609429171067,-0.055575524970142835,-0.14079983302992707,-0.3170460211263522,-0.5979383834050296,-0.8730331737068513,-1.0,-0.9101376343587304,-0.6988161358023259,-0.4741602216991524,-0.2712452025091891,-0.11413100193638902,0.011096552763702385,0.10124879700381492,0.1664714817434459,0.20125691360458273,0.2145913291513515,0.22299780851779297,0.2276358660992776,0.23343343807613365,0.24444882483216018,0.2514059112043876,0.24357918903563175,0.2337233166749764,0.22444720151200712,0.20386582099416767,0.1858933478659142,0.19111116264508432,0.19864800621499737,0.19980752061036836,0.2021265494011109,0.18618322646475693,0.1774868684994725,0.17516783970873,0.18183504748211457,0.17922614009252932
-0.0017200094431893164,-0.0029847222690637977,0.02778995649387867,0.011348689757512577,0.020623250480590726,0.030319382145627533,0.036221375333040894,0.041701797578496486,0.03748608815891498,0.04170179757849639,0.05477049677919828,0.07542747293514558,0.10072172945263287,0.1711240767596375,0.26091868739671514,0.38233111868065134,0.4641158814205251,0.33933088260092387,-0.1825739435432198,-0.8195676368419286,-1.0,-0.7483221476510072,-0.4169673872719303,-0.1783582341236393,-0.04682810023270777,0.02062325048059063,0.0404370847526224,0.04507436511416148,0.04254493946241291,0.04254493946241291,0.04423122323024526,0.05097635830157523,0.04128022663653872,0.04338808134632874,0.05097635830157513,0.06783919597989978,0.07374118916731325,0.0796431823547269,0.0686823378638158,0.06530977032815112,0.05940777714073765,0.05814306431486288,0.062358773734444185,0.07121176351556467,0.06994705068969019,0.05266264206940768,0.05139792924353339,0.043809652288287586,0.03327037873933387,0.02188796330646541
0.020527573260519717,0.019552391632941812,0.00882539372958167,0.022965527329465107,0.03271734360524677,0.024428299770832024,0.014676483495050921,0.00931298454337102,0.02003998244673071,0.033692525232824684,0.04588229557755152,0.054171339411965364,0.0556341118533324,0.08781510556341135,0.17119313472134196,0.3106441074650153,0.43985567311911805,0.4364425374225945,0.0785508801014189,-0.5928616704861274,-1.0,-0.8785898873665221,-0.5431274074796432,-0.26227509873714006,-0.09503144960749044,-0.010190648008191864,0.020039982446730484,0.030279389536301157,0.044907113949973494,0.058072065922278,0.061485201618801534,0.07611292603247363,0.08342678823930968,0.08293919742552057,0.08245160661173144,0.07074942708079407,0.0746501535911065,0.06489833731532517,0.056609293480910636,0.05904724754985648,0.06489833731532528,0.07172460870837209,0.0712370178945832,0.06879906382563769,0.06831147301184869,0.06197279243259031,0.06636110975669231,0.06246038324637966,0.05124579452923119,0.042469159881028104
0.1491304022490887,0.15180279853338882,0.14271665116676782,0.14057873413932756,0.1314925867727067,0.12721675271782673,0.11171685426888542,0.11118237501202494,0.09942383136110468,0.08125153662786296,0.07430330628868224,0.040096633849639844,-0.005868582240323819,-0.03098910731274588,-0.08229911597130941,-0.16888475558263585,-0.2992976942564855,-0.5034687703770213,-0.7220707864327792,-0.9166212359298341,-1.0,-0.9257073832964546,-0.7477257907620611,-0.5328651295043244,-0.34098707629156877,-0.17957434071983702,-0.05878202866946783,0.02620017317127856,0.09514799730622411,0.15554415333140917,0.1779922821195307,0.19937145239393317,0.20418176570567334,0.2282333322643753,0.2512159403093571,0.24480218922703686,0.23838843814471575,0.23571604186041564,0.23197468706239566,0.24212979294273673,0.2576296913916784,0.2603020876759778,0.25869864990539765,0.2560262536210976,0.2603020876759779,0.2651124009877185,0.2640434424739984,0.26297448396027806,0.2656468802445782,0.2725951105837589
0.11328945525836769,0.14689819353031827,0.11749054754236068,0.09088362974373297,0.04887270690379506,0.04747234280912963,0.0586752555664465,0.06287634785044081,0.07407926060775638,0.0166643327265076,-0.016944405545442666,-0.03794986696541293,-0.06595714885870443,-0.11777062036129578,-0.2143957428931529,-0.29561686038370083,-0.37123652149558967,-0.5462820333286652,-0.7171264528777476,-0.8977734210894831,-1.0,-0.8697661391961906,-0.5658871306539701,-0.26620921439574485,-0.016944405545442996,0.10768799887970827,0.17210474723428124,0.2309200392101964,0.23932222377818405,0.20571348550623247,0.1539000140036415,0.15249964990897671,0.17770620361293935,0.16230219857162914,0.1539000140036415,0.17070438313961778,0.23092003921019574,0.2547262288194939,0.25612659291415873,0.23792185968351764,0.2309200392101951,0.24632404425150628,0.2715305979554686,0.28973533118610895,0.2995378798487614,0.25892732110348726,0.21271530597955535,0.16650329085562282,0.16230219857162848,0.17770620361293998
0.0874170314927276,0.030927835051546754,0.045050134161840616,-0.013204349668126494,0.05034599632820149,0.06623358282728328,0.04681542155062813,0.03975427199548099,0.0009179494421686172,-0.007908487501765217,0.0062138116085303,0.05211128371698982,0.09094760627030138,0.1333145036011867,0.14214094054512175,0.17568140093207243,0.2621804829826302,0.18274255048721957,-0.2409264228216366,-0.7599209151249827,-1.0,-0.8093489620110151,-0.4792402203078671,-0.2391611354328499,-0.08381584521960246,-0.014969637056913194,0.02739726027397214,0.027397260273972966,0.02563197288518588,0.07682530716000585,0.12625335404604,0.16155910182177774,0.1191922044908912,0.08565174410393968,0.07682530716000503,0.07682530716000503,0.09271289365908805,0.09977404321423561,0.11389634232453195,0.12448806665725207,0.13861036576754798,0.13684507837876006,0.1350797909899734,0.13507979098997297,0.1297839288236121,0.0980087558254485,0.07152944499364375,0.050345996328200665,0.06446829543849743,0.04151955938426848
0.15622139693427728,0.1451746956896821,0.13728419480068602,0.14044039515628445,0.13991436176368463,0.1330759276598877,0.13781022819328534,0.141492461941484,0.13360196105248764,0.1204511262374932,0.09520152339270493,0.06995192054791655,0.0557490189477227,0.04470231770312792,0.0304994161029342,-0.033150624401637026,-0.1862263416481674,-0.43977443688125367,-0.6901663317587399,-0.9221470578952358,-1.0,-0.8800643864872546,-0.6570262280249548,-0.4082124333252677,-0.2120019778855559,-0.07312916223921856,0.01314031414714179,0.06837382037011708,0.11098252517069775,0.15359122997127864,0.17884083281606727,0.1688461983566719,0.16463793121587333,0.1714763653196704,0.170424298534471,0.17463256567526872,0.17095033192707057,0.16726809817887206,0.15937759728987608,0.15306519657867873,0.15832553050467643,0.157799497112077,0.15832553050467668,0.17042429853447139,0.17200239871227022,0.17200239871227022,0.18357513334946496,0.19409580120146028,0.20672060262385467,0.22144953761664835
0.1486236682015251,0.15366517662084472,0.15282492521762497,0.14946391960474523,0.14694316539508578,0.12845763452424927,0.10409034383087382,0.08392431015359762,0.07468154471817909,0.0746815447181787,0.07552179612139921,0.0603972708634419,0.03687023157328635,-0.003461835781266032,-0.05303666857123653,-0.11857627802238452,-0.23453097166672213,-0.4555170907135415,-0.6697811985346017,-0.8832050549524417,-1.0,-0.9437031559842711,-0.7689308641145435,-0.5697912815514411,-0.3840957214398548,-0.21856619500554544,-0.0916882331193492,0.009141935267031501,0.07132053910529972,0.11837461768561121,0.14442241118542656,0.16122743924982338,0.18475447853997953,0.2234060430880924,0.24945383658790754,0.27130037307162397,0.27382112728128305,0.24945383658790773,0.257016099216886,0.24945383658790773,0.23516956273317036,0.2326488085235111,0.24945383658790754,0.2729808758780631,0.2771821328941626,0.26541861324908483,0.25365509360400684,0.25029408799112746,0.24441232816858852,0.2603771048297654
-0.0006246096189880793,-0.001982456616788521,0.0061646253700131815,-0.004698150612389405,0.019743095348016652,0.05233142329522283,0.07813051625342964,0.08763544523803114,0.08356190424462952,0.08627759824023071,0.07948836325122914,0.10121391521603494,0.19626320506205447,0.2872389539146727,0.37685685576949235,0.5072101675583196,0.5465877304945279,0.3564891508024883,-0.16085055535942253,-0.7406512234201447,-1.0,-0.8465632892485668,-0.5179643157808986,-0.25182630421204355,-0.12147299242321506,-0.05629633652880082,0.010238166363414191,0.06183635227982593,0.12293946718083916,0.18404258208185179,0.24921923797626508,0.20033674605545582,0.14330717214784358,0.08084621024902958,0.008880319365614382,-0.037286478559596214,-0.03457078456399564,-0.02913939657279451,-0.03728647855959653,-0.061727724520001956,-0.0454335605463976,-0.01963446758819237,-0.010129538603589908,0.002091084376612172,-0.0033403036145886467,-0.0019824566167894703,0.01566955435461406,0.011596013361214949,0.011596013361213367,0.015669554354613743
0.15790759645412253,0.16363414243065136,0.16516122135772562,0.15943467538119688,0.15294458994113097,0.1434003466469163,0.1365284914750816,0.1285113271079412,0.12087593247256949,0.10522337347005761,0.08880727500400824,0.06971878841557907,0.03192358497048893,-0.021142407745344444,-0.08031671616947508,-0.1646878268903326,-0.30021608166818103,-0.5086623552138292,-0.7281799509807664,-0.9160106590109107,-1.0,-0.9412074613076375,-0.7770464766471455,-0.5762355977368687,-0.38306011346196445,-0.22653452343684366,-0.10665882766150749,-0.009689315792286803,0.06551932136612433,0.12393009032671834,0.16936068840718008,0.198375188021593,0.2167001351464851,0.22395376005008832,0.23082561522192285,0.23311623361253409,0.23846100985729465,0.23731570066198895,0.233498003344303,0.23960631905260044,0.24876879261504686,0.2514411807374266,0.2571677267139553,0.2640395818857898,0.26365781215402145,0.26403958188578996,0.2701478975940875,0.2838916079377563,0.295726469622583,0.3060342523803346
0.03757258155821898,0.01412004464069101,0.027868083523379855,0.07072961651058605,0.0416161224060687,0.022207126336390652,0.011693920131981327,0.028676791692949687,0.020589709997249107,0.006032962944991369,0.011693920131980574,0.0019894220971410775,0.022207126336389334,0.07639057369757582,0.16534847235026792,0.2882721141248979,0.42817862746049545,0.3400294369773733,-0.16217833632555484,-0.7630485063160115,-1.0,-0.8220842026946157,-0.4905138531709454,-0.21555307551716982,-0.06432464780759271,0.011693920131981327,0.03352904071036943,0.04404224691477819,0.048894495932197746,0.056172869458327564,0.06749478383230596,0.07962540637585534,0.09984311061510379,0.10712148414123285,0.11601727400650176,0.12733918838048128,0.12572177204134144,0.11763469034564236,0.13461756190661184,0.11763469034564199,0.11601727400650251,0.06668607566273632,0.05132062044090819,0.056172869458327376,0.04080741423649906,0.035955165219078364,0.040807414236498106,0.0505119122713378,0.07072961651058624,0.08609507173241496
0.22021040578258214,0.1593788019752383,0.22199957060044578,0.18621627424318457,0.12359550561797836,0.06813139626422253,0.032348099906962614,0.09496886853216883,0.06455306662849858,0.04308308881414238,0.043083088814140726,0.04308308881414112,0.04487225363200519,0.003721462821154345,-0.03564016317183203,-0.08394761325413497,-0.1608817004222441,-0.3451656766621355,-0.6063837400701372,-0.8729692979317261,-1.0,-0.9015959350175331,-0.6779503327846566,-0.4417805768267392,-0.27359908394761434,-0.12152007442925811,-0.021326844628927907,0.04666141844986799,0.11107135189293703,0.1719029557002796,0.1933729335146358,0.2398912187790755,0.268517855864885,0.25778286695770525,0.2112645816932668,0.18800543906104697,0.19874042796822505,0.19158376869677343,0.1826379446074581,0.1844271094253201,0.20231875760395027,0.20589708723967756,0.19337293351463414,0.17011379088241638,0.16832462606455356,0.17369212051814198,0.15580047233951141,0.12896300007156677,0.15758963715737465,0.19158376869677132
0.190101709132851,0.15340253748558128,0.17175212330921708,0.0800041941910437,0.017091328510011987,0.03019817552689391,0.048547761350529066,0.06689734717416239,0.0773828247876689,0.040683653140399796,0.0013631120897546728,-0.045821537171019694,-0.134948096885814,-0.2031037013736008,-0.2371815036174908,-0.27388067526475934,-0.3839781902065678,-0.4914543357449955,-0.6566006081577034,-0.8584460522176799,-1.0,-0.9187375484953355,-0.7431057984691217,-0.588445003669919,-0.45999790290447967,-0.3499003879626723,-0.22407465660060952,-0.11659851106218068,-0.027471951347384567,0.014469959106635972,0.05903323896403375,0.12194610464506543,0.192723078536227,0.24252909720037802,0.2923351158645284,0.32903428751179814,0.3395197651253034,0.3447625039320561,0.33427702631855144,0.36573345915906663,0.41291810841983984,0.4050540002097124,0.41029673901646563,0.42340358603334816,0.46796686589074465,0.4574813882772382,0.407675369613089,0.40243263080633573,0.4129181084198416,0.3998112614029597
0.17329328970370633,0.11950333945941051,0.044421533910081315,-0.020574655968443857,0.0029584472634351703,0.016405934824509402,0.011923438970818339,0.011923438970818339,0.01528531086108643,0.03433591823927546,0.026491550495314993,0.01976780671477777,0.006320319153704057,-0.027298399748980563,-0.07772647810300858,-0.14720516383522428,-0.2469406965798568,-0.39598368371509274,-0.6066609888385848,-0.8431126451208024,-1.0,-0.9249181944506703,-0.7467389842664384,-0.5741628938993226,-0.3903805638979793,-0.23125196109193583,-0.12591330853018956,-0.035142767492940236,0.050024653727194814,0.10941772378860519,0.17217266574028445,0.22260074409431244,0.26630507866780295,0.2954413017167965,0.288717557936259,0.326818772692636,0.3548343717782066,0.33914563629028727,0.33802501232686427,0.331301268546327,0.3234569008023674,0.3234569008023674,0.3346631404365956,0.28871755793625975,0.24165135147249986,0.22484199202115757,0.23941010354565342,0.2719081984849167,0.28647631000941387,0.28199381415572256
0.07320304736667722,0.05167273931765524,-0.0013249420337854139,-0.05597880092745993,-0.06674395495197122,-0.05515071215634339,-0.0278237827095067,-0.02699569393839073,-0.05846306724080919,-0.06343159986750656,-0.040245114276250896,-0.023683338853925692,-0.050182179529646015,-0.06591586618085525,-0.0899304405432269,-0.11394501490559833,-0.17108314011262135,-0.3309042729380589,-0.608314011262006,-0.8790990394170253,-1.0,-0.8526001987413043,-0.5486916197416358,-0.24892348459754926,-0.015402451142762896,0.12454455117588613,0.2098376946008614,0.2545544882411398,0.2843656840013246,0.3199735011593245,0.3448161642928125,0.2976151043391859,0.27525670751904585,0.2545544882411398,0.230539913878768,0.21232196091421066,0.2081815170586287,0.19824445180523434,0.16760516727393185,0.14027823782709517,0.16098045710500158,0.17754223252732698,0.17340178867174577,0.17174561112951325,0.1477310367671416,0.1444186816826762,0.17340178867174577,0.21646240476979187,0.20900960582974523,0.1725736999006298
0.1478018053120336,0.18676537437495888,0.22735242548217557,0.1607896616663419,0.11208520033768475,0.07799207740762316,0.07474511331904599,0.06825118514189166,0.06500422105331487,0.04714591856614024,0.029287616078965625,0.01954672381323336,-0.009675952983962293,-0.04052211182544483,-0.1022144295084114,-0.16877719332424282,-0.2710565621144242,-0.47399181765049786,-0.7061497499837646,-0.9074615234755498,-1.0,-0.8944736671212414,-0.6769270731865707,-0.4593804792519004,-0.26780959802584736,-0.09734398337554587,0.0016884213260587476,0.05851029287616015,0.13156698486914703,0.191635820507826,0.22410546139359877,0.23871679979219548,0.22248197934930927,0.2403402818364835,0.20137671277355748,0.19488278459640274,0.17377751802065022,0.1981297486849799,0.2370933177479071,0.2728099227222552,0.25008117410221536,0.21761153321644333,0.22410546139359766,0.2289759075264636,0.2078706409507118,0.20624715890642378,0.23059938957075202,0.23546983570361793,0.2419637638807723,0.22897590752646435
-0.04792528799910565,0.014987137904037431,0.023375461357789125,-0.022760317637848283,-0.0017895090034666086,0.041550162174253676,0.11704507325802545,0.15059836707303417,0.16597696007158125,0.20092830779554954,0.2554524102449393,0.2890057040599503,0.3281512135107939,0.38686947768706004,0.4274130410468631,0.43859747231853236,0.40224807068560614,0.11984118107594223,-0.41281735823733473,-0.8546023934682914,-1.0,-0.8392238004697452,-0.5288558326809091,-0.24225478134436942,-0.08567274354099168,-0.005983670730344246,0.040152108265294785,0.05273459344592314,0.08209372553405718,0.1030645341684382,0.08069567162509796,0.06391902471759327,0.06112291689967581,0.035957946538419105,0.054132647354881706,0.02896767699362467,-0.004585616821385359,-0.01437199418409594,0.023375461357789125,0.05133653953696523,0.038754054356335575,0.0038027066323676364,-0.00039145509450902384,0.016385191812996316,0.020579353539872655,0.01638519181299534,-0.004585616821384708,-0.014371994184095615,-0.03254669500056049,-0.022760317637848613
0.2125072468190276,0.2064046623745153,0.19915784334665718,0.19419949348549093,0.18199432459646647,0.1636865712629298,0.1442345833460472,0.11524730723461367,0.09083696945656476,0.06337533945625948,0.03858359015042806,0.013410429316815024,-0.0007017972111196275,-0.027019192628078652,-0.07011869526744596,-0.13534006651817032,-0.25434046318615877,-0.4488603423549873,-0.7032618313855917,-0.9195221676379943,-1.0,-0.9168522869435207,-0.7505568608305615,-0.556036981661734,-0.36990815610411004,-0.21162237207457374,-0.08613797943429091,0.010740548622340883,0.08282732737314251,0.14080187959600912,0.1739846825130445,0.18885973209654316,0.2029719586244776,0.21632136209684813,0.22356818112470653,0.2193726543191044,0.22166112348579667,0.22318676959692457,0.22738229640252666,0.22890794251365473,0.230815000152565,0.22890794251365473,0.24035028834711542,0.24797851890275543,0.25217404570835766,0.25293686876392174,0.2540811033472677,0.25713239556952366,0.2533182802917036,0.24835993043053767
0.1058468827393135,0.027242381824054702,0.0756972111553783,0.1133843006352975,0.11446107462043713,0.14138042424894964,0.1726068698180255,0.1898352535802745,0.20167976741681978,0.2221384731344897,0.21567782922364614,0.22859911704533237,0.2781307203617963,0.30828039194573126,0.31043393991601276,0.2845913642726394,0.17153009583288437,-0.07074405082373214,-0.47022719931086543,-0.8481748680951869,-1.0,-0.8503284160654674,-0.6123613653494138,-0.42284914396468254,-0.3151717454506307,-0.28502207386669576,-0.2537956282976214,-0.17842144933778398,-0.08581888661569986,-0.043824701195219105,-0.04059437923979768,-0.007214385700441807,0.05846882739313029,0.10153978679875067,0.09077204694734502,0.12092171853128048,0.15645526004091712,0.17583719177344642,0.14999461613007475,0.12199849251642113,0.0940023689027672,0.088618498977064,0.11446107462043738,0.1230752665015615,0.1295359104124041,0.13168945838268536,0.1618391299666201,0.16614622590718264,0.17799073974372845,0.15968558199633903
0.09283375218947464,0.1639123702180585,0.16391237021805966,0.19945167923235144,0.18802832990632865,0.20199020130480028,0.18548980783387953,0.1461427157109129,0.11568045084152023,0.08014114182722727,0.03317848348691329,0.00398547965374461,-0.00870713070850305,-0.03916939557789511,-0.08486279288198631,-0.13563323433097368,-0.22194298479425426,-0.39329322468459,-0.614144644987689,-0.8565735029066067,-1.0,-0.9225750767902927,-0.7461477927550587,-0.5633742035387016,-0.3907547026121406,-0.22321224583047855,-0.10390170842535645,-0.02774604625187468,0.034447744523137855,0.07125631457365389,0.13852714949356465,0.1778742416165316,0.21595207270327366,0.23879877135531866,0.23372172721041898,0.21595207270327277,0.2235676389206216,0.21468281166704847,0.2197598558119473,0.2286446830655201,0.226106160993071,0.25022212068134,0.25656842586246426,0.22864468306551952,0.2235676389206219,0.2578376868986888,0.26799177518848616,0.25910694793491396,0.26545325311603735,0.30860812834767765
-0.11940379305989143,-0.1491780500568414,-0.14466679899669754,-0.14917805005684204,-0.14917805005684245,-0.16271180323727408,-0.17263655556959054,-0.15098255048089962,-0.15278705090495723,-0.16812530450944665,-0.18256130790190783,-0.2087265640507428,-0.2231625674432031,-0.25293682444015414,-0.32511684140245767,-0.42616886514968294,-0.5344388905931383,-0.6517314181568818,-0.7906779508093184,-0.9260154826136389,-1.0,-0.9196997311294361,-0.7239114351191874,-0.5434613927134269,-0.42887561578576955,-0.34857534691520614,-0.2547413248642117,-0.12571954454409268,0.011422487684284803,0.1846545283938148,0.3623978201634882,0.47247234603100163,0.5157803562083835,0.5347276106609884,0.5726221195661981,0.6069076276232918,0.616832379955609,0.5969828752909747,0.5726221195661977,0.5717198693541692,0.5825468718985145,0.5617951170218523,0.5184871068444695,0.48690834942346195,0.4652543443347714,0.43999133839796495,0.4354800873378208,0.44811159030622355,0.41833733330927275,0.4093148311889852
0.017191977077363835,0.023704089606668314,0.04714769471216475,0.058869497264912654,0.07580098984110446,0.08231310237040894,0.04584527220630415,0.023052878353738246,0.04845011721802594,0.06603282104714796,0.07189372232352192,0.10250065121125304,0.14743422766345418,0.21320656420942918,0.32195884344881454,0.4789007554050529,0.6117478510028647,0.4515498827819742,-0.13193539984370928,-0.7584006251628025,-1.0,-0.8326387079968739,-0.5207085178431875,-0.2517582703829117,-0.09156030216202211,-0.026439176868976105,-0.0010419380046887072,-0.011461318051575874,-0.033602500651211405,-0.013414951810367596,0.026308934618390407,0.06798645480593922,0.07319614482938282,0.05496222974732997,0.04128679343579049,0.04063558218286041,0.030867413388902865,0.027611357124251158,0.04649648345923407,0.05040375097681676,0.056264652253191015,0.07319614482938236,0.06668403230007833,0.038681948424068545,0.00026048450117203693,0.0119822870539201,0.03933315967699922,0.028913779630111897,0.007423808283407041,0.002865329512893981
0.12559845166547814,0.08994601201996527,0.07364775389630183,0.07975960069267544,0.051237648976265,0.009473362534378504,-0.02108587144749007,-0.00682489558928473,-0.02312315371294771,-0.026179077111133917,-0.07099928695120687,-0.12804319038402776,-0.20138535194051094,-0.29306305388611587,-0.39900173168992525,-0.4825303045736983,-0.5691148008556582,-0.6719975552612821,-0.788122644392381,-0.9174900682489558,-1.0,-0.9551797901599272,-0.8482224712233889,-0.6933890190485903,-0.5660588774574715,-0.43669145360089623,-0.3083426708770498,-0.20240399307324047,-0.11276357339309433,-0.019048589182031502,0.08383416522359097,0.17143730263828066,0.2305184883365594,0.2865437506366515,0.34664357746765884,0.4006315575022931,0.43832127941326354,0.4586941020678421,0.5167566466333918,0.5595395742080069,0.5768564734643988,0.5707446266680251,0.5534277274116333,0.5697259855352962,0.5768564734643992,0.586024243658959,0.5931547315880616,0.5951920138535193,0.594173372720791,0.6023225017826225
0.04364724303769233,0.05762778212727909,0.03805502740185629,0.0415501621742527,0.06741415948999066,0.086986914215412,0.09887037244156156,0.1023655072139578,0.13452074712000978,0.16667598702605999,0.18974387652387856,0.2163069007940948,0.2708310032434861,0.32185997092047897,0.3826753159601837,0.4085393132759201,0.33024829437423114,0.042249189128733114,-0.4128173582373343,-0.8322335309249524,-1.0,-0.8014763449278605,-0.5113801588189246,-0.2855944525220903,-0.16815792416955705,-0.0982552287216203,-0.06470193490661107,0.0038027066323676065,0.04993848562800586,0.0772005368527019,0.09537523766916467,0.07300637512582474,0.03455989262945972,0.020579353539872145,0.03316183872050067,0.044346269992170964,0.05622972821832004,0.03595794653841877,0.03176378481154275,0.07021026730790729,0.10586064198635535,0.1058606419863552,0.09048204898780887,0.07440442903478363,0.06391902471759377,0.049239458673526255,0.03665697349289806,0.01638519181299646,-0.0017895090034671325,0.007297841404764174
0.037775891341256335,0.055360174630123875,0.04292990540868304,0.038988600533592356,0.01928207615813706,0.033228231869997515,0.06991268493815203,0.09265098229444621,0.11508610235265612,0.13206403104535555,0.15480232840164954,0.19239631336405577,0.25576036866359486,0.3297356293960708,0.4303904923599319,0.5034562211981558,0.45373514431239353,0.19088042687363616,-0.27328401649284506,-0.7717074945428086,-1.0,-0.8726655348047541,-0.5907106475867084,-0.33088770312878985,-0.1526194518554455,-0.05984719864176609,-0.039837496968227554,-0.03953431967014359,-0.023465922871695674,0.0007882609750180069,0.0029105020616053295,0.015037593984962135,0.03140916808149408,0.05354111084162009,0.05778559301479523,0.055056997332040065,0.0559665292262915,0.04505214649527037,0.03747271404317266,0.048690274072277814,0.05687606112054329,0.05657288382245962,0.05263157894736829,0.05626970652437539,0.0690031530439005,0.07658258549599781,0.06597138006306084,0.05232840164928462,0.048993451370361554,0.06718408925539673
0.07523481230827625,0.03412289301413534,0.010404478036747166,-0.008570253945162781,-0.013313936940641372,-0.04810094557414467,-0.04177603491350777,-0.038613579583189686,-0.022801302931596348,-0.05284462856962252,-0.08605040953796714,-0.09395654786376234,-0.030707441257392654,0.02779798235349955,0.019891844027702877,-0.04493849024382659,-0.18883020777331647,-0.4007147149046517,-0.6284114986875814,-0.8798266974478983,-1.0,-0.909870023085923,-0.7580721672306374,-0.617342905031467,-0.4908446918187284,-0.38332121058790114,-0.26947281869643597,-0.13823092248822022,-0.021220075266437675,0.09737199962050538,0.19224565953005918,0.23968248948483664,0.2776319534486584,0.3045128237563646,0.36934315802789297,0.3898991176749638,0.38357420701432726,0.40729262199171506,0.40096771133107856,0.38199297934916787,0.38989911767496344,0.38357420701432654,0.3788305240188491,0.3503684260459834,0.3313936940640716,0.34720597071566345,0.36618070269757375,0.36459947503241624,0.3361373770595498,0.3076752790866838
0.10567383347420245,0.10639934123894937,0.10277180241521504,0.09950701747385435,0.0960608555913067,0.08572236994366407,0.07629076900195486,0.06976119911923334,0.06377576006007164,0.05198625888293536,0.04636357370614746,0.03602508805850484,0.015166739822032847,-0.02364792559192372,-0.06699701453554797,-0.12775828983309667,-0.22733423054460247,-0.38930383902433685,-0.6296282860967318,-0.8830118729345702,-1.0,-0.9074977599947762,-0.679506944923078,-0.4322901740855879,-0.2385796008981788,-0.10218414112577014,-0.006235739237999293,0.05343727441242906,0.09769324806198713,0.13015972053440888,0.15682213088885588,0.17495982500752733,0.1849355567727965,0.1949112885380658,0.20361738171502802,0.20760767442113576,0.21105383630368316,0.2204854372453923,0.23154943065778186,0.2407996546583041,0.24587820901153207,0.24678509371746568,0.2444271934820383,0.24406443959966492,0.2431575548937313,0.24007414689355736,0.24043690077593052,0.2447899473644119,0.24714784759983904,0.2536774174825606
0.03553665666881777,0.04075705227988906,0.04265537795664259,0.03316374957287657,0.0360112380880061,0.015604237062910158,-0.009073996734880302,-0.005277345381374221,0.019875469835604787,0.06638444891605606,0.09818140400167025,0.10862219522381293,0.1408937317286158,0.19784350203120885,0.28706480883860447,0.3952693724135311,0.42849007175671033,0.24340331827328293,-0.26439880025817214,-0.7812179657542041,-1.0,-0.8448118759254336,-0.5073844868825688,-0.21694065833934512,-0.05937962716883799,0.008960097194274435,0.03506207524962977,0.038858726603135746,0.06163863472417322,0.07872356581495119,0.09770682258248257,0.10909677664300059,0.1048255438703064,0.08584228710277558,0.07729982155738664,0.061638634724173545,0.05689282053229026,0.05357075059797228,0.061164053304985436,0.05641823911310248,0.05167242492121919,0.047875773567713435,0.05214700634040762,0.07635065871901009,0.07018110026956259,0.041231633699077494,0.03268916815368868,0.03458749383044134,0.04835035498690155,0.05594365769391404
0.21816037735849156,0.16509433962264033,0.1132075471698106,0.12499999999999951,0.10966981132075497,0.08372641509433941,0.08490566037735786,0.11438679245283043,0.10731132075471615,0.09669811320754595,0.09905660377358533,0.10023584905660406,0.07665094339622679,0.029481132075471397,-0.020047169811320896,-0.05660377358490637,-0.1568396226415105,-0.3325471698113211,-0.5860849056603764,-0.8419811320754703,-1.0,-0.9139150943396214,-0.7040094339622636,-0.4740566037735842,-0.2983490566037731,-0.14386792452830202,-0.03066037735849081,0.0341981132075463,0.10141509433962334,0.18160377358490581,0.24056603773584903,0.24056603773584984,0.22287735849056647,0.20990566037735828,0.22051886792452985,0.19811320754716963,0.18278301886792508,0.16863207547169817,0.15330188679245335,0.1132075471698117,0.06957547169811194,0.09433962264150905,0.1438679245283016,0.16509433962264172,0.16745283018867946,0.17806603773584936,0.19811320754717074,0.22051886792452902,0.24056603773584875,0.2900943396226413
-0.02186952108517053,-0.02802128510350313,-0.026483344098920603,-0.04955245916766704,-0.06031804619974828,-0.034173049121837516,-0.00802805204392353,-0.0003383470210080511,-0.0003383470210076963,-0.00033834702100841107,0.033496355079818546,0.08271046722647753,0.1749869275014615,0.26572544677186216,0.3703054350835113,0.4810371874134916,0.5225615945372352,0.2995601488726906,-0.1925809725938928,-0.7893020823721203,-1.0,-0.7877641413675375,-0.4647965304050946,-0.2248777336901369,-0.08953892528682658,-0.032635108117253564,0.015041063024821829,0.08271046722647717,0.08732429024022724,0.09808987727230813,0.07194488019439449,0.06271723416689721,0.06579311617606405,0.08732429024022653,0.09347605425855912,0.08117252622189393,0.08886223124481013,0.07809664421272854,0.09347605425855912,0.11039340530897296,0.1519178124327161,0.14269016640521667,0.07194488019439628,0.022730768047736948,0.03964811909815043,0.04272400110731762,0.027344591061485592,-0.00802805204392353,-0.02494540309433701,-0.0018762880255905772
0.13816241052292366,0.15006934035608643,0.15497219381680064,0.12905711123874036,0.12065221959180186,0.1220530348662921,0.10244162102343497,0.07932816899435403,0.04640901004384468,-0.02573297659237729,-0.08736884866992606,-0.1335957527280881,-0.19242999425665702,-0.25476627397145113,-0.30659643912757145,-0.39694902433216106,-0.506913023379607,-0.6126745766035843,-0.736646728395927,-0.8900360009525544,-1.0,-0.9334612744617373,-0.7982826004734762,-0.6988247159847031,-0.5860590863882778,-0.49780772409542334,-0.4221636992729773,-0.3647302730188971,-0.27717931836328763,-0.16301287349237284,-0.06005295081737587,0.031000042024457792,0.11084651267037379,0.20960398952190232,0.30485942818720485,0.36019163152955086,0.3952120133917947,0.4330340258030179,0.47435807640046557,0.512180088811689,0.5535041394091365,0.5815204448989314,0.5906257441831151,0.5948281900065842,0.6004314511045438,0.619342457310155,0.6452575398882149,0.6564640620841334,0.6193424573101551,0.6095367503887265
-0.008521796132416307,0.007866273352998589,-0.007156123675297629,0.009231945810115992,0.0024035835245276986,0.024254342838413483,0.020157325467059364,0.026985687752649243,0.03654539495247489,0.024254342838413163,0.040642412323828696,0.06385884409483251,0.10073200043701515,0.15262755380749593,0.20452310717797573,0.2946574893477556,0.38888888888888956,0.3397246804326458,-0.09592483338796072,-0.7282311810335406,-1.0,-0.7801267344040209,-0.3977384464110142,-0.16011143887250193,-0.057686004588660036,-0.02217852070359544,0.03108270512400241,0.08570960340871926,0.11712006992243036,0.1526275538074956,0.1471648639790244,0.11302305255107688,0.09663498306566198,0.08434393095160089,0.04064241232382838,0.011963290724352392,0.026985687752649243,0.0215229979241774,0.04337375723806414,0.06795586146618632,0.07614989620889362,0.06795586146618504,0.04337375723806382,0.05839615426636099,0.07205287883754012,0.05976182672347903,0.03108270512400273,0.01059761826723467,0.020157325467059364,0.04064241232382742
0.039915801379223924,0.0658351529241742,-0.005639422548265143,-0.0032831178623612066,-0.0017122480717577865,0.002214926404749935,0.023421668577891235,0.06033710865706397,0.06662058781947545,0.043842975855731284,0.05012645501814349,0.0839001555161103,0.09253993936442646,0.11060494195636149,0.20878430386905325,0.34623541054682117,0.4506982516219246,0.3682275876152637,-0.10067704487974953,-0.7258832215397669,-1.0,-0.7957869272216027,-0.4486247034983272,-0.19257292763003003,-0.037842253255629094,0.050126455018143674,0.07761667635369718,0.06347884823826971,0.066620587819476,0.0776166763536968,0.06740602271477689,0.035203192007414036,0.04934102012284187,0.05483906438995284,0.051697324808746545,0.024207103473193214,0.0077129706718603456,0.01478188472957417,0.050126455018143674,0.0815438508302049,0.07683124145839555,0.06662058781947564,0.046984715436937385,0.056409934180555885,0.041486671169826066,0.03834493158862014,0.044628410751032535,0.04305754096043021,0.050126455018143126,0.061907978447666476
0.13630677781224623,0.18083839526063517,0.18884407929630034,0.19735011858419466,0.1788369742517185,0.16082418517147148,0.14281139609122445,0.127300383272123,0.14181068558676652,0.140309619830079,0.11729327822754058,0.08627125258933815,0.04574247715878208,-0.009296600586416327,-0.0738424281239684,-0.14539322919272668,-0.2549710294308954,-0.45010957780023697,-0.6912808093746556,-0.906433567833162,-1.0,-0.9024307258153295,-0.7042900459326122,-0.49814368201422893,-0.34153248806652653,-0.21294118824365285,-0.11987511132904381,-0.059832481061554144,0.0012108597103943082,0.0712605950224655,0.12179647549760304,0.14481281710014077,0.16832951395490753,0.18283981626955112,0.19684976333196574,0.2208668154389619,0.24088102552812554,0.24338280178927055,0.2503877753204777,0.25539132784276847,0.27190305116632857,0.27040198540964117,0.2603948803650593,0.25839345935614305,0.2433828017892707,0.2183650391778164,0.2068568683765475,0.20485544736763117,0.23187463098800126,0.26139559086951747
0.1255835899473529,0.11378762292639331,0.10261249627495783,0.09950829442733697,0.1125459421873448,0.1181335055130624,0.12310022846925589,0.1504172047283206,0.18456342505215148,0.2385765372007554,0.3168024237608028,0.3900615873646571,0.4509039435780267,0.504296215357107,0.5198172245952117,0.4310370517532535,0.17897586172643287,-0.2152577729214265,-0.6156998112645281,-0.8907320949637432,-1.0,-0.9385368034171058,-0.8100228469255989,-0.6957882189331481,-0.5827952716797452,-0.4598688785139563,-0.352463494586272,-0.27547928876527294,-0.21277441144333017,-0.15503625707758087,-0.10412734677659748,-0.043905830932751265,0.006382238998707835,0.056670308930167515,0.10137081553590874,0.11999602662163489,0.12806695142544938,0.14110459918545717,0.16035065064070772,0.17276745803119145,0.18518426542167502,0.19822191318168297,0.21436376278931196,0.21995132611502968,0.22181384722360237,0.22119300685407836,0.23485149498361013,0.25285586569981217,0.26651435382934396,0.29010628787126275
0.04083130965154993,0.05890325859829434,0.06285649743039468,0.06511549104873783,0.0656802394533234,0.048173038911164937,0.026147851132320318,0.03913706443779273,0.04704354210199303,0.03687807081944985,0.02275936070480553,0.013723386231433722,0.006946405376404407,-0.01564353080702577,-0.06364714519681496,-0.16134861919015067,-0.3155249336420616,-0.5205286045066915,-0.7402157338905505,-0.9226294685717495,-1.0,-0.9192409781442353,-0.6696221833173311,-0.3234314113062632,0.0018636697351330793,0.23228101880612165,0.3604789066470885,0.4073530242277061,0.42881346360196476,0.42711921838820766,0.3915400688993044,0.35144293217371597,0.32941774439487154,0.3006155757609979,0.2684249166996101,0.23905799966115096,0.2170328118823065,0.18766589484384738,0.1407917772632292,0.1046478793697409,0.08431693680465387,0.07923420116338188,0.07923420116338176,0.08205794318631073,0.07641045914045318,0.07415146552211002,0.08318743999548196,0.07245722030835244,0.05212627774326541,0.04591404529282218
0.02930750812611189,0.035995666073650116,0.051712837250364456,0.035995666073649644,0.030310731818242953,0.03800211345791169,0.04268382402118764,0.0473655345844646,0.04703112668708758,0.04803435037921864,0.072111718990356,0.10655573242017724,0.1503631669765521,0.21323185168340986,0.3302746157653258,0.4978129723511546,0.5767332361321044,0.3199079709466421,-0.26664348105244906,-0.8090530905977886,-1.0,-0.8521917093594081,-0.5799836808946082,-0.3258336788881612,-0.1656522960446241,-0.07134926898433724,-0.017509597506654897,0.0028892842333363283,0.015931192231035757,0.034658034484142584,0.05739777150577216,0.07311494268248658,0.08080632432215541,0.08682566647493967,0.07980310063002488,0.06241388996642584,0.0587354030952797,0.07244612688773279,0.07211171899035593,0.0647547452480642,0.06107625837691791,0.05840099519790284,0.050709613558233786,0.05906981099265618,0.06743000842707919,0.06776441632445543,0.05639454781364088,0.061076258376917755,0.08615685068018593,0.08481921909067824
0.11438532414709046,0.08118203702166471,0.1538142276085332,0.04382833900556081,-0.0018261807918984413,0.0043994355441195196,0.03760272266954429,0.08325724246700547,0.06873080434963072,0.01477546277081515,-0.03295426247198535,-0.06615754959741156,-0.09313522038681983,-0.1097368639495315,-0.12841371295758347,-0.1616170000830102,-0.21142193077114754,-0.30688138125674663,-0.4915746658919245,-0.782103428239395,-1.0,-0.8651116460529596,-0.5974101436042186,-0.35046069560886656,-0.18651946542707862,-0.14086494562961793,-0.08483439860546306,0.0023242300987792344,0.08325724246700596,0.14966381671785503,0.1932431310699774,0.21191998007802787,0.228521623640741,0.2513488835394711,0.2658753216568439,0.3385075122437124,0.3592595666971042,0.3613347721424426,0.3530339503610867,0.29492819789159347,0.2430480617581148,0.1828671038432803,0.1475886112725157,0.17041587117124773,0.20361915829667204,0.1932431310699774,0.16626546028056818,0.1807918983979424,0.21191998007802837,0.2160703909687065
-0.05699746136993278,-0.07670372216490658,-0.06163422861580934,-0.05641786546419833,-0.050621906406852726,-0.05989544089860557,-0.06395261223874701,-0.047723926878180334,-0.0372912005749587,-0.04656473506671115,-0.0332340292348174,-0.008891001193966894,0.02298677362143122,0.08152596010061791,0.14006514657980434,0.1423835302027427,0.03631747945332498,-0.2053740132379704,-0.5467560017156039,-0.8614765785294491,-1.0,-0.9263913199717153,-0.7554105277800319,-0.5641438788876395,-0.40127742937623834,-0.2702887546802369,-0.164802299836554,-0.06743018767315427,0.00791728007233357,0.05776252796550267,0.10123222089559146,0.13948555067407017,0.1812164558869553,0.21831059385396476,0.24729038914069087,0.26178028678405435,0.2855437189191693,0.30756836333708115,0.31742149373456824,0.33191139137793113,0.3446625013040907,0.3579932071359845,0.3707443170621442,0.3690055293449405,0.3603115907589227,0.35277684398437403,0.3521972480786393,0.35161765217290497,0.3272746241320547,0.29597644522239025
-0.09729921162847982,-0.09652931756590293,-0.08344111850209399,-0.07343249568859314,-0.07920670115792058,-0.09190995319044093,-0.09306479428430645,-0.09383468834688362,-0.09037016506528685,-0.07843680709534334,-0.05880450849963022,-0.03532273959103227,0.008561221975856688,0.06784306479428476,0.09247967479674815,0.03781719635378173,-0.12001108647450105,-0.3825449618132545,-0.6893477457501846,-0.9241654348361666,-1.0,-0.8929847253017984,-0.6858832224685882,-0.47570214338506994,-0.3124846021187483,-0.17698324710519833,-0.06457871396895767,0.016645109632914646,0.07746674057649669,0.13674858339492485,0.18794653855629467,0.2195121951219511,0.2510778516876077,0.27956393200295615,0.3034306479428431,0.3153640059127863,0.3219081054446908,0.32768231091401817,0.34385008622813473,0.35770817935452054,0.3557834441980785,0.35347376201034736,0.3550135501355013,0.3700264843557526,0.37041143138704097,0.3553984971667898,0.32999199310174904,0.3099747474747473,0.2888026607538802,0.2618563685636852
-0.024071084922663133,-0.00683267775148525,-0.006049113789159008,-0.004481985864506705,0.0013947438529400688,0.015890677155976238,0.022942752816912246,0.03234552036482725,0.039789378006926876,0.052326401404146655,0.07465797433044508,0.10325805895535342,0.14517873093980743,0.23137076679569432,0.3434204134083476,0.4915140022880076,0.5730046543699366,0.36536020435348154,-0.1894030809735009,-0.7453417122439709,-1.0,-0.8965695569729357,-0.6481797809155166,-0.4205544498597434,-0.25169641597843756,-0.16001943238626717,-0.10007678926830922,-0.041309492093840196,0.009230383476202588,0.058594913102756954,0.10012380310604782,0.12989923367444503,0.16868564980959472,0.19023365877356654,0.19415147858519777,0.18278980113146748,0.17456237952704123,0.15614862641237448,0.1459622949021336,0.13577596339189318,0.11932112018304099,0.09111281753929654,0.06917302659416111,0.05036749149833118,0.01784958706179126,0.004528999702245315,-0.00017238407171269067,-0.002131293977528159,-0.0025230759586910524,0.008446819513876982
0.114833641404806,0.13216266173752297,0.11483364140480579,0.1063912981657897,0.09261694867055317,0.09217261481586776,0.0859519408502769,0.06284658040665343,0.06329091426133918,0.059291909569173525,0.06373524811602438,0.048183563202046906,0.03885255225366071,0.017524527228777884,-0.0313521967865782,-0.09178160102374582,-0.17576069955922125,-0.3357208872458406,-0.5823261765960469,-0.8627008389023174,-1.0,-0.8853618654912555,-0.6352019053035688,-0.38770794824399213,-0.20197639698563902,-0.08689392862221006,0.005527513152281683,0.07439926062846526,0.11438930755012079,0.14860301436087014,0.16770937011232742,0.18015071804350907,0.18681572586378525,0.1841497227356749,0.19303639982937632,0.1934807336840611,0.2032560784871327,0.2143644248542585,0.20769941703398306,0.19703540452154183,0.20592208161524272,0.1930363998293762,0.18059505189819466,0.18992606284658056,0.19659107066685622,0.18592705815441543,0.18103938575287948,0.18814872742784056,0.193480733684061,0.19881273994028187
0.01127965772073101,-0.005631373344833616,0.008743003060895913,0.04679282295841627,0.06962271489692723,0.07215936955676232,0.09076150372888316,0.06708606023709252,0.050175029171529266,0.049329477618250586,0.07300492111004003,0.08907040062232596,0.12542911741328913,0.19053658701571152,0.2607173659378026,0.35372803679840475,0.3613380007779087,0.2260497522533964,-0.2034904368119342,-0.7412612246968705,-1.0,-0.8291985862378037,-0.4901324133732444,-0.2263203287504461,-0.06312887896775173,0.017198518593678717,0.05440278693791939,0.07046826645020592,0.07215936955676172,0.0653949571305365,0.07215936955676192,0.07215936955676192,0.08146043664282165,0.061167199364145206,0.06201275091742311,0.038337307425633856,0.04171951363874608,0.025654034126460536,0.04256506519202457,0.06708606023709232,0.08907040062232635,0.07807823042971022,0.06793161179037102,0.059476096257588804,0.02480848257318204,0.03664620431907666,0.024808482573182432,0.04256506519202496,0.0577849931510324,0.08822484906904844
-0.007907876129182603,-0.02883200092354815,-0.0786169875032482,-0.048313082628648564,-0.02594591474501453,-0.043983953360848135,-0.02161678547721494,0.011573205575917983,0.031054287281018562,0.03177580882565096,0.048370804352217425,0.08228231694998492,0.13423186816358418,0.17463707466305015,0.23668792750151574,0.32759964212531495,0.39181505959767937,0.31172616814338155,-0.14716153424341358,-0.7517965886461374,-1.0,-0.8744552512338011,-0.6161505382550733,-0.3686686484458441,-0.18612369765361392,-0.053363733441080724,0.021674507200784468,0.09021905394095069,0.13423186816358335,0.15371294986868378,0.14866229905625095,0.14577621287771766,0.15732055759185096,0.13423186816358368,0.12268752344945072,0.10681404946751766,0.11114317873531758,0.12773817426188355,0.1363964327974837,0.12845969580651725,0.10104187711045108,0.08661144621778451,0.08661144621778434,0.0873329677624174,0.08083927386071743,0.07795318768218348,0.06424427833415147,0.054864498253918724,0.054142976709284155,0.05847210597708441
0.008288898855500368,0.02074716366837767,0.09051344662048806,0.2225710536369834,0.2458264812876872,0.13536319994684462,0.015763857743227715,-0.11131044334811845,-0.18855168518795562,-0.26330127406521614,-0.3197787412169244,-0.3089815783790975,-0.2666234780153166,-0.2093154598760826,-0.17609342037507755,-0.18356837926280392,-0.23174033653926135,-0.34469527084267765,-0.5730967924120863,-0.8480091692829014,-1.0,-0.8588063321207289,-0.4750917758841218,-0.062307935084135034,0.26409860301323945,0.4152588827428116,0.47256690088204506,0.479211308782246,0.4459892692812408,0.39615621002973367,0.31642331522732203,0.26326805202571485,0.23502931844986033,0.21675719672430727,0.20512948289895633,0.1835351572233026,0.18021295327320153,0.1810435042607277,0.20180727894885547,0.1984850749987542,0.17273799438547555,0.144499260809622,0.11542997624624228,0.12207438414644343,0.11709107822129214,0.08636069168286294,0.07556352884503569,0.08386903872028746,0.06393581501968455,0.04566369329413151
0.06795611032292523,0.021098803837092943,0.006130497598562899,0.02435278345416438,-0.009488604563381093,-0.014044176027281502,0.019797211990264123,0.05103541631415196,0.08747998802535507,0.1219721719663148,0.12848013120045795,0.09398794725949824,0.12717853935362974,0.18379778469067665,0.23716305041065247,0.2944330916711133,0.2905283161306273,0.10830545757461417,-0.3095055252573898,-0.7956500800478988,-1.0,-0.8314438558356871,-0.5327285269885064,-0.25874344323107196,-0.08953650314334474,0.002225722058076447,0.016543232373192232,0.008733681292220232,0.019146416066849564,0.041273477462937185,0.0770672532507256,0.11221023311510017,0.13043251897070135,0.12132137604290069,0.10049590649364142,0.0998451105702276,0.10895625349802827,0.09984511057022731,0.08682919210194051,0.08878157987218388,0.0939879472594987,0.09724192687657043,0.09659113095315558,0.10700386572778552,0.13173411081753017,0.1291309271238727,0.0907339676424265,0.0588449673951238,0.03867029376927955,0.019797211990264275
0.09243058197033156,0.05895777862305064,0.13503233168505166,0.004184100418409763,0.06428299733739094,0.08482312666413117,0.10536325599087139,0.1251426397869908,0.12818562190947116,0.14720426017497118,0.16850513503233278,0.1996957017877527,0.2605553442373527,0.3366298972993534,0.45758843666793453,0.5009509319132753,0.42639786991251416,0.059718524153670204,-0.45378470901483403,-0.874476987447699,-1.0,-0.8318752377329779,-0.5306200076074551,-0.2947888931152533,-0.147204260174972,-0.043742868010650804,-0.007227082540890572,0.016356028908330017,0.020920502092050045,0.019399011030810393,0.04450361354127046,0.06808672499049052,0.05439330543933097,0.029288702928870543,0.007227082540890137,-0.0011411182959305322,-0.0026626093571710733,0.007987828071510054,0.02624572080639017,0.024724229745149984,0.026245720806389993,0.04526435907189091,0.07569418029669092,0.07873716241917077,0.08254089007227088,0.06580448839863043,0.055154050969950706,0.0254849752757699,0.017116774438950114,0.04069988588817053
0.0042560898306619,0.022970811071870646,0.025989314497871747,0.02870596758127295,0.018141205590268307,0.010293096682664937,0.021159709016269825,0.048326239850282574,0.07005946451749236,0.08786863473090066,0.11352591385191248,0.1440127984545265,0.2001569621781528,0.27924175193938866,0.3873041745902377,0.5155905701952966,0.5841105979655279,0.38730417459023814,-0.1702134081922185,-0.7648585831144925,-1.0,-0.8620543934317368,-0.5783150713876054,-0.3229496815478884,-0.15119683660841027,-0.05611397868936635,-0.016873434151348024,-0.0038938694195419952,0.007878293941863481,0.022668960729270545,0.043798484711280186,0.06583355972109063,0.08273717890669835,0.07277611760089404,0.06372060732288921,0.06945576383229207,0.057079899785686325,0.04591143710948141,0.04410033505388036,0.03564852546107657,0.035044824775876164,0.03172447100727454,0.01995230764586913,0.03232817169247453,0.03927072957227808,0.032630022035075056,0.0422892329982794,0.05074104259108333,0.04651513779468161,0.03534667511847647
0.03352398141486124,0.038401970707674586,0.05669443055572531,0.045718954646894815,0.027426494798843386,0.023158254167632505,0.032914232753259054,0.0536456872477168,0.05608468189412369,0.04876769795490289,0.034133730076462566,0.0451092059852932,0.040231216692479144,0.012182778258801728,-0.021353398129291642,-0.03598736600773209,-0.07013329105742694,-0.1634248362824847,-0.35854440799502474,-0.718905867001622,-1.0,-0.6542725088718432,0.14998597578078346,0.635345910415727,0.6847355520054633,0.5316886379434399,0.35364202875574846,0.23108254777380893,0.14693723247277582,0.09693784222143643,0.06279191717174189,0.04876769795490388,0.034133730076462566,0.0005975536883694857,-0.035987366007731385,-0.05245057987097741,-0.04330434994695204,-0.034767868684528296,-0.04147510396214721,-0.031109376714919045,-0.023182644114096203,-0.037206863330935605,-0.049401836562969904,-0.05062133388617242,-0.03903610931574017,-0.018304654821282847,-0.006109681589249129,-0.017694906159681525,-0.01525591151327492,-0.006109681589248848
0.03460793804453071,0.06217059266430068,0.08771646767774612,0.07427127030224838,0.019818220931483537,0.027885339356781214,0.029902118963106534,0.05141443476390227,0.055447993976552125,0.05275895450145201,0.03393567817575576,-0.011105733032161027,-0.04202968699580589,-0.02858448962030784,-0.014467032376035461,-0.05883618371517713,-0.14555770678713562,-0.2793374206733363,-0.49580509841884485,-0.7983220393675374,-1.0,-0.7620200064536943,-0.16101968376895884,0.36468753361299394,0.6114069054533725,0.6188017640098962,0.49645046789286934,0.3922501882327642,0.3035118855544809,0.25309239539636513,0.18250510917500384,0.0998171453156935,0.04805313542002751,0.024524040012906468,0.03998601699472968,0.036624717650855246,0.009062063031084812,-0.019172851457459637,-0.013122512638486024,0.01578466171883384,0.013095622243734508,-0.024550930407659086,-0.03530708830805593,-0.042029686995805574,-0.02455093040765861,-0.03329030870173249,-0.0373238679143814,-0.03597934817683135,-0.0171560718511351,0.039986016994729215
-0.001356647573108341,0.017485679831173447,0.023138378052456183,0.07024419656315956,0.041980705456738404,0.015601447090743823,0.01936991257160088,0.01936991257160176,0.05140186915887777,0.053286101899307395,0.047633403678023344,0.013717214350315952,0.036328007235453916,0.13242387699728636,0.30200482363581677,0.5620289418148927,0.7636418450406989,0.5657974072957486,-0.13702140488393133,-0.7851974675911968,-1.0,-0.8643352426891766,-0.6306903828760939,-0.3989297558034379,-0.2651492312330437,-0.18224299065420727,-0.08991558637323058,-0.035272836900814855,-0.031504371419958675,-0.02773590593910249,0.004296050648176593,0.07401266204401617,0.11358154959300455,0.1399608079589987,0.1550346698824252,0.1493819716611407,0.14938197166113978,0.1531504371419973,0.12865541151643062,0.08908652396744178,0.0306753090141703,-0.003240880313536212,0.015601447090746012,0.04574917093759503,0.057054567380162256,0.06835996382273168,0.06270726560144675,0.09097075670786965,0.1060446186312935,0.08343382574615685
0.05094238696076244,0.012659555499616766,0.007939754360571262,0.006890909663006246,0.018428201336227773,0.0341608717997123,0.03992951763632306,0.04569816347293431,0.06038198923885333,0.099713665397565,0.14009418625384193,0.18781661999307814,0.25127172419579824,0.3367525670473966,0.38237731139150155,0.3299350765132206,0.09079848546825639,-0.28993213974806753,-0.6706627649643909,-0.9160924241947495,-1.0,-0.891444573801957,-0.6512591380594269,-0.3969142988997613,-0.1944872722695958,-0.04974670400553869,0.03992951763632343,0.08712752902677712,0.12331267109279166,0.15897339081002285,0.18362124120281575,0.2025004457589969,0.2140377374322183,0.21823311622248068,0.2140377374322183,0.2025004457589965,0.18467008590038111,0.16526645899541698,0.14900936618314944,0.13380111806844805,0.11859286995374616,0.10128693244391276,0.0713948585632926,0.05408892105345944,0.06143083393641932,0.0661506350754647,0.06300410098276746,0.0514668093095452,0.045173741124151554,0.0551377657510252
0.07411768904114507,0.05270670520643754,-0.0026050030332239286,-0.007065624665453437,-0.005281376012561797,0.04378546194197625,0.08214680797916055,0.09552867287585175,0.08839167826428312,0.08660742961139026,0.09642079720229778,0.11961602968989757,0.16333012168575864,0.22845519751632595,0.3328337437105232,0.40331156549976693,0.33015737073118473,0.023266602433715172,-0.4281483067480279,-0.8206830103843266,-1.0,-0.9339827998429865,-0.7787531670413581,-0.5958676801199002,-0.3871105877315064,-0.20244085215715749,-0.060593084252222436,0.04735395924776056,0.09552867287585196,0.13656639189237432,0.16511437033865026,0.1793883595617894,0.18384898119401907,0.18741747849980384,0.1900938514791425,0.18206473254112682,0.1776041109088967,0.18384898119401907,0.16779074331798874,0.15351675409485088,0.14548763515683583,0.13745851621882035,0.12853727295435885,0.13210577026014378,0.1214002783427896,0.09374442422296012,0.07500981336759151,0.05716732683866829,0.0339720943510681,0.02683509973949948
-0.03122160197325666,-0.03041022978060568,-0.01905101908347417,-0.006069064001038431,-0.011748669349604376,-0.036901207321822796,-0.04501492924834433,-0.022296507854082822,-0.0028235752304295834,0.015837985200571725,0.018272101778527883,0.0385564065948338,0.06533168895235701,0.11807088147475019,0.19677398416201525,0.3257821627937161,0.5132091392963769,0.4677722965078533,-0.12939763728417514,-0.8125730234973394,-1.0,-0.7841749967545112,-0.46206023627158255,-0.1780799688433085,0.0020446579254842397,0.09129559911722719,0.14484616383227322,0.16107360768531745,0.16837595741918723,0.16107360768531762,0.14809165260288207,0.13673244190575076,0.14484616383227322,0.15377125795144744,0.14890302479553436,0.13429832532779462,0.1286187199792294,0.1026548098143583,0.058029339218486464,0.03612229001687707,0.03855640659483304,0.029631312475658624,0.027197195897702295,0.02476307931974556,-0.0036349474230820806,-0.0450149292483449,-0.05312865117486719,-0.03771257951447492,-0.04420355705569279,-0.0450149292483449
-0.012624029388041021,-0.00047619510393740957,0.01069981243743858,-0.004849415446214149,-0.01456768287349695,-0.023314123558052128,-0.026715517157601468,-0.01942681658713948,-0.008250809045763377,0.006326592095160935,0.03256591414882533,0.05831932283112597,0.08698821174161096,0.12537536807937896,0.17833992555807165,0.27698033994499466,0.43830357923789254,0.5107046715711514,0.09767830591162183,-0.6472268923896245,-1.0,-0.8731766100739561,-0.5816285872554637,-0.31097483940563075,-0.12244045131634025,-0.014081769502133532,0.05783340945976178,0.10496700648208483,0.13606546224939065,0.15744565058941318,0.17056531161624544,0.17250896510170186,0.17007939824488125,0.16862165813078864,0.16133295756032626,0.14821329653349427,0.1166289273948246,0.07969951117114875,0.06317845654476748,0.06657985014431637,0.057833409459762224,0.04665740191838635,0.02284764672154253,0.0038970252383401234,0.0019533717528838566,0.016044859522444076,0.005840678723797518,-0.020884556701231766,-0.0359478712135204,-0.03449013109942789
0.059130342221512436,0.05513864495183353,0.04582468465591651,0.023205066794401083,-0.018042471658950874,-0.03667039225078554,-0.0007451168236732588,0.015221672255042347,0.036510724359997006,0.04316355314279559,0.037841290116557465,0.11102240672734064,0.18819522060780364,0.236095587843952,0.3598382032040035,0.5075310021821284,0.6485709723774554,0.5394645803395612,0.013891106498482507,-0.6766725211559953,-1.0,-0.8443238064825161,-0.48906274948107953,-0.2668582681356119,-0.145776784288681,-0.0686039704082183,0.0019160146894451832,0.032519027090319036,0.027196764064079983,-0.016711905902390103,-0.011389642876150434,0.004577146202565483,0.028527329820639203,0.04981638192559479,0.0644526052477518,0.08041939432646865,0.04848581616903526,0.007238277715684545,0.013891106498483127,0.020543935281281404,0.03251902709031873,0.02453563255096154,0.004577146202564554,0.04050242162967746,0.04050242162967746,0.05247751343871509,0.025866198307520454,-0.003406248336792939,0.025866198307520454,0.03118846133375826
-0.04398644556124948,0.00021281123643312292,0.03622702047898889,0.006760849280533565,0.028041972923862814,0.03131599194591313,0.04031954425655269,0.026404963412836987,0.02313094439078686,0.040319544256551924,0.060782163144368066,0.07387823923257028,0.11480347700820123,0.1622767528279351,0.2449457331347099,0.3513513513513518,0.4266537888585138,0.23184965704650715,-0.28871936745952576,-0.8174734395206837,-1.0,-0.8215659632982465,-0.5465483654460034,-0.3149115196359304,-0.1716731874212206,-0.08982271186995697,-0.022705321917920424,0.03786402999001376,0.07224122972154465,0.08206328678769616,0.10743693420858845,0.12053301029678991,0.14017712442909333,0.14918067673973176,0.15081768625075798,0.12544403882986568,0.12053301029678974,0.11480347700820201,0.11889600078576448,0.10498141994204935,0.1008888961644863,0.09106683909833613,0.05914515363334244,0.06569319167744364,0.09270384860936061,0.1025259056755129,0.08533730580974726,0.0714227249660325,0.05177861083372946,0.052597115589241045
0.01140795276451515,0.12439406640667688,0.04421037285417501,-0.006815613951964249,-0.019572110653497576,-0.0013485439370207247,0.005940882749570773,0.024164449466048055,0.06972336625724293,0.078835149615482,0.07883514961548242,0.08430221963042595,0.08065750628713084,0.06425629624230153,0.03327623282428839,-0.03779567736997528,-0.1325582242956602,-0.26376790465430044,-0.49702955862521503,-0.8286984728651097,-1.0,-0.8870138863578374,-0.6573969457302179,-0.3712869482815191,-0.1671830010569693,-0.05966395742974979,-0.025039180668440672,0.033276232824287114,0.08612457630207478,0.1134599263767911,0.14990705980974567,0.1772424098844641,0.1772424098844637,0.1644859131829291,0.1790647665561117,0.20457775995918048,0.2191566133323622,0.191821263257645,0.1827094798994068,0.18635419324270064,0.20822247330247515,0.22280132667565816,0.21004482997412524,0.21551189998906622,0.24102489339213498,0.23555782337719275,0.23373546670554476,0.23191311003389636,0.208222473302476,0.1827094798994055
0.0831146865581021,0.06902010104733593,0.08745148209987652,0.09829347095431194,0.07552529435999768,0.05709391330745685,0.06143070884923127,0.05600971442201369,0.057093913307457354,0.037578333369473096,0.02023115120237592,0.0061365656916105025,-0.013379014246373493,-0.05674696966411542,-0.0816835440293175,-0.0979465273109705,-0.12721989721794652,-0.26816575232560697,-0.547889064770041,-0.8536331504651217,-1.0,-0.9208534813626208,-0.6996769087321384,-0.45356376173645224,-0.23130299022052628,-0.046989179695124186,0.09937766983975509,0.19803976841511775,0.2641759004271745,0.2717652926252796,0.2858598781360461,0.2674284970835052,0.277186287052497,0.2511655138018514,0.2392393260619734,0.2316499338638682,0.23273413274931212,0.23923932606197315,0.22839733720753747,0.2121343539258847,0.19370297287334412,0.1470824207992712,0.10154606761064167,0.10805126092330393,0.13298783528850602,0.14599822191382855,0.1665980007372557,0.15141921634104563,0.11889324977773935,0.12539844309040088
0.10934444505363948,0.09380996765173487,0.09655134601677735,0.09929272438181853,0.1102582378419869,0.09106858928669306,0.06913756236635737,0.04355136429263223,0.02893067967907525,0.019792751795602352,0.017965166218907733,0.007913445547087412,-0.0012244823363859064,0.0033444816053505434,-0.037776193870279216,-0.1053968602079796,-0.19677613904271093,-0.36125884094522653,-0.6262587495659484,-0.8885172798216278,-1.0,-0.8693276312663343,-0.6162070288941288,-0.35303470585010166,-0.14377615731856688,-0.024069302045069428,0.049034121022716315,0.0919823820750407,0.12305133687884927,0.15868925562439515,0.17605131860299394,0.20529268783010834,0.2107754445601922,0.1952409671582876,0.1952409671582874,0.19889613831167663,0.18884441763985652,0.19889613831167688,0.20072372388837167,0.18427545369811985,0.1952409671582874,0.20163751667671867,0.20163751667671867,0.20894785898349716,0.21717199407862328,0.21260303013688683,0.1924995887932462,0.20163751667671867,0.21260303013688683,0.21168923734853942
-0.021918721862636655,-0.021539767473586966,-0.013202770914492852,-0.04806657470706816,-0.042382258871322125,-0.02002394991738804,-0.013581725303542451,0.008776583650391818,0.027724303102878708,0.06410392445165322,0.1213260371981629,0.19332737111761217,0.31118218611207904,0.4009943763168663,0.3638568461899919,0.25812857164511654,0.17324278849797603,0.026587439935729467,-0.33720877355201523,-0.791575086022646,-1.0,-0.9276197116915009,-0.7176789801579482,-0.45582149732458194,-0.23223840778523888,-0.06398265904715729,0.056145882281608786,0.14671598126449506,0.20166436767670626,0.21795940640584474,0.22212790468539192,0.23273862757878444,0.233496536356884,0.21833836079489466,0.19976959573145783,0.19029573600521454,0.16263206560458376,0.13724212153825188,0.11488381258431775,0.07964105440269212,0.06334601567355366,0.061830198117354816,0.058419608615907184,0.052735292780161244,0.046672022555365254,0.041745615497718776,0.024313713601431072,0.012566127540889318,-0.005244728744448247,-0.012444862136393562
0.015608295916185415,-0.009732417900046988,-0.012504058473697524,-0.0022093934858527253,0.006105528235098517,0.016004244569564088,0.03896926646552472,0.06430998028175712,0.08291956699055261,0.10667648619327078,0.1537943759453275,0.24367472026227652,0.3478092161008558,0.3687944947299229,0.249218001409577,0.13082935404936688,0.06351808297499986,-0.13049675718052936,-0.5426793053476827,-0.9128912962567011,-1.0,-0.8713166876519451,-0.6250366252504377,-0.36291861671378467,-0.1427711654352664,0.01956778244997179,0.12251443232841562,0.18745001148251095,0.21675021183252965,0.2159583145257723,0.1977446764703552,0.18269862764196743,0.16765257881357953,0.15617006786559912,0.15339842729194872,0.14785514614464848,0.13399694327639627,0.1343928919297745,0.11578330522097927,0.09994535908583387,0.08173172103041733,0.0643099802817572,0.061142391054728,0.05045177741350499,0.047284188186475964,0.040157112425660474,0.032238139358088266,0.033030036664845434,0.03500977993173862,0.027090806864165776
0.08380399938940561,0.08719618718092192,0.10330907919062383,0.13638291015790618,0.11687783035668875,0.08974032802455913,0.07956376465000956,0.07277938906697888,0.08041181159789026,0.07362743601485683,0.04564188673484887,0.023592666089994038,0.00493563323665532,0.0040875862887761955,-0.01287335266880484,-0.05612374701063615,-0.1528010990688452,-0.3079936905307082,-0.5479909767804743,-0.840567173798741,-1.0,-0.8558320188605641,-0.5912413711223053,-0.35463627266405545,-0.1807866483488536,-0.060363981750031416,0.010871961871808855,0.060058684848792704,0.083803999389406,0.1100934547736559,0.13299072236639045,0.14825556742821264,0.14655947353245458,0.13299072236639045,0.13807900405366524,0.15928017775064054,0.18641768008277035,0.2059227598839888,0.200834478196714,0.1872657270306491,0.17115283502094777,0.18132939839549617,0.20168252514459253,0.20507471293610924,0.19829033735307638,0.21016299462338286,0.2110110415712624,0.2237317457894478,0.22033955799793203,0.23306026221611822
0.0698780235683275,0.048834874036444625,0.05437254496588734,0.05880268170944165,0.05769514752355342,0.044035559230927696,0.043666381168965145,0.044773915354853464,0.034806107681856706,0.02262323163708279,0.012286245902122968,0.004533506600903187,0.004164328538940472,0.0015800821052006017,-0.017617177116867663,-0.06191854455240886,-0.12837059570572062,-0.26607401281786236,-0.5215452316961519,-0.8538054874627129,-1.0,-0.8578664461443046,-0.5783986532384302,-0.30409935320003534,-0.09994388493458206,0.03775953217755955,0.11639445937564645,0.16069582681118796,0.1839540447148472,0.19466020851177007,0.18543075696269878,0.1710328125461476,0.15811158037744794,0.14297527983697134,0.12673144511060608,0.12931569154434594,0.1389143211553801,0.14629788239463695,0.1551581558817448,0.17103281254614738,0.18026226409521867,0.18026226409521842,0.18801500339643845,0.1872766472725128,0.19059924983017826,0.19724445494550935,0.20721226261850642,0.21459582385776327,0.21607253610561464,0.20758144068046944
0.15199884438987202,0.15380448521180204,0.08338449315662028,0.04546603589613964,-0.0014806254739826677,0.03463219096457216,0.0400491134303559,0.002130656169872724,-0.014120111227476773,0.007547578635656882,0.016575782745295597,-0.06106677259759531,-0.11343035643350005,-0.1513488136939824,-0.1838503484886797,-0.23621393232458363,-0.339135459174464,-0.5016431331479553,-0.665956447943377,-0.8627712975334957,-1.0,-0.9024953956159064,-0.7038749052038585,-0.48719800657253454,-0.36441443068145096,-0.25968726300964395,-0.14954317287205407,-0.06106677259759738,-0.0014806254739818303,0.03102090932071677,0.11408038712939222,0.18269473836264566,0.2621429345274649,0.2801993427467423,0.28742190603445394,0.3524249756238515,0.37589830630891274,0.39214907370626056,0.3704813838431282,0.3704813838431273,0.38853779206240513,0.3614531797334894,0.3524249756238524,0.334368567404575,0.29283882850023685,0.31270087754144177,0.3271460041168617,0.3415911306922853,0.38492651041855014,0.4102054819255371
0.016706623655374148,0.020786002083620827,0.01827561535854613,0.01858941369918032,0.023923985489964564,0.028003363918211677,0.03333793570899599,0.04620366767500542,0.05969699632228346,0.07726970339780855,0.10708054575807407,0.14787433004054282,0.18772671930110818,0.20843740978297678,0.20937880480487997,0.22601011685850178,0.26366591773462694,0.1365775897777052,-0.3454166614366945,-0.8465526114297912,-1.0,-0.8051312304660537,-0.4866259147221632,-0.2095419799420101,-0.041346069361985545,0.04714506269690866,0.0832318718698616,0.10488395737363342,0.11774968933964285,0.11523930261456794,0.10457015903299902,0.0970389988577742,0.09233202374825848,0.09452861213269927,0.09703899885777405,0.09923558724221483,0.0967252005171397,0.09201822540762428,0.09139062872635562,0.09264582208889297,0.08385946855113056,0.07695590505717412,0.06346257640989601,0.05373482785023039,0.045889869334371086,0.036162120774705535,0.03333793570899599,0.026748170555673963,0.031141347324555414,0.028003363918211677
0.1211458589413484,0.10173767904045943,0.09656216440022225,0.09785604306028135,0.10173767904045929,0.09914992172034091,0.10109073971042987,0.07456622717921446,0.04933559330805844,0.028633534747111094,0.020223323456725114,-0.013417521704814944,-0.046411427536326356,-0.08975636264831162,-0.16609520359180743,-0.2637830424262812,-0.39187702977214783,-0.5400261363489329,-0.7295793600476155,-0.9120162511159711,-1.0,-0.928836673696742,-0.7573977512388897,-0.5659037095501185,-0.3925239691021775,-0.23467077257494814,-0.11304617852937826,-0.019886915005111375,0.05127641129814784,0.11726422296117078,0.1612560974031861,0.20977654715540767,0.24600514963706757,0.24794596762715698,0.2576500575776012,0.2802929341286379,0.3152276579502379,0.3236378692406234,0.32299092991059364,0.3165215366102977,0.31975623326044517,0.3339888985210973,0.3546909570820451,0.37409913698293484,0.3637481077024603,0.352750139091957,0.3417521704814527,0.34239910981148225,0.3223439905805641,0.31781541527035634
0.008320070144004826,-0.0026399306184303564,0.005937461282606014,-0.006928626568948264,-0.007881670113507367,0.007843548371724776,0.019756592678719397,0.03786442002535124,0.048824420787785754,0.06740876990669697,0.08646964079788805,0.12363833903571084,0.1603305155012535,0.22894965070954107,0.33187835352197237,0.47578792875046405,0.512003583443727,0.2332383466600589,-0.3209564745013201,-0.8203512918505248,-1.0,-0.8694330343953418,-0.5992451895127084,-0.3462121284321481,-0.16799298559951276,-0.08078950127231369,-0.04028515062853242,-0.021700801509620973,-0.0016868870738703655,0.0154678967282016,0.021186157995558664,0.030240071668874744,0.05168355142146439,0.09028181497612646,0.12745051321394915,0.1417461663823421,0.13602790511498494,0.11696703422379424,0.10076529396628159,0.11410790359011493,0.10934268586731741,0.10838964232275808,0.12220877371887169,0.11267833827327621,0.09981225042172216,0.10743659877819843,0.10838964232275765,0.09171138029296562,0.0716974658572149,0.06026094332250021
0.07200096767365138,0.07956091808037688,0.02361728507061045,0.08258489824306771,0.09921678913786357,0.10375275938189822,0.12945659076476515,0.10980071970727882,0.11887266019534991,0.17632828328646294,0.21261604523874408,0.2534397774350617,0.2942635096313778,0.3623030632919058,0.40917475581360224,0.3381112219903845,0.18237624361184215,-0.041398288427228105,-0.39671595754332034,-0.806465269587832,-1.0,-0.8578729323535641,-0.5584988962472411,-0.23795699900208728,-0.02325440745108736,0.0765369379176878,0.07502494783634221,0.06897698751096161,0.04932111645347563,0.05990504702289124,0.05839305694154635,0.06595300734827149,0.05839305694154741,0.023617285070609745,0.02664126523329987,0.05839305694154601,0.10677673954458905,0.08107290816172281,0.03117723547733523,-0.012670476881672806,0.0024494239317788724,0.029665245395989994,-0.01115848680032651,-0.03686231818319345,-0.005110526474946263,0.025129275151955337,0.00698539417581318,-0.009646496718981273,0.0009374338504329305,0.044785146209440616
-0.033516780945507675,0.00708228076506676,-0.018856008661132673,-0.005322988090941723,0.04204258390472779,0.06234211476001487,0.08151389390111843,0.0916636593287625,0.10970768675568413,0.12211295561169315,0.14466798989534463,0.18639480332010128,0.25518765788524006,0.3690905810176832,0.486376759292674,0.5450198484301693,0.4987820281486832,0.20782208588957057,-0.32785997834716774,-0.7981324431613137,-1.0,-0.8804583182966429,-0.6210754240346441,-0.387630819198846,-0.23763984121255888,-0.14629195236376885,-0.08088235294117693,-0.042538794658967954,-0.014345001804403058,-0.0019397329483945762,-0.018856008661133464,-0.01998376037531567,0.017232046192709516,0.0860249007578491,0.09955792132804084,0.07925839047275349,0.07925839047275376,0.08715265247203158,0.08715265247203209,0.10181342475640552,0.11309094189823232,0.11196319018404932,0.09843016961385785,0.08376939732948442,0.05444785276073575,0.05444785276073654,0.0758751353302053,0.08828040418621456,0.06121436304583188,0.046553590761458194
0.06375910274809923,0.049141551055121184,0.06641683941955029,0.06309466858023682,0.06309466858023682,0.05379259023015947,0.054457024398022504,0.05977249774092352,0.05578589273374764,0.049141551055121184,0.042497209376494725,0.0405039068729064,0.031201828522829045,0.02787965768351636,0.005288895976186093,-0.029261680752671344,-0.0864030191888592,-0.2219475894328394,-0.5076542816137777,-0.8372136288736515,-1.0,-0.8970127039812898,-0.6079838409610381,-0.29437091372986746,-0.04985913995641359,0.08103439111252864,0.13020251953436474,0.13485355870940322,0.13418912454154078,0.1368468612129912,0.14880667623451915,0.16807526710253612,0.17206187210971166,0.16940413543826124,0.17006856960612382,0.16873970127039853,0.15677988624887057,0.15079997873810672,0.15345771540955788,0.16408866209535977,0.16940413543826138,0.16209535959177207,0.15212884707383245,0.14482007122734342,0.13884016371657923,0.15212884707383229,0.1640886620953599,0.16275979375963434,0.15877318875245874,0.16143092542390935
0.022036346534986102,0.012798548825959478,0.01615774799287807,0.01279854882595928,0.01951694715979667,0.06318653632973942,0.08670093049816939,0.09425912862373671,0.09257952904027741,0.0749437334139537,0.06402633612146837,0.06906513487184705,0.08670093049816939,0.1555645134200008,0.24710269071853344,0.34619906614263224,0.3823104571870075,0.23198629446739977,-0.2315831905673695,-0.7808122543585608,-1.0,-0.7766132553999131,-0.4180187443313522,-0.14004501326883845,-0.003157647216903762,0.040511941953038394,0.04555074070341628,0.045550740703415894,0.055628338204172074,0.05562833820417189,0.05310893882898264,0.057307937787631574,0.05982733716282042,0.08334173133125097,0.0799825321643318,0.06234673653801044,0.0648661359131987,0.07074473445530596,0.0715845342470359,0.058987537371091456,0.06066713695455017,0.05478853841244272,0.03799254257784973,0.03127414424401195,0.013638348617689615,0.018677147368066922,0.030434344452282398,0.049749739662064044,0.03379354361920119,0.03631294299439024
