0.09490081108368251,0.09034449755744042,0.058297146413859136,0.04902104721517151,0.056912528803994764,0.06957806730080673,0.06510042838813435,0.05756530432052106,0.06060042581073646,0.0591809464062963,0.03422705554355809,0.013395852379689082,-0.011596198554843022,-0.04664077707431313,-0.10185358449222981,-0.1878602955884742,-0.3148768432995606,-0.47553788913585293,-0.6906975468943872,-0.8889666392917245,-0.9951456310679613,-0.9190270463164751,-0.7239590028737808,-0.5054176179005048,-0.31361172450009933,-0.1853325087688047,-0.07214645608059582,0.041074860509631196,0.11114733696359956,0.1844061287981069,0.22490991198352128,0.2400200555601761,0.26345020054389734,0.28448748104468313,0.26975418934396644,0.26124939906325895,0.25972005298074263,0.2643205036225572,0.2861540461894402,0.2867063109998525,0.2746342756462611,0.25937574629427024,0.23593249789570475,0.23895148899940352,0.26796503743566574,0.2957972299444452,0.29427423872695546,0.30156074197561744,0.2918904160963454,0.28576349999761486
0.14519572185958407,0.09322333723373391,0.0776642795722887,0.07062893190290762,0.048841504943634956,0.04544071251424171,0.08206051309814029,0.09192660742287659,0.07675235237087638,0.04358886118231913,0.04510057233306612,0.024778753012811246,-0.017137279864248574,-0.03693267075480707,-0.07117376921947152,-0.15000849119133955,-0.2122748230689015,-0.35317188566617125,-0.6151769946242719,-0.8758646465082153,-0.9987267632992592,-0.8889860131683149,-0.6914099315718842,-0.49932322879538843,-0.32441625984589006,-0.19362212010272487,-0.09207743176632216,0.002221705500714039,0.0620192044153792,0.14523493535687912,0.22123011493075298,0.2574953656336225,0.2733213697996075,0.2743561693968593,0.2567116906492023,0.23914027650683567,0.2530585099878859,0.2603957726246792,0.2653666417127306,0.243765522684968,0.24630605570457867,0.25566876341025707,0.25933754397961023,0.25765355724449535,0.2614038389098137,0.24754023987684334,0.2216648834262331,0.2298330195327035,0.22907900765690678,0.21229597305917094
0.039007313566403475,0.09204226755610792,0.041449370236087434,0.01838147625650326,0.03031668187045884,0.03684818297692975,0.030283627424652137,0.03439607350092478,0.03538502871027423,0.04303889890288052,0.035411199337811235,0.03323470307943927,0.02791705296316192,-0.019746683258497714,-0.0580707352395297,-0.08213507011457757,-0.15234588874063554,-0.3075090655256082,-0.5565899943953337,-0.8491661555738248,-1.0,-0.909937754476357,-0.6995334403945072,-0.47668008729902317,-0.2817817328319356,-0.15273876612607887,-0.06168772743824731,0.019239683986484013,0.10015552872885153,0.15273750803738398,0.19599108570024124,0.23904747612032914,0.2661889756437178,0.263767288048358,0.2647869013604041,0.26517867968344605,0.25801037277911365,0.25067809478049907,0.2596808100849706,0.27683046740578576,0.27531774525373337,0.24603080870674113,0.24629265439376094,0.2384711115508714,0.22889440798899618,0.22074167471288547,0.2254046511399428,0.2172815541122854,0.20541739913982965,0.1940663456738907
0.08564428770362341,0.08531434208566932,0.0829748227391214,0.07916979742767984,0.07597362496945775,0.07277184532080477,0.06908981879918216,0.06534903665081361,0.060095418290233286,0.05280913711712764,0.04484298154719549,0.03635949341832232,0.023689097848086402,0.0037917370299745626,-0.027757835115782073,-0.07761227198713261,-0.16949881588676852,-0.3494427260042754,-0.6290611483880676,-0.8943442799233031,-0.9985054442589585,-0.9178141002198891,-0.7259219458949783,-0.5110460545966359,-0.3228607159625758,-0.1737031728511826,-0.05748430056747097,0.03101753637779662,0.09777251119401575,0.14823270768105476,0.18733424967106746,0.2170052865993258,0.23896001500572078,0.2536633832005189,0.26293265044937714,0.2666863657646486,0.265545910008541,0.2627676583701769,0.25805865894113816,0.2544214487252208,0.24968705687478668,0.24496929993054178,0.23816212126319336,0.2318515143794773,0.2268966714683081,0.22398521470866536,0.2208922703730806,0.216286503064325,0.2120445843721872,0.20800375228656057
0.1129811167904975,0.058048704881552365,0.07680074729025332,0.09484438043334338,0.1020145420742974,0.09257701231927812,0.09293596604961787,0.10640076793114903,0.1052812754195299,0.09035446491039008,0.06974571782300072,0.050790178165163645,0.03177132733971569,0.007627749741105877,-0.06021594606186867,-0.1277975803957527,-0.211333991108348,-0.36725480033926766,-0.6392168714172622,-0.8877222143235556,-1.0,-0.9234616788381553,-0.7313859822030006,-0.5494782351059349,-0.35077538895133653,-0.21502924061894088,-0.06872891934774639,0.019343224329259112,0.09403917379217647,0.14951484180006805,0.20857838820083946,0.2572734021223517,0.2774653842526496,0.26911093541456627,0.27810920163793007,0.27504983725324167,0.2538538432404038,0.24288558067691712,0.23995973121630199,0.25290131644064207,0.23811211839114949,0.22135027672839083,0.20332249138311978,0.226471394859926,0.21848545817150106,0.2201767853415253,0.20704251698528275,0.2140572214405808,0.2371417740854324,0.2359819997780185
0.026751826022324086,0.06724972140933938,0.05597096011998073,0.04317040605016654,0.03575899519954473,0.03960859252778351,0.059678304096948076,0.08144252945698006,0.06294835404141019,0.021807286074274998,-0.017291786446780824,-0.029401030240969586,-0.037260895433592935,-0.045003855592675474,-0.07931495400906614,-0.1375138921090869,-0.2237027638260575,-0.3278063227108804,-0.4935069929260249,-0.7837533312199675,-1.0,-0.7729019429320044,-0.3182529785969334,0.0066233915219837914,0.1824719397992522,0.25682066876932264,0.2557705712361589,0.22572529605518224,0.2047395975384461,0.19394484624260896,0.19816041143708119,0.21085695170822774,0.19100380045952473,0.17792234507142274,0.17091816979001304,0.1747642071889549,0.1703876271834287,0.13036785868981246,0.09248259464270533,0.061578092169159736,0.07604761651501972,0.09205036975075913,0.10132592595247528,0.07715220046619319,0.06062247490076259,0.07182582956097003,0.0886664264147508,0.08842995842807727,0.10250040011735483,0.10816419943563993
0.13323242906829116,0.11173787387716451,0.10943167976098447,0.09659049152947999,0.09074930195621618,0.08868039901045655,0.10016219691626368,0.09424721485147335,0.08483955630084145,0.06762243537601843,0.046611246386232597,0.03411056744060644,0.014660212184509762,-0.010628683100789725,-0.047102784544123845,-0.09710297420497974,-0.17723959343121468,-0.34826415785077774,-0.6157906848891248,-0.8688575439262083,-1.0,-0.9305867012568954,-0.7345448733270763,-0.5258424387886796,-0.35667525426005214,-0.2161000801193722,-0.1071463545331356,-0.007543692581679365,0.07166430603537513,0.12049200136709577,0.16056997571019496,0.20113507697877742,0.23213797368944838,0.24551592290733867,0.26186634588969365,0.2726625448641558,0.28274725845007187,0.28344243213359116,0.2858912214694388,0.28417014955778513,0.27483002552685165,0.24465186506434972,0.22535822771997588,0.23607203288267195,0.2360377953019874,0.21813860466318877,0.20852645334181652,0.20607431555524625,0.21221283451472073,0.20655284853179526
0.04519782727684848,0.11574107401782885,0.012474503028843205,0.026928974798595202,0.02767292880836708,0.03595678855785743,0.04182437971291446,0.028417770620408695,0.02443744851075239,-0.005304384760382062,-0.02691118212656831,-0.06443245185763928,-0.1027510443247969,-0.15767431921440922,-0.224793743556395,-0.31415730381373413,-0.40913447249299045,-0.532051627452437,-0.7095167374759039,-0.8867714910116643,-1.0,-0.9130571461350212,-0.6980750819877051,-0.42015416096843067,-0.15101344444817172,0.08519371108477444,0.2575699255682282,0.3570487185256695,0.39483575354919104,0.38638620748444186,0.39170918168078045,0.36816690197030955,0.34722540621082476,0.34082931907937364,0.3398001047379374,0.31348682187701477,0.3006225767412409,0.2743329589351782,0.25861382655123283,0.2193607758666886,0.17731462360817687,0.1621196511716974,0.1608167706862564,0.1785620639745449,0.1773711471421977,0.17590064257720403,0.1718299787043893,0.14624185756277516,0.1332069440492155,0.13860102695449056
-0.0028005498600034207,0.029067940865808196,0.023540850581603573,0.01600846936897373,0.017424293819559712,0.020753243067534316,0.00017037643077356737,-0.028095568290278473,-0.04484312663888249,-0.0756976088569849,-0.10817313712919081,-0.13573269125913184,-0.1707733075829158,-0.20284049964664322,-0.2511079509509243,-0.32256557755264637,-0.4191006327664377,-0.5422241531708885,-0.718347983586521,-0.90806885978167,-0.9950375141111266,-0.8840658438848518,-0.60989213592411,-0.2736210700872427,0.050902589241374564,0.345508167375292,0.5838803557470984,0.7218221061724462,0.7366070660379899,0.6307038761915689,0.46249829862025144,0.3199129548695404,0.24095744078696332,0.22708647692978218,0.22550183135798982,0.22545363128048396,0.22623328318542332,0.2046809245789391,0.1807524379609817,0.16578712356390646,0.16031949501833698,0.13723483556899171,0.12704494620905973,0.10957162700336731,0.10479885702423175,0.09024768486957231,0.08291523550995654,0.07595586472515797,0.07325163287116633,0.0763942942463246
0.05607080116465633,0.06437388327442592,0.05605453261417924,0.061574868201536764,0.06872361507704332,0.0636038363767834,0.04678841293040049,0.03311516835135257,0.01955283435104352,0.01394941099894746,0.010292365630800871,0.019771110308300237,0.019386439285257864,0.007146946817070435,-0.010578187797405327,-0.04599424592908039,-0.08894410131518539,-0.21746302928021885,-0.4707969335345553,-0.8272276684401039,-1.0,-0.8371454344530087,-0.5269435666663628,-0.24774505657425974,-0.055911834011871435,0.05061359368316863,0.1156938782962991,0.14929549290926603,0.15111478856210075,0.14861504512020887,0.1557799653401593,0.15860630103286152,0.14593407864503938,0.13520766763232892,0.14117750270291562,0.16095358256897532,0.17039192376050355,0.17538812977830542,0.17289307691305522,0.15503683871585516,0.15785295478252462,0.14611994250218358,0.1473344704946229,0.15211309774106951,0.15272673295034433,0.16663283339248883,0.1596217933091082,0.15993753159618254,0.17563299860949155,0.18367161158119422
0.07168032879231659,0.004299301226855811,-0.005290779619247895,0.010818685437367321,0.09854623181891486,0.0951879991649823,0.08120416930384469,0.06653797699516092,0.040302316614499636,0.0209957658960852,0.05086734882943236,0.03507397956800705,0.021432994853476522,-0.0042731198551568105,-0.03131680776448912,-0.06374104064916783,-0.16187010959656492,-0.30153088127769617,-0.5073876556224886,-0.8061383740397079,-1.0,-0.8189226558803433,-0.4130127978739068,-0.02844977364202897,0.2216013737842727,0.30069766699473205,0.3161280053884322,0.3034339297720141,0.2938907192797404,0.2903954560232681,0.23774536838705188,0.18464949941837416,0.1533348970718607,0.12157087649946287,0.12200098982553477,0.14311506054694784,0.11628456352682003,0.08713208507602849,0.08942286706165362,0.08943758681258906,0.07741937950127808,0.05511218215502541,0.039177280922689336,0.03666162644596421,0.04524187914566065,0.0562277263098149,0.06273273550547155,0.04504190672399604,0.01815177024278161,0.03837946489839028
0.08839448631277759,0.08683888356468729,0.010906863193031687,-0.014055929499438844,0.045249452924394334,-0.01181691189349455,0.002901333216491414,0.022846011167079842,0.00796455757460022,0.014460478738740493,0.0004940387970405226,0.008527527541267725,0.018334089633771592,0.07531359023937903,0.13778541009983813,0.15621204753530415,0.09205135383168316,-0.10572125141084669,-0.45769655119490654,-0.7907853913376013,-0.9821000913435239,-0.7566658470644119,-0.42164386535916365,-0.17906771637206553,-0.04906078087638385,0.0014667142257821007,0.0038306797223136655,0.05219007464596182,0.09259697161025926,0.1297624267737936,0.165236922209265,0.15947143895794402,0.16249056187890165,0.12308981585639844,0.11865530591507839,0.1493695845096502,0.16333337246841062,0.15867980550330152,0.16030773362870782,0.14019297807339776,0.14766629708141654,0.12111637944362823,0.1334414420135204,0.11402399323115232,0.07570025834562025,0.08890497312857058,0.07559453942878523,0.09173953493965613,0.1623093252898431,0.2091630831003912
0.06035787692276537,0.07873572470002135,0.06381707783115285,0.031585542444935825,0.04052094732559429,0.05585654301924873,0.051543911918478305,0.024257548538031956,-0.004942401225340846,-0.0039049731722777823,-0.0009512062704184932,0.012512688291264444,-0.014800446126547006,-0.06024664399856632,-0.0323699025118385,-0.04773599558208208,-0.09784567105030659,-0.21915967924477636,-0.5018000276836079,-0.8388532691771722,-1.0,-0.8436446456325303,-0.539651413707648,-0.2207770337589271,-0.017775770821424515,0.08665698144794245,0.12535656407845233,0.15870479352256855,0.16973302083429528,0.16285305382491988,0.17814629292049178,0.17113478618310876,0.18822313721614065,0.191592776063095,0.16134704822240722,0.11632807189493127,0.109664361549103,0.11499217798333225,0.13968916816169707,0.16726693819215346,0.1970932002937119,0.19711348948610538,0.1814845159988319,0.14041753478831387,0.13558763792890696,0.16942354566585902,0.1970250658723437,0.20818524273831912,0.1878911825343205,0.16936063157061992
0.10336697792999104,0.10357011266690105,0.11000091992507294,0.08931122184351693,0.08365443043732203,0.08026906863793483,0.05670479154473031,0.03391051190660367,0.042254000542335565,0.019751262874547943,-0.01273915979793474,-0.04629602158943936,-0.07698416708507612,-0.09254671714958133,-0.09466802088535398,-0.16807455159397017,-0.26168023687016984,-0.45822896598955365,-0.6616082804160373,-0.8773809047872632,-0.9986225895316805,-0.9048255979262303,-0.7175584885809568,-0.5218334231657473,-0.32681302148885855,-0.1689317473075453,-0.08274569246140157,-0.02415159739731832,0.030696311018191206,0.07606868344017814,0.10646076478949525,0.15539080002822114,0.18511370952014966,0.20961812584429526,0.21465266595454968,0.21526406739652074,0.22435795924126276,0.24301910200582683,0.29764487431329745,0.3175561725565847,0.3395481708381175,0.32587581629714063,0.3097655653731868,0.31028290608359643,0.36767816937072834,0.4080216622868286,0.3882394241169961,0.3677951996338706,0.3538218220832511,0.32602391352287263
0.09073626971749556,0.07760730926199962,0.06507758747681251,0.06271061368180228,0.07679398582438782,0.08107745003170704,0.07155845458955802,0.050098879027209595,0.04476711979479674,0.05158959098021248,0.05205887001535411,0.05129681892494868,0.031087811251737325,0.007560212742640754,-0.019092439447921328,-0.05545443771363196,-0.1412316207874964,-0.3178342601314117,-0.5992187102635377,-0.873744742326521,-1.0,-0.9098589202055486,-0.6992687480864404,-0.47572397097967617,-0.27249504521808465,-0.11423208359454028,0.011620377246570167,0.10175743616812513,0.16651876659759784,0.2014944980018658,0.214486613008858,0.22320006892877264,0.22788485547868073,0.23291876797749098,0.24468135305615388,0.2523678247394346,0.245225660909026,0.23527934771476125,0.22553664424790715,0.2044098694179196,0.1857315016038939,0.19124273166660682,0.1987105143407589,0.19968933916078715,0.20207352553880809,0.18587244937090813,0.1777680071271914,0.17528133651684624,0.18136790315571008,0.17901461345947306
-0.0027732385527728235,-0.0026161277689180635,0.027857140194074072,0.010987237775629044,0.020413160801703023,0.03016395397412949,0.03693585022746575,0.04205622284800893,0.03618548560531784,0.03937657158770902,0.052966103003934104,0.07491780625784653,0.10092970729843731,0.1717257441841178,0.26065179055588433,0.3830574543127255,0.4657901775202367,0.34040487777009504,-0.18335895491584586,-0.8208082049576687,-1.0,-0.7473243553578279,-0.4167151580763178,-0.17868909137318498,-0.046715729610644206,0.02115807596169799,0.041372431739152504,0.04554114328740409,0.043207071448269775,0.042898465246215906,0.04389295806272254,0.05056017034301454,0.04123814906360641,0.04348215138485805,0.051252152233847575,0.0682402048818078,0.07412978688919267,0.07984496381377111,0.06832291602067854,0.06497333528554496,0.05852707843810313,0.057801882222891315,0.06187864106135647,0.0707895435031218,0.06970173913283172,0.05330811184402224,0.052282834629171646,0.04453696134396123,0.033435525830594004,0.022205283028027798
0.02070161342259693,0.01889814409302798,0.00777413058085053,0.02319027231206873,0.033803382096211226,0.025284129731106397,0.014445745146579477,0.008142285973604032,0.019608481153287338,0.03404266924002679,0.046140104193078534,0.054273539700348074,0.05479375258548712,0.08711360214493087,0.1718900673000725,0.3129868322565895,0.4434245156739763,0.4385789374468157,0.07822752843790434,-0.5941880677288681,-1.0,-0.8782288147523035,-0.5432301248120424,-0.262616868193422,-0.09552740173348247,-0.011273412280506302,0.018798014295774376,0.02919095920402973,0.04368397254675368,0.05758335980147396,0.061103033699378195,0.07702433960094987,0.08492188060555907,0.08395330670568624,0.0838069181813639,0.07148661505945925,0.07499787530659965,0.06560875824358436,0.057522140063390154,0.05988584709388076,0.06480032000649819,0.07079042405582385,0.07004861960537892,0.06688077866479143,0.06720117177459747,0.06114946691565195,0.06656615711761071,0.06210167151691227,0.05086154223369079,0.0417777837132234
0.14928727971505287,0.15173996470021653,0.1428903732642865,0.14012952431979778,0.1312011938529929,0.1275576689437249,0.11186951489025251,0.1108560913777108,0.09838612815097487,0.08032350988014121,0.07371872244849757,0.0392111909768145,-0.006672486829731432,-0.0315875452137097,-0.083694602988281,-0.17095385827493992,-0.30142742697393937,-0.503166172521568,-0.7209042172513203,-0.9148019430601269,-0.998070987654321,-0.925095348624763,-0.7478730020616986,-0.5321445635424012,-0.3400335560836805,-0.17874026837069837,-0.05733710378463487,0.02766565614595116,0.095634378893629,0.15505120548954832,0.1764800445931662,0.19691675015337948,0.2021349122979405,0.22649486456935666,0.250127232329697,0.24449825389748908,0.23912258708028972,0.2367274749679658,0.23246383057799042,0.24277977326371064,0.2588438957847434,0.26231862132640976,0.26021237688372395,0.25657944872051414,0.26077561274594646,0.2660189526345923,0.26450324334060177,0.26292580633043927,0.2648693428617706,0.2721876558264955
0.1102446060080139,0.14746522500879425,0.11694491679732642,0.09259783850039902,0.04973889341026774,0.046745338235901816,0.06051317854620916,0.06259876454148074,0.07590120597124558,0.019491753355862566,-0.01579642421110497,-0.04091505189402075,-0.07130034132141033,-0.12243920616193951,-0.22006667179553185,-0.29996304675493646,-0.3731400273940606,-0.5445644890196862,-0.7118384966971593,-0.8902531354823865,-0.993391488236849,-0.8681105361173655,-0.5688109852988944,-0.26972994958972996,-0.01341190520446327,0.11252216575594082,0.17720074818201295,0.2335356266717414,0.24088158113896557,0.20935426779462793,0.15824137175141867,0.15393769043658903,0.17517404380621407,0.15780016594512633,0.15155885337936384,0.16464100122750594,0.22526770505018906,0.2543793444939576,0.2589024941871561,0.24115739542626108,0.23526492732895601,0.24908582516141525,0.27130715028681457,0.2875915962005418,0.2952017399843835,0.255737466143587,0.210095817009297,0.1652629295672818,0.16082406337666422,0.1765640644980264
0.12347202472655203,0.04888980452984793,0.047284150734582565,-0.00987389275563584,0.06373390490321898,0.07151812340017855,0.042941075967965724,0.02732154485471418,-0.003713714469529353,0.0037103191365859887,0.015515835635530854,0.05770159535017577,0.08666719204242389,0.14183330944425765,0.15059498025764886,0.16882397726200468,0.22621391347094436,0.12952126208668777,-0.2754721558470526,-0.7572054438297757,-0.9963369963369967,-0.8055640101243527,-0.4743944347131132,-0.24117998160002158,-0.09075179452033806,-0.020419414203694235,0.017504276307981508,0.004337941756767703,-0.008069943186238292,0.04252845096084005,0.09833866409354666,0.13685546933876772,0.10720077820903118,0.08529971186743643,0.08215478278491568,0.08243555097551372,0.08502404011572816,0.08171830572658885,0.11661086212194852,0.14098366588791045,0.14954048547487203,0.14842881195676905,0.15112224163181054,0.1511212528042894,0.15126953343638444,0.12489224117576421,0.09455913971397231,0.07233397036928421,0.08952393888410466,0.0634546521892014
0.15725171721108946,0.14588732415901726,0.13758461960333074,0.13962836671866766,0.1394850439214617,0.13423019078098833,0.13928056934443894,0.14222045212118875,0.13515186365133333,0.12182227215313611,0.09509865779985686,0.06899651906611863,0.05593199103170234,0.0458155000341508,0.031848083325493486,-0.03250164307910348,-0.1853161654247024,-0.43796499039454356,-0.6873703517121166,-0.9169408935063619,-0.9942915265495911,-0.8756169970003874,-0.6548776305225857,-0.40745223336722336,-0.2119342788665957,-0.07334325224010442,0.012268878101130741,0.0672560046292945,0.11106971759642904,0.15432790233579066,0.1795318185990849,0.16857695191664668,0.16364925093767238,0.16955447790706796,0.16913737264676798,0.1729920919556407,0.16871192865229273,0.16461613497151031,0.1571556368339351,0.1512134711172962,0.15662598356176866,0.155424026409159,0.1544098195965064,0.167134497081075,0.17072686770218268,0.17204746371266827,0.18312472879185943,0.19229160516196114,0.20581264866059984,0.21971751286300006
0.14688287703058833,0.15224891052331346,0.1522476815107182,0.14883099392460697,0.14546779820585207,0.12654796835585003,0.10230603322444595,0.08294075026334284,0.07418499383695396,0.07402486536401064,0.07525911585470917,0.06019763088533656,0.0357070629437434,-0.004597243542824075,-0.05444441063028975,-0.12066655791128703,-0.23727267211018352,-0.4528585767788707,-0.665602688388001,-0.8767681422407442,-0.9925152151381534,-0.9383417117068081,-0.7662005868267521,-0.5685914855258744,-0.3839793145334138,-0.21958702603950347,-0.0923988242090085,0.009085170526120389,0.07140805543153726,0.11862814268152831,0.14401118066330748,0.16029741989533217,0.18387955567388922,0.22326081479434123,0.24867742316217537,0.2699944146684615,0.2726821748287222,0.24853493652133027,0.25610746223176445,0.24885629489028158,0.2344643842354527,0.2323010464707586,0.2484918779964594,0.2723485948926551,0.27729207509321,0.26640398187302733,0.2544386806421831,0.2502432047506214,0.2446117669718191,0.260959114763264
-0.0020022948080024782,0.0006633984477398572,0.010584712924656143,0.003198111888248891,0.024954180676916335,0.059558943007797245,0.0832040489946587,0.08821157986906382,0.08664631037300782,0.09120399455874796,0.0840969321930083,0.10243697007583136,0.19777791443076498,0.29166951671110536,0.3845862543456075,0.5113820405001838,0.5459783272869098,0.35602885289080477,-0.16169465909949113,-0.7427134603577416,-1.0,-0.8462466538239208,-0.5197509787328972,-0.2569221280765298,-0.13177841674155208,-0.06168472171436812,0.010304946485792763,0.06125565083009194,0.12033653664395265,0.18101457345189395,0.24539298229785775,0.19440196804682158,0.1381705305117386,0.07958868079225054,0.012000708068069408,-0.0342977027064534,-0.03487942632599146,-0.03130592918202294,-0.03817773339501841,-0.06383411408560379,-0.04688685012020876,-0.021260432583733325,-0.009906696861564956,0.006234486063439745,0.0012658867495203574,0.0009588893760167782,0.01621766214296633,0.007378911612131878,0.0020151393185557543,0.0046225570489477254
0.1594659853401658,0.16469145637681215,0.16531282889198767,0.15934655512852827,0.15273349733152977,0.1431980968198258,0.1362303468914967,0.1281434610868843,0.12057550770884949,0.10545957205556455,0.08897398839877338,0.06980609259023897,0.03164873971165985,-0.022740045614045967,-0.0828963724576904,-0.16658014650063235,-0.3017710841889978,-0.5072103180323235,-0.7261362313781777,-0.9128559817782331,-0.9969091905198361,-0.9394569456462428,-0.7770566320522347,-0.577045593532329,-0.3840814155359531,-0.22787446224295047,-0.10830875587358757,-0.010608868406314512,0.06526592270792138,0.12300147899497005,0.1689489570370387,0.19854514808655044,0.2172934771829193,0.22406641094317595,0.2305889230930852,0.2333758016531534,0.23930885996132184,0.23835951726620316,0.23416258368706636,0.240902340042455,0.250261367092593,0.25159163373223914,0.2571889231197437,0.2639816297889914,0.2635015158016726,0.26370600626408236,0.26953023689965516,0.2824790895358176,0.29463543635697675,0.3052506561795997
0.03175423653390047,0.011668538982290559,0.03305223453488721,0.07617687788493585,0.04503469891246688,0.02216840725908531,0.014732327785448432,0.034417998299191115,0.026589322542599575,0.009506516726381002,0.01896984204102857,0.012690770644994975,0.0341049758470894,0.08721562632410054,0.17609063185459473,0.2981842046312425,0.43133141482789505,0.33835814023736366,-0.16417848661977638,-0.7633538634095725,-0.9999605102081113,-0.8220700228350563,-0.4878393105991312,-0.21275018465746173,-0.06158027187272074,0.011444442464796022,0.025821161523390177,0.033478864288103295,0.04210832776869562,0.052869636881656315,0.06460806773620893,0.07454220732518478,0.09602939329158552,0.10328490615800233,0.11375491182956952,0.12735938452512433,0.13064673790121936,0.13001773332895253,0.14725698512215885,0.11693725698663521,0.1035432101114999,0.047274530356691866,0.031610885003861146,0.04480739179643973,0.03600540617146063,0.03474321983946851,0.037847875482117585,0.045527432052548625,0.07003333406052681,0.08813258232643674
0.22153476690163376,0.15863563339946649,0.2235377951967406,0.19233571705567673,0.12710375357899323,0.0692923381006528,0.03062988805248413,0.09321002798003496,0.0636694528236771,0.04539202168224519,0.04605878304687631,0.0469681016308581,0.051100976981502906,0.009590860147809811,-0.03230958313910858,-0.08216370842045412,-0.15859070186296156,-0.34349600909184697,-0.6049253959116091,-0.8725821204063426,-1.0,-0.9045626189899124,-0.6844405107781572,-0.4514743607218942,-0.28577942811550144,-0.13081533912836235,-0.027926496966249312,0.04284411661170408,0.10890495459907851,0.17441132067654683,0.1970679060346062,0.2442579800721564,0.2696077545689507,0.256782047893384,0.20886207529268305,0.18689574664146727,0.19933019106437438,0.19544367609034238,0.18799974825842897,0.18657271663924954,0.19897186277093648,0.20230004089673528,0.1910841837954426,0.17072587620700913,0.1707849992523194,0.1734634554139585,0.15301301561928018,0.12647756257270232,0.15859867631518565,0.19560624966720624
0.1856607258970396,0.1601445340977829,0.17161636237332636,0.07360372514513076,0.01498680008546216,0.031171339218176598,0.04511562018271368,0.06754266172552406,0.08308045798583363,0.04040670009698665,-0.002277292074547328,-0.053233734387203926,-0.1467618765046548,-0.20944295342126576,-0.23191001402785552,-0.26146063722777385,-0.37639267234134677,-0.49064545205121857,-0.6598840465329215,-0.8533265799203975,-0.9932264505274323,-0.9099753463400663,-0.7382205126600904,-0.5901979860077298,-0.4641764920466515,-0.3527101589365489,-0.22822033132701156,-0.12496241554993819,-0.03924361128077242,0.004578605127533232,0.05264102565951587,0.12207691039750215,0.18841251262087072,0.23022898644743509,0.2804084267599516,0.3187938077353967,0.3373344736962668,0.34510518591299516,0.33372902938844623,0.3703677711481669,0.41910096217049353,0.41518697572088437,0.4163558282734031,0.4248910026218576,0.4739974062325807,0.4703719337264643,0.41627765461449956,0.4057163957466219,0.41987680941892047,0.40748793293764474
0.17456569082368073,0.12187237245985075,0.04713229048926424,-0.019837305208394003,0.008114202017789444,0.021521295797847777,0.021926654163092855,0.016405528653105052,0.01423435005991602,0.03169432741179175,0.02502264165946969,0.014961432046332624,-0.0005192753225239114,-0.03177832649206575,-0.08238336062339659,-0.15622749103909303,-0.26258412721677693,-0.41620295114548905,-0.6204925985809634,-0.8478906918139089,-1.0,-0.922747000801879,-0.7507674727087551,-0.5918866779638373,-0.4195423035183991,-0.26230165443814246,-0.15132420357067417,-0.05510829758623575,0.03936058328473238,0.10664399327848419,0.16716682547165082,0.2224937189202176,0.27204276120605986,0.30257832805404444,0.29320347862828394,0.3305806937230845,0.3579227025876708,0.3457218243100275,0.3502883142111716,0.3487472533555332,0.33527066865244276,0.3306494908335778,0.34578603837382244,0.3042307260679698,0.2505621185143661,0.2327816226387086,0.25110856576691426,0.2859283754184606,0.3095461606961983,0.3115287084549726
0.07019269645044941,0.0563883246307871,-0.004780525717683421,-0.06357340770412694,-0.07188684403238459,-0.05628173806987574,-0.03144757705189472,-0.03198928493184345,-0.06294643537371732,-0.06587050959473338,-0.04158392167010184,-0.02935447894993343,-0.06101311020912935,-0.08237216737750964,-0.10761017868183115,-0.12813925158934084,-0.18314917166491115,-0.3434534576835063,-0.6133690867558448,-0.8787298484407043,-0.9966627509611277,-0.852474746611218,-0.5519294403221262,-0.25123685370906546,-0.013313563457310221,0.125351682536799,0.2073805622532941,0.24881496222286734,0.2775339444089082,0.3151673049045294,0.3456490971300946,0.2992592534247878,0.27731301415400755,0.25674432231780375,0.23373415840778058,0.2133390890138953,0.20611698573563755,0.19698690377267944,0.16843282952433197,0.14371067998879283,0.1726786339609837,0.18850798000436872,0.18248759842866957,0.18224303561999153,0.15744652151890873,0.15329686408085855,0.18645521089331601,0.2376128570607178,0.23196103538797633,0.18836280272668368
0.14187143166953312,0.1722329766962465,0.22454509150751942,0.15633264193940302,0.10739077063369015,0.0700382482178932,0.06937587169776524,0.06715093740371172,0.06614201739387501,0.04399808864785167,0.02630019587805863,0.01089919328799299,-0.016235773789187433,-0.04409682375841445,-0.10627766423199546,-0.16067961053516377,-0.26291363494126146,-0.46462488452610706,-0.7015536409942955,-0.9025813757291946,-0.9985724482512489,-0.8941430877133967,-0.6834306707170072,-0.4657254306554647,-0.2766098883344997,-0.10642276781979639,-0.0073778070210792955,0.05200596542490696,0.13104085969193335,0.19334754637538792,0.2303744335995668,0.24916304861979424,0.2330690494557172,0.24696121682359834,0.20416605159934917,0.19997446816181252,0.1797540496766687,0.20354500531620817,0.2431410299880239,0.2754188255917858,0.25040045616448087,0.2158586879642145,0.22727008583931357,0.2326907539808235,0.21211182906919482,0.20471471796415663,0.23156414257611554,0.23324669185573355,0.245920461024068,0.23922866728171788
-0.04246847589786243,0.028548263014139937,0.03308017992732732,-0.019255658412884617,-0.0019190133642807074,0.043095986373036244,0.1196715432608327,0.15605540120884837,0.17165623729408563,0.2062780691562428,0.2616457853243973,0.2952198082942791,0.3340892194723051,0.38972216141458943,0.43098800302971313,0.43757995320954785,0.40014311401319547,0.11547726447290903,-0.4148754826023131,-0.8537659760900023,-1.0,-0.8402698267807449,-0.5311650044968715,-0.2472993062878034,-0.09271323715719836,-0.01128674598835208,0.03980697535480904,0.05219373917601075,0.08007549940160545,0.10016963330893582,0.07283631464607043,0.05552645266676067,0.05224189388834493,0.034920680289959136,0.05648689016428605,0.029754122669381728,-0.0026600193502721225,-0.012117566206899744,0.02129769982447638,0.05302764632331665,0.04163969569852832,-0.0030843922341677707,-0.010526602942329762,0.01305486966534518,0.027199470745419382,0.0196793733610423,-0.005472484226592692,-0.018824932832434284,-0.03950796785028195,-0.025949253928449875
0.19859394101098995,0.19287439625315492,0.18540332950955005,0.18099173903933957,0.1708217872610028,0.15346563247110886,0.13486405799064535,0.107784234613547,0.08537701515424653,0.05842352378137049,0.03341893062041509,0.008678162224809344,-0.003983608730015185,-0.030784784675538683,-0.07607409978639379,-0.14271758053129208,-0.26148155770859005,-0.45516647597339716,-0.706791608970416,-0.9196491570233929,-0.9979849543256314,-0.9147857282185294,-0.7508857356089185,-0.5571153020300857,-0.37111765329729074,-0.2122650749061028,-0.08643406519871252,0.010610565463966968,0.0848051151961518,0.14404440997830917,0.17890326946071985,0.19436261079333894,0.2088997216560565,0.22359977270200435,0.23179459269277963,0.22756353278742386,0.23036543855628927,0.23180507983202786,0.235684749849787,0.2371285513611102,0.2383648128317597,0.23566975279668007,0.24593761668711908,0.2544756547126171,0.2592612728813212,0.2601553241186353,0.2607024822250258,0.26487285990580023,0.2611062671981932,0.25642718336700987
0.1951332925994535,0.213758103522474,0.3100182013884616,0.3752239245486964,0.3282004465306182,0.27461918232445215,0.2083465600940223,0.15930555328887286,0.16073288746122621,0.1454416794307795,0.09727625330545832,0.1159516141157036,0.08651308079562083,0.048887147971019645,0.05583109668757307,0.005235922831279965,-0.16962102422579448,-0.41463719102015,-0.6945965775115107,-0.8926623781067945,-0.9819420080487052,-0.8180288935197209,-0.5680839433320056,-0.34483943686867047,-0.18773046325177536,-0.08870214041008596,-0.08225953285891,-0.06764185865653008,-0.05524698016739003,0.008888221657772562,0.05860169105271458,0.05179228509903994,0.12880596608175476,0.1500084505573928,0.1165223145174482,0.07302573746108443,0.04889316415271358,0.04429510528837374,0.03934449315056556,0.051962625310428015,0.10254794020730283,0.15231190817242185,0.18041795143552705,0.22974768609223944,0.21386723354958415,0.18823005544996355,0.17725415057942137,0.16033664596440256,0.1903551275490198,0.21830872775316026
0.25278816290428713,0.2508756516290819,0.23651255022425619,0.21614760694407908,0.19478627908187843,0.17150105940678959,0.14646465581199614,0.1205580322202899,0.09522404193524708,0.07050387979370444,0.04703490642710279,0.02357975479744763,-0.002658271199604192,-0.03466697294336961,-0.07945363260986921,-0.1468967085227499,-0.261012230075926,-0.4540761961965466,-0.7134830878773083,-0.9306715587171301,-0.9994965271562064,-0.9163570189716824,-0.7448453820709627,-0.5489077582031483,-0.36475620336157005,-0.20849475981955412,-0.08478292876363984,0.008603960029820229,0.07603676950882221,0.12502891433688101,0.15919977124795556,0.18208359535228688,0.19755757888725217,0.20764369757488776,0.21273828820376292,0.21537117417245205,0.21762259155953345,0.21862105558156633,0.22142353457857009,0.22376197214870158,0.2267819238369778,0.23075573029964666,0.23478014654181306,0.23826575201868452,0.24026316389023672,0.24288617450962707,0.24495096580187778,0.24689464000803912,0.24679475821554142,0.2465164970081713
0.11667649289655134,0.03300958237438724,0.07514523963369207,0.12188906010944998,0.1220561646898071,0.1499846068207096,0.17974146104064712,0.19247496236503164,0.19782015251699053,0.21894025428747044,0.20748472426168893,0.21541606658802095,0.26308083065531923,0.2903131704279141,0.29260716745727716,0.2609119212665779,0.15522447523707586,-0.07840518104001581,-0.4711915628369147,-0.8460205219616415,-0.9955049124338562,-0.8386718459659394,-0.5948180076092663,-0.41410542467431355,-0.3179558082994774,-0.2999602555820356,-0.2623286559805952,-0.1744897602331149,-0.07685571726617449,-0.04067076439615989,-0.044597163070372765,-0.012580681764796911,0.05642464626870692,0.0995175982378718,0.08745485709534581,0.1254212951348335,0.1637641205943704,0.1817843083116997,0.1501010460791528,0.11792617980431833,0.08940017579078435,0.08261121491049557,0.11436173139979616,0.1273071362580509,0.13427631540502688,0.13782611299985947,0.1693315205555563,0.17385214477142003,0.19127935036227292,0.17274017650650186
0.09050610539871999,0.1577432707328491,0.14472497133184423,0.18662502222806648,0.17433645126508537,0.19211556737550958,0.18002240166707484,0.1436736623988496,0.11498411149607113,0.08141527370685497,0.02890971244911324,0.0002954169609301667,-0.009113045349372082,-0.03762826637656178,-0.08296291540470346,-0.1345077513083774,-0.2212818897664142,-0.39480820688564405,-0.6134886538700776,-0.8521224997406969,-0.9977834423140862,-0.9214953228892662,-0.7431010087036242,-0.564168303226915,-0.3934180103692577,-0.2300244954317487,-0.1082279262894344,-0.029273903491903303,0.033535606804076114,0.07293306749336893,0.13685291693149723,0.1764822440839141,0.21667523697713412,0.23846504089700682,0.23668012363313626,0.22186066267022972,0.23180068895455333,0.21929540511334705,0.22237466818172183,0.2356541636536074,0.23189649815717023,0.25007223086287605,0.2564334767837309,0.2293235312965108,0.22969593167173552,0.2642632440148779,0.27534127939707376,0.26572573587777887,0.2736025536391005,0.3190893673126664
0.19585098341828658,0.20230871895717448,0.2049826500374802,0.1960933087018021,0.1760369715241114,0.1600291964049972,0.14332095941060546,0.1265683462757191,0.1060022093655044,0.08708478393448857,0.06585554495224802,0.04568441138602739,0.019925028973911862,-0.013638516075926357,-0.06153446301466499,-0.13182935409220067,-0.2523427018399172,-0.45269500066676316,-0.710387163529908,-0.9245025800065132,-1.0,-0.9274313027643012,-0.7721804129869668,-0.5932674884767672,-0.41797943118428676,-0.26170814258007213,-0.1329969085408568,-0.032765056712184236,0.04683440182736327,0.10285166336565219,0.14186499544033188,0.17566402613767124,0.19733200027318504,0.21466325338049394,0.22846242021852814,0.23520826165315986,0.24041604115523593,0.2491404082988031,0.25555612016008916,0.2554362094711587,0.2555696286592713,0.2601976061151606,0.2632137155825563,0.262237154079784,0.2598682438784857,0.25883421312058996,0.2595685534790777,0.26198638621454035,0.26464282139412965,0.265967285223704
-0.119301234712609,-0.14706983892200276,-0.13989361045829019,-0.14785840489374036,-0.14847663694933577,-0.16121347350960138,-0.17486495556490525,-0.15590342987461908,-0.1609799542194776,-0.17870040894460337,-0.19521732217540666,-0.216937498870128,-0.22643612450045125,-0.2566926402966278,-0.3334601718443249,-0.4354471607692385,-0.5407223221776123,-0.6516598928109848,-0.7889204804585294,-0.9263772744987228,-1.0,-0.9202851418078865,-0.723953006886788,-0.5415774574323883,-0.42764369970951904,-0.3475964869237275,-0.2527488207712583,-0.12234288065188703,0.01565664314308049,0.19058652627901165,0.37029132893205197,0.4816333851238671,0.5218402976110276,0.5344070861234692,0.5738118755823288,0.6133031282996388,0.6239678994496738,0.603546309757015,0.5721846287306545,0.5661376719776285,0.5768217978094744,0.5599304605088231,0.5178237698467845,0.4865042777626748,0.4616592782699015,0.43778639117185425,0.435430510641885,0.4525671808560601,0.4262441856351073,0.42014569712265376
0.024814373640109518,0.02864383861457991,0.048464889458576445,0.05777344812289689,0.07170914672390595,0.08113573044413004,0.04557412989770988,0.02397863809119545,0.05190665800471672,0.06928808101259276,0.07804670921410344,0.11185932900810872,0.15499425249417648,0.22106571424480417,0.3316480864136158,0.48808839231254814,0.6193621081292144,0.4558231118868053,-0.1269109114099536,-0.750203975067145,-0.9956793003923197,-0.8322229384050254,-0.5227977145281477,-0.25294436499698164,-0.08991929360924872,-0.025256446896092476,-0.005458875820523994,-0.019538437001902494,-0.040703830386684875,-0.016328161183387292,0.026061043769188413,0.06816966229997312,0.07079021893932846,0.0503879455572549,0.03191845379451707,0.032297859149313345,0.025046789806644904,0.020945898785451916,0.04236072536556848,0.048365841554637884,0.060620422195044064,0.07518661790806991,0.06125515019486855,0.03020181253643845,-0.00931872287926304,0.003047934159128879,0.03589939046507543,0.029225184101959623,0.007761437496540556,0.0035639467838818727
0.12365186080160515,0.08937809112199961,0.07170504371867362,0.07544283143721706,0.046795605494769,0.004241862424500178,-0.024947874699802187,-0.008565979873378949,-0.025290258380875362,-0.02916678661767743,-0.07518643234458479,-0.1321318732610552,-0.20298840657016487,-0.29547749607009627,-0.40202614040121604,-0.48439678179359086,-0.5696004133400319,-0.6684113998190111,-0.7813917680374287,-0.9069599077030184,-0.9863826819181858,-0.9411210680964938,-0.8362348386429973,-0.68376533343315,-0.558750908069939,-0.43304060186723875,-0.3064386429898486,-0.20062553014371645,-0.11271645819690665,-0.0201572551643929,0.08240241772180397,0.1694820856739293,0.22850248264299328,0.2854757731209892,0.3457709766157076,0.3977085036838306,0.43586972396799145,0.4569839327856947,0.5153035416504688,0.555017139643994,0.5709169780323274,0.5658107646821717,0.5503649242508665,0.5682711371702281,0.5752162628358489,0.5859219417190522,0.5942379569652624,0.5954578246562151,0.5933297107421965,0.6025154638744648
0.04351129886050386,0.06317026338617902,0.04864242060798327,0.05162328307861842,0.07650405320202852,0.08762896471419773,0.09072308169708587,0.09599212048014662,0.13373539637911047,0.1651538633149335,0.180742571348696,0.2027620922836256,0.2667819939095601,0.328115805937324,0.38658378301409974,0.40381314181073247,0.33001110926978533,0.050762082097068915,-0.3982183171925229,-0.8241965237852279,-1.0,-0.8056353233802437,-0.5130450622528834,-0.2901104343589432,-0.17614265395744746,-0.10467562588973738,-0.06881796015097372,0.004073385819367491,0.0519402753381797,0.07806320574993639,0.09838215148542113,0.0760724209653243,0.036654958601604615,0.02021410929354,0.039590010770696356,0.059801350190374275,0.06759556923770536,0.02795083579676095,0.020464258655511658,0.07184541097390036,0.11950606907531837,0.11180027527163669,0.08998659186115703,0.07246393995900713,0.05891827550969267,0.04150342616945452,0.03131781173997163,0.00932986510225784,-0.012494986456984967,-0.0003946355335335646
0.037272296339893735,0.05443711326013813,0.04223795350487066,0.04326773313738061,0.021667967078460387,0.03635622127347559,0.07336620023816841,0.09306864186037885,0.11471741259961814,0.13339248606734,0.15945948240240415,0.20137795943968317,0.2619386908441037,0.33551923167740116,0.43998832899861456,0.5184245327836545,0.47348390256272666,0.21025580257770124,-0.2624603174426106,-0.7703732494857563,-1.0,-0.8738066964217457,-0.5960384235513779,-0.3436418195140629,-0.16846354769818414,-0.07709918486797324,-0.055313279369512774,-0.05581802112504391,-0.03699976051063293,-0.006889474689717881,0.001356925224027791,0.01582724954516261,0.03183469824191713,0.05404350780055136,0.05871945417314049,0.05213082619726007,0.05421816726641241,0.044811163420744475,0.03595521224079104,0.045895844199330085,0.05421520057580951,0.05579528189157464,0.05267287787326131,0.059144563178324394,0.07273848043082269,0.08264900139351855,0.06633098999435678,0.04846122226513881,0.04554493161778558,0.06432622050067577
0.077785975334539,0.042015562215025844,0.019238591220253422,-0.005382320426324515,-0.008935049338103048,-0.04403858140524821,-0.03920816458858056,-0.039380466775440215,-0.02481043142982316,-0.05580227872520875,-0.09245223829207583,-0.10107529964044999,-0.03286767517620078,0.026651151858543894,0.01556767396021753,-0.048192949165713116,-0.1882545703082043,-0.39492696505040586,-0.6213173355143425,-0.8751871143107681,-0.9997808939526733,-0.9135317340855306,-0.7657931893547503,-0.6272857271141957,-0.49922912912384326,-0.39145193995587196,-0.2824708330477633,-0.1475330623305717,-0.023649595757318866,0.09976655167058583,0.1950386329306833,0.2361928994502483,0.2716299629992888,0.2989320146353324,0.3663648504905122,0.39206635678506174,0.38775669553185793,0.41182253042300365,0.40109156312564653,0.38003997039372567,0.3887029478502361,0.3837135549925715,0.3764642281517104,0.3515818750233072,0.33942256491913586,0.35260744407092565,0.366358550333275,0.3724046185420176,0.3469998931711675,0.3223408847905348
0.10472973233635911,0.10508638891080085,0.10096153484502884,0.09691531279543357,0.09248238073722474,0.08475650252117212,0.07654871657388662,0.06897648430132247,0.062420762829219704,0.052521152748303025,0.04750639069298695,0.038493500446586705,0.017134383553699485,-0.020381358698453943,-0.06403900330971139,-0.12614086269305863,-0.22752529312807426,-0.39079185820644663,-0.6308178181951068,-0.8837130733018838,-1.0,-0.9052626344479946,-0.6753301972940292,-0.42655128544320653,-0.2343680014058673,-0.09863834687165839,-0.0034023264611099243,0.055892584941492095,0.09910378606004301,0.13085107559997916,0.1580267881556038,0.17711681125583603,0.1874456784924227,0.19436814142289086,0.2023212088675692,0.20685793335558778,0.2118670881653098,0.2206130791958502,0.23126159076370492,0.24038667197009445,0.24348941475381997,0.2429672807202028,0.2401660254413484,0.23971995190657347,0.23918378436184826,0.23682657278836725,0.23839274020035398,0.24376887865338107,0.24600648111464682,0.2517952479776505
0.032698750843028104,0.04015601615348837,0.04353317490083898,0.03352304368088644,0.03499420478211475,0.011664416772724675,-0.014821330492019957,-0.011654130788350378,0.015660021511513196,0.06486704324718517,0.09753267687969946,0.10674533487522363,0.1369025606850019,0.19478234197472183,0.2884836320406457,0.4000377625811182,0.4337984441171912,0.24779056011604356,-0.2622023770276853,-0.7796792228688044,-0.9964685702754515,-0.8429501257548208,-0.5089245280417891,-0.2205167625090276,-0.06066179917904459,0.010319069613353318,0.03935906606606752,0.042558601896963276,0.06521396163998505,0.08273229250816687,0.10407709808911553,0.11598184734957931,0.11093209511701596,0.08874206558645864,0.07629969771306673,0.058446320218700255,0.05439549661881808,0.05280003897030433,0.0626158098327937,0.057393290837676324,0.0513724416645821,0.04587116726484888,0.04892255677675491,0.07374716662553732,0.068903002072763,0.04050227994041199,0.03269505428757083,0.032622499521065475,0.04509465836721903,0.053111283196749785
0.21702161693713198,0.18580372160316244,0.11288242174505665,0.13286612035608203,0.10793044387592236,0.08089158411569958,0.08113054288347454,0.11141905764522637,0.10664384626922424,0.09331370449942483,0.09140048884790337,0.0941288571687162,0.07872781564498783,0.03494731077198025,-0.01724227972674723,-0.05138144838030867,-0.14862172241808394,-0.321986324732836,-0.5782286719078649,-0.8371744475771855,-1.0,-0.9113931153216105,-0.7059034586063191,-0.4839034304337418,-0.3097323156699213,-0.15809048820317223,-0.045144141745981914,0.025402394709113346,0.0955707314794247,0.17820363632767128,0.2400437320656782,0.23856196306569097,0.21888966131189125,0.21127147474160488,0.22884827927938325,0.21160984615739328,0.2003394190113258,0.18287431780915653,0.15915152845339475,0.10875050028163571,0.05607913091778182,0.08376856601524817,0.1365679658447667,0.1693124429159394,0.17397070143807092,0.17979562611450073,0.19576578218880628,0.21419919634701798,0.23966716153619233,0.29105025434809206
-0.024276763482713383,-0.0255009280226198,-0.02654646492623697,-0.04626705220819454,-0.057602757360074655,-0.0343847757071156,-0.010285545115302887,-0.004994969690531155,-0.007068124155119011,-0.0052692823973802035,0.027107923147113088,0.07655605679370268,0.17035312167200456,0.26228839622560485,0.36984786089763316,0.48784829602994273,0.5353821988842273,0.31478679312144314,-0.18241956469745124,-0.7851734906072183,-1.0,-0.785504871646236,-0.4640496977931626,-0.22264943205103707,-0.08770748512004492,-0.031060419627814348,0.014981976721205626,0.0832854396130274,0.08869777332757457,0.1013414953759807,0.07539862101420755,0.06347616482081014,0.06632545964679092,0.08928090853580573,0.09626155784160445,0.08121021934708145,0.08527129649368216,0.07501165604123773,0.09145612313573225,0.1069416254383682,0.14855585128493007,0.1382407151184643,0.06878649381927826,0.02070109815815129,0.036147061049361044,0.04033211468134345,0.02619301886194028,-0.009517213655449323,-0.028955340711496004,-0.0028331381230510284
0.1376798583894074,0.15145802360626445,0.1586638467457664,0.13160549385878123,0.12181616437374286,0.12470317055977237,0.10248259085290817,0.07353015728233112,0.037246163881282705,-0.031754228925854576,-0.08822114892085187,-0.13410346688000693,-0.19636067900060145,-0.26211706767162074,-0.31631283878060346,-0.40696212794681735,-0.5117129977640543,-0.6089360465097572,-0.7271958943791741,-0.8782320527514323,-0.9879372104841728,-0.9220876726305842,-0.7922089556467925,-0.7002922986821458,-0.5903702319386092,-0.5019262278417531,-0.42371898734505714,-0.3643653066834118,-0.28050073210868187,-0.16917164968290246,-0.06462505260978242,0.028802011448316657,0.1064440353930228,0.20560815269485397,0.3018399231742783,0.36003051251153506,0.3967007662902855,0.43789472401416146,0.47972848701573256,0.5135894507562146,0.551262300602913,0.5758988499332156,0.589225510489134,0.5957786954786242,0.6033633978680997,0.6248049628375887,0.6516463591811972,0.6629188530057011,0.621081263680838,0.6133091492586982
-0.008180230613250523,0.006212374124845128,-0.0071406298179101085,0.009013278847604035,-0.0022760824295259686,0.021803889317681884,0.02149164671369408,0.030691569386810193,0.03847161513390881,0.024468619534561385,0.03764534973578417,0.06180945507625068,0.10407586347248572,0.1582893405790801,0.21060199804952354,0.2986802156019367,0.39194294498804927,0.34602974554163796,-0.08747633649064296,-0.7219158613459585,-1.0,-0.781444029135961,-0.4000909700133977,-0.16400212447145904,-0.06300592909779971,-0.027231221892479493,0.027834249469628244,0.08433934695180093,0.11528831248136091,0.15077267145181691,0.14468501991127114,0.11089889742838097,0.09411498721536336,0.07854561874089237,0.037615748841258706,0.009924845845310847,0.02601534748556348,0.02109080273423554,0.046447323437858734,0.07275081917725351,0.07895393100540006,0.07089858084705966,0.045149593992861926,0.061965714589167074,0.07446729910224205,0.058866898878449654,0.030023578270820635,0.008625198611973025,0.015544354045777191,0.03671636868878438
0.04042864437383328,0.06375028811721346,-0.008850579632702383,-0.0030281383157026707,0.0017606430874844213,0.00584410209079714,0.0251240093187684,0.06013947156907686,0.06646356514867088,0.04508296128344791,0.053062280456506475,0.08410797168907055,0.09185752579010428,0.11185726657208139,0.21040458694939362,0.3469282317249345,0.44983303569970723,0.3679623746059703,-0.1002125014394948,-0.721776498841274,-0.990729152180967,-0.785875209668062,-0.4439463778028137,-0.19366387422993336,-0.04197006151997225,0.046150333952312515,0.07372304297235405,0.06331667367312815,0.06873640396641577,0.08021464544174596,0.07041974354799305,0.035893719499423354,0.04759889165358526,0.051056048784145894,0.049906091050673056,0.02225160379884244,0.00493549423894844,0.012422140788682662,0.05080801238907647,0.08295507876733539,0.07652893479466338,0.06302131503426067,0.04188172760744292,0.0517523745663599,0.0372403377942265,0.03510847581766086,0.041026779474767024,0.04372432916618129,0.051177047435531794,0.0635961889381044
0.1360228896331565,0.17965884979806293,0.1860655925851221,0.19598442369554014,0.17957319577617553,0.1617558879046972,0.1395432331511845,0.12329771064429723,0.14021141238178927,0.14248766831248413,0.12020857466022528,0.08775212614744322,0.04514304240171387,-0.012153371649818999,-0.07837411140193674,-0.1493175144480671,-0.25900908066695355,-0.4544974286047124,-0.6944883827590792,-0.9074499646070536,-1.0,-0.9041076354119942,-0.7098371831929209,-0.5041988728592177,-0.3451677403537131,-0.21509731446202413,-0.12157920053395065,-0.0616617806324601,0.0001745025175373425,0.0724833792535949,0.12495016414280055,0.14788314299027067,0.17122865316153513,0.1867220322335778,0.20121167741795953,0.22433004119452735,0.24384551166119658,0.2451370803735608,0.2509139980724456,0.25609616851963013,0.27442355475303704,0.27345720663412565,0.2625787807306825,0.2612847065954195,0.24727581252625389,0.22063343962612275,0.20953435667511497,0.20726059112577355,0.23384635777446086,0.26396381651238365
0.12601185399774872,0.1150372773150504,0.1033099851017979,0.10129391188206192,0.11485308390069472,0.11899722300678142,0.12457610411544758,0.15363777982249266,0.1877572652030681,0.24223877080821438,0.3194731468665914,0.3914083303710843,0.45386504417810786,0.5092509528006381,0.5248243069271481,0.4334692236426162,0.17936153991197432,-0.2163152154658829,-0.6175533376183813,-0.8922650213169606,-1.0,-0.9386508488042015,-0.812062443004017,-0.7008393420101331,-0.5892723182109824,-0.46713880519380596,-0.3562152866579787,-0.2801618037697133,-0.2166437118759585,-0.15787375142749682,-0.10725483806015401,-0.048058988192213194,0.0027974659489593103,0.05352727030466371,0.0992990007517753,0.1183323501070355,0.1282637339320795,0.14328083834346603,0.1621864105952847,0.1747910801996948,0.18674144573170312,0.2000711250099189,0.2174152639589028,0.22330465188572268,0.2245314135250765,0.22270751500305397,0.2350212090412028,0.2506319219211058,0.2662529173684322,0.29178429812828316
0.04197412083991036,0.05989282303909915,0.06410606310341019,0.06491027605401105,0.06527839907699244,0.04831487976595726,0.02707977097006835,0.04147001814676694,0.04968696330333645,0.0382032014067753,0.02382635170974912,0.014123667597968476,0.00789646339017142,-0.013843062891268226,-0.06273354759099417,-0.16244294430130068,-0.3177168508993432,-0.5228327969857913,-0.7417736212049982,-0.9231961279513183,-1.0,-0.9206252748773188,-0.6717907034402919,-0.32522383211249567,0.0021230851071748604,0.23294822364813553,0.36157912822373106,0.4090129033149081,0.43094888171834533,0.4287016818354137,0.392065115314777,0.3512851739123964,0.32909830727550954,0.2998185644333768,0.26752022087015304,0.23759885791166344,0.2169068273779863,0.1881736149441164,0.14039163611299363,0.10422871927212549,0.08426362399934555,0.07997304323594179,0.07941263861113126,0.08133616966588417,0.07453446939571574,0.07213260695922313,0.08265915135245422,0.07250167360696694,0.051456995370657434,0.044744450380777415
0.029994360412725813,0.040542751992656625,0.058464229886219306,0.03994445328052848,0.031905118392006354,0.03705900122439486,0.03754562440527351,0.04340153877753318,0.04771766802507621,0.04666086983587781,0.06593236306585586,0.10218461377455873,0.1497114540941584,0.20924952153891832,0.32141865193128044,0.4888772189073076,0.5607358403590198,0.3060995787464054,-0.2656953510106186,-0.8029533111120639,-0.9961723534558179,-0.8358780963290502,-0.563866069794168,-0.3129174477876455,-0.16497853082967748,-0.07094886016743233,-0.014884487141460491,0.0048426514485131284,0.01916195639872147,0.0408936202528145,0.06291384910006911,0.07940856922565911,0.08377355058893717,0.09203728590113179,0.08317922347142541,0.05394006679969802,0.05044617425288113,0.06479128793657996,0.06288453190451519,0.06279243882021762,0.06063146176954423,0.054635026684732226,0.043898599352726275,0.058319971517236086,0.06740299268173355,0.06644951625358844,0.05894276849623185,0.06237442919196058,0.08728943160538224,0.0898402453238384
0.11660687040501459,0.08795752374719625,0.1529681973119045,0.041855548326909596,-0.007091509002702768,-0.00030134246206047985,0.029638224093521556,0.0737301244764319,0.059780572347510094,0.007193128294088097,-0.03778169242309246,-0.07158080940282154,-0.10129358735538595,-0.11468403518244201,-0.13215254329210555,-0.16441967548690628,-0.21224755565978978,-0.30404723014250096,-0.4817226558945201,-0.7654247643571466,-0.9815374203078983,-0.8527186215493474,-0.5885475185960498,-0.349027074593381,-0.18709656322547405,-0.1414007074761401,-0.08611979075372446,-0.0009717961034101873,0.07845785308878624,0.14701540590286688,0.19114686769972253,0.21157616909644994,0.22475191551803386,0.24674145095774935,0.265929450291755,0.3406393824347601,0.35908861168761136,0.3603229874485836,0.35209259753799965,0.2972677921104543,0.24457183470561103,0.18280080900222054,0.14664932105795678,0.16785970223098573,0.20400302242312593,0.1970053266431991,0.17381575697821045,0.18719632747169543,0.21319640161160924,0.21830771836493565
-0.05828786125262378,-0.07932404120349908,-0.062059690031895626,-0.055289083314449435,-0.04945774373713765,-0.05943892700467598,-0.06308119978469912,-0.04482370870649319,-0.03458575792901814,-0.04530048004416739,-0.03153251611331116,-0.008827709771675796,0.020237247037544714,0.07352035295480842,0.1289045986093547,0.12915636196730212,0.019361926420628145,-0.22136132300781367,-0.5543369987924119,-0.8622527178073391,-1.0,-0.9319330844225656,-0.766455490759734,-0.5798541517054095,-0.4185530590661824,-0.2877038512966817,-0.1796838197186997,-0.07911492566989016,-0.00024846001973506557,0.05451115970381603,0.10177915539983755,0.14341434809673845,0.1862365778504271,0.22487379980584968,0.25479631616943493,0.27070999980087357,0.2944506154310317,0.3161640873151416,0.3245431491144939,0.3396566359054598,0.3533763015529727,0.3664849030002954,0.3798821410486335,0.3774936532996349,0.3687650011461178,0.36423948886086244,0.36617271480064373,0.36644321572678495,0.3401659454254546,0.3081669047159672
-0.09804841960288296,-0.09525020136007827,-0.08069994447053931,-0.07007462274401491,-0.0771563331515859,-0.09209662254318401,-0.09520206363593556,-0.09617242463334941,-0.09018810268763396,-0.0754358148888155,-0.055676861615805824,-0.033450579061367454,0.009578689753171778,0.06504134899240932,0.0835741251827382,0.021852025164843646,-0.13967125432889843,-0.39915655858301247,-0.6964474266035063,-0.9236929563656141,-0.9955459876772327,-0.8893605591413967,-0.6864938067649207,-0.47977637081625596,-0.3185963610281498,-0.18090265448443313,-0.0685190011648299,0.010332621377801905,0.07139640224158705,0.13270063335543034,0.18530577992661754,0.22069513451351153,0.25641041632625666,0.28599664965734345,0.3087200495870667,0.32139331086545725,0.3275630578668066,0.3317882471490298,0.3460560544181767,0.360311303389926,0.3600266582383343,0.3575633008289266,0.36005894497143714,0.376485793759841,0.3757163755717992,0.3598793019625399,0.33448988199771595,0.31472576384216466,0.2931160403035888,0.26683701610892113
-0.02600653783339139,-0.010358844716799171,-0.003649449510205739,-0.003404055598515935,0.002017715059673074,0.01625349246804795,0.02435744316346094,0.03519089634257869,0.04048508822423112,0.05255929927134642,0.07469889340715946,0.10475568128506314,0.1457107327035946,0.23427953564199203,0.3484215972562348,0.49784382889153783,0.581614206908422,0.3720132530606512,-0.18771266133610515,-0.745075217064695,-1.0,-0.8973617622483094,-0.6510162670779961,-0.4253255224788666,-0.25779814142153856,-0.16498049275500795,-0.10525541530503725,-0.04491584687363808,0.00643247480231748,0.05686663798456326,0.0971109107218468,0.12966110416057045,0.1710175841899157,0.1914895840608725,0.19437106211591512,0.1844034720121226,0.17575709043793797,0.15584847625278586,0.14561352265252075,0.13733948346580646,0.12267245627141607,0.0934928165608682,0.06836949897711746,0.04618479856638312,0.013356420228983184,0.0015228304884775648,-0.0012973570099605151,-0.00307481968330659,-0.0028332448150346404,0.008353748093994279
0.1166707416457869,0.13389521479283484,0.11642445397383915,0.10828321483380036,0.09457398439845768,0.09328255963165481,0.08706002756572712,0.062137235272400594,0.06274758146865604,0.05620604448888122,0.061962566497761704,0.04488538594662364,0.03514545424648083,0.015817628252993033,-0.03438880030515434,-0.0984973787358414,-0.1847514604112462,-0.3425611263432762,-0.5866434015222994,-0.8636323447038039,-1.0,-0.8862168482309021,-0.6366069172342598,-0.3879511700086053,-0.2014605763471176,-0.08306455557826098,0.010743278940332328,0.07908418440313138,0.11805048850703184,0.149931536264887,0.1662176189645549,0.17796366430063604,0.18565330034358107,0.18327852973085085,0.19064331891899977,0.19289100677324666,0.20500226819062745,0.21731607034248585,0.20907412218274984,0.19538051865018366,0.20597180829923042,0.19510513772977284,0.18321773842354316,0.19404173097018632,0.20074225509996985,0.1895165964903194,0.1834972524199834,0.18958717372585931,0.19452763835657966,0.19924524837612667
0.011381809603007078,-0.002300201217510431,0.011818947711203422,0.0495985145318854,0.0722420401298666,0.07385718609720734,0.0898646529204651,0.06424732621732357,0.047671772366245826,0.046437817899725835,0.0682033422143429,0.0854142119509764,0.12441706751896778,0.1950390318050393,0.2675203294351273,0.3586635676631655,0.36601171197988847,0.2278961876972709,-0.2054008252275064,-0.7433110509406701,-1.0,-0.8298046230329872,-0.4908776006491517,-0.22755834202525962,-0.06252452456503306,0.017881916451364135,0.05382377733522084,0.07013478427823157,0.07157075690507635,0.06239502663632916,0.07054177396742156,0.0721716254023173,0.08012643931218066,0.05709523758298768,0.05859832175824751,0.03802905831801018,0.04252743203431625,0.027609753649102526,0.044335482603123234,0.0682447658252286,0.08837913602291576,0.07710407868451623,0.06876243242917343,0.06190074940506624,0.027756223759604085,0.03738886537611658,0.022614669222581266,0.03825401790472694,0.05608576429470901,0.08815956075784234
-0.009145969224165237,-0.031210312658075914,-0.07903467814593258,-0.05287068298957178,-0.02803207415036828,-0.043368998461627124,-0.02016379905745957,0.012710073100279183,0.03035836751030291,0.031407361866667115,0.049289207190231964,0.08333980774145854,0.1372873485365523,0.17716172039603148,0.23954655302232963,0.3324008703528239,0.39719097752528404,0.31565028510815973,-0.14597560822544822,-0.7519833982692261,-1.0,-0.874780850897431,-0.6190655239691445,-0.3721803306741391,-0.18665837186254478,-0.05165525123701831,0.022622357424224294,0.09071484745243831,0.134091488579302,0.1544975888986719,0.15109024590661677,0.1446777358436951,0.1536918261664948,0.1329763067075671,0.12315855678747199,0.10779865975753351,0.11367040487513637,0.1314674994842204,0.13902645545864006,0.1273387207186835,0.09892167864238281,0.08335852466536646,0.08362813387141928,0.08570582708268143,0.07965451350111745,0.07744291995760759,0.06324918022554828,0.05290544472745425,0.05174101044883891,0.056353350288919496
0.006329880583884074,0.02184517092023651,0.09241313664727438,0.22512198981773698,0.2463414439544723,0.13476392517528224,0.013934990913537365,-0.11594714990489735,-0.19359556727107127,-0.26937884567505627,-0.32504679867804104,-0.31172060978724636,-0.2701457402082006,-0.21411897114666353,-0.1834984649608878,-0.1894241135959645,-0.23493047698029132,-0.34715090129127557,-0.5748131815416511,-0.8472595463542593,-1.0,-0.8612639070554502,-0.47863939721591275,-0.06444704830510066,0.26589912887839035,0.4181103506239154,0.4783159135794546,0.48563701253557257,0.45210451697361376,0.3996767909697502,0.31881886015076705,0.26619447318913064,0.23966857170499956,0.2181461627630224,0.20428092266648315,0.18237118706401897,0.17986630903479975,0.18242302224153584,0.20206208781833754,0.19768902020222592,0.17066040519295209,0.14413891171936166,0.11845571555355665,0.12583335570136844,0.12084565907925267,0.08935816251262114,0.07981583408199007,0.09032813035716729,0.06679304803424176,0.043136629331016384
0.06780465976328928,0.019376336668123027,0.007088830445203146,0.02517523658252993,-0.01337288225035216,-0.01628853752555752,0.018007702886654747,0.04927091163773234,0.08498343990278068,0.1208815263518051,0.12762224581132736,0.09477495361752324,0.12941624866263465,0.18332126371842744,0.23467682177863983,0.2944151970642841,0.29587524183395836,0.11560732237235448,-0.30130337392629936,-0.7895457756867222,-1.0,-0.8355517309501883,-0.5386801459332407,-0.2645408636602025,-0.09150636262261551,0.0034529293335306363,0.019208948901660066,0.011377926463478875,0.02080808093799543,0.04044239539635727,0.07555762011712479,0.1110661611160728,0.12954878963281258,0.12313187900431924,0.10720222498723855,0.10566185816090307,0.11099909234405131,0.09902383370975326,0.08517897197115032,0.08866776610403436,0.09197808153498513,0.09585679374764022,0.09529300409118067,0.10569756673371748,0.13023584518633405,0.1285950568101468,0.09128961470004592,0.058358525128349686,0.03739450578985523,0.016464261555172704
0.09619326649332627,0.05974166142276126,0.13581376218385918,0.006077806628966327,0.07317801996693139,0.08862314477550506,0.1086230598192865,0.1282705807936069,0.1309690783797333,0.15079539004636197,0.17171057358912126,0.19892337589047449,0.26018461874000104,0.3389088066658742,0.45933038011496535,0.49392051298745954,0.4144451881654888,0.05243134067811005,-0.44742660181849214,-0.8650135789712161,-0.9936500406131709,-0.8309423925932844,-0.5382479653678338,-0.3082711185668314,-0.15940769165447014,-0.050142735911685526,-0.005756679558165539,0.019425455629167476,0.020692445263474205,0.015653735874031193,0.0454314966259183,0.07022230798774334,0.05435610725721332,0.02925102003675259,0.011851227065244734,0.007900315983303196,0.00023738821588860476,0.005650123762515995,0.02338233923954045,0.023864740603342434,0.030100821157052787,0.05305133551301579,0.07671621434572046,0.07436013557878376,0.07727897714640079,0.06289371703521905,0.052058170916412946,0.022252665249944376,0.014838511022453685,0.039248986204177265
0.004249724831521378,0.019578354546587504,0.026599456062093366,0.029380011276017297,0.019440723545228595,0.011142092441075922,0.021882176393041946,0.04823660943680824,0.06923177601395222,0.08670568426703756,0.1109737552209292,0.1429069354266344,0.20219586341572005,0.2828840765051699,0.3945014265276015,0.5269849366652415,0.594966971775949,0.39470383616075144,-0.16537705753556337,-0.7628301185897582,-1.0,-0.8656420464059565,-0.584187797394808,-0.3278312963879204,-0.15215260133244796,-0.05343168749071389,-0.014875255840712911,-0.005970658946264406,0.0036086644404196766,0.020669645715364834,0.0433954368489655,0.06460140504321342,0.0821089086676905,0.07481359366463888,0.06637383679184507,0.07109609271619388,0.055353430007668014,0.04377683756699412,0.04227289681028645,0.03382086696096721,0.030775030253702356,0.024928856453327358,0.012885834639989706,0.02819640814298962,0.03781304466724318,0.03224313627770206,0.042242731285444306,0.050539408839946974,0.04786346401890951,0.03635457959928246
0.029652970608909278,0.04472916674862796,0.05943583145387045,0.05027632212135503,0.02506201934107314,0.02053020867270434,0.03434783923148989,0.0554903957213661,0.058607545006975556,0.05061756213977622,0.03386399620716603,0.04312361464441037,0.0391047793677192,0.011203114098285234,-0.022434847458695322,-0.0354482676550407,-0.06782211812012433,-0.1614008053986483,-0.3535695516661819,-0.7147953915295318,-0.9964133752084101,-0.6493479174433093,0.15490245398989655,0.6405197706436321,0.6917131606848597,0.537242673061825,0.3574415976459143,0.23123469103773964,0.14457274646149665,0.09385037935884905,0.06017824585646525,0.0476373964289219,0.03226123316440479,0.0005658457093924994,-0.0360826875713533,-0.05332098591126761,-0.044418710461833516,-0.035934066304518536,-0.042170293529607085,-0.030568418825034988,-0.021336473085954235,-0.03551599164353789,-0.0498256929733286,-0.05063565282561005,-0.04072805593783586,-0.02296632448760301,-0.01577714282201253,-0.030155449920739333,-0.024518544667110263,-0.012978793959837809
0.03570899479309383,0.062240221025002256,0.08958585052764263,0.07937380847236902,0.017402998618375708,0.027121823861863334,0.028551948040930718,0.048796212026642666,0.05359175924839014,0.05074177716162745,0.0315284148039977,-0.016142681793183303,-0.048337484872775185,-0.034679691054923995,-0.02103957257506122,-0.06491310305556972,-0.149505408476084,-0.2816233506928172,-0.49670972270400254,-0.7985372337696823,-0.9980710659898476,-0.7562889794498233,-0.15529890475679822,0.37007787425140537,0.618191614650167,0.6271806054624723,0.5036174793603441,0.3985615448867966,0.31158140317029226,0.26143004551555166,0.18884118481200765,0.10336595396060771,0.05063184049442222,0.024271177046068505,0.03966081750474335,0.03504767031549011,0.0077762448916534254,-0.020132450317042208,-0.01626723603810293,0.01305313476856012,0.01054994890440196,-0.03093637340935462,-0.04190848651997306,-0.046492876862752615,-0.028308331867122248,-0.0364640214112079,-0.040048032864277924,-0.036036831267121525,-0.014893620114409933,0.044153111287013554
0.0022011377802878605,0.020102536847987955,0.029156619275561964,0.07339685168230059,0.041225240713967576,0.017743179958477396,0.021300785277004748,0.02262114414943171,0.0544976069216406,0.053094411611484565,0.046691742057880195,0.012832826780378517,0.031154785615916253,0.12346353166086384,0.2975646809335705,0.5578583800924556,0.7504463401237589,0.5527864004771095,-0.13870086734136292,-0.7772859115572223,-0.9892502769674365,-0.8543595894590603,-0.6154272885648948,-0.38901576072264926,-0.2594860105655853,-0.17946469724259212,-0.09405116381398453,-0.044372357206991016,-0.043199691478584844,-0.035513689453252235,-0.003474584133963616,0.06234985914715729,0.10184715939899748,0.1311496971142026,0.14819797158437537,0.14574720699635546,0.1492091039240232,0.15523119757092452,0.132128529455472,0.09606953702868645,0.039294719283159474,0.00039220732658169696,0.017502267731713,0.04842943894847508,0.061162113396343934,0.07715673389112725,0.06995239182056558,0.09571209757126889,0.10786520600711744,0.07606624835095475
0.0526328403248287,0.008397611007878057,0.006122120403425209,0.005765832586278643,0.01641704710521815,0.031162947006235182,0.0370883595005646,0.04352853584015261,0.059175236269651404,0.09822152542192969,0.13949369143277354,0.188829985165503,0.25415375752728675,0.3403514782657817,0.3846409494910561,0.32861526739974856,0.0855039739343703,-0.2961369318857229,-0.6751592893369456,-0.9166963515363276,-0.9982629841931561,-0.8896309104578067,-0.6494458286629483,-0.3943769859818644,-0.1913117491761676,-0.04763780422679845,0.041796667607551366,0.08878111849870651,0.12453628950116591,0.16097219102818422,0.18499957738734618,0.20435473448553926,0.21749352512135328,0.22313362643915763,0.21915026011527539,0.20500788908876377,0.18593938710292465,0.16410333433657906,0.14751409283920602,0.13472955696817376,0.12129244727112275,0.10199025002365772,0.07163155614051071,0.055187074778148805,0.06260865659215906,0.06466317481134622,0.05889078261569406,0.0470009098809866,0.040321515838389804,0.05245905830311291
0.07439801009245618,0.05345589575315989,-0.004542518413588043,-0.007258222407273918,-0.0030927061800215916,0.046666440150005824,0.08445683933719463,0.09602691722505012,0.08693403110507315,0.08526796147488473,0.0955046808039202,0.12003340163427358,0.16571231804078407,0.23158680750483798,0.3352817762126605,0.4054250199070375,0.3301857534189428,0.021487782417221796,-0.4302784523386125,-0.8219887887476822,-1.0,-0.9343854859224703,-0.7810630674927669,-0.6009913423669861,-0.39324083595297327,-0.20786916149621562,-0.06363667810340634,0.0458317742052643,0.0937785315266554,0.1361651612591319,0.16393007542038174,0.1784001160060839,0.18324542984675368,0.18618437541910354,0.18942090079028054,0.18064398744872798,0.1763611806456369,0.18762015562378817,0.17300579583602096,0.1567094113322067,0.14677063367291177,0.13480453736842898,0.1273751717727449,0.13252625016588934,0.1235827764333326,0.09579640898943753,0.07780820008690095,0.059642550188153606,0.03724923666961631,0.02907096363704213
-0.03065562490363436,-0.02698982109427665,-0.018722230519876277,-0.0012646439311636266,-0.011798397787787877,-0.03671350141619599,-0.04306610965671491,-0.01715960342685542,0.0022126219851972937,0.018099321011846452,0.019022369155094795,0.037572629764982615,0.07016844135832659,0.12434418130271782,0.1999662665400612,0.3250069647791823,0.5085389650570813,0.46160773095237473,-0.1256812393797167,-0.8083589283477525,-1.0,-0.7911421258951685,-0.4687542878773852,-0.1789468783051137,0.004687468742482246,0.09392893782645993,0.14887517831151165,0.1662730655924696,0.17018676894768123,0.16133796097211098,0.1434746322805228,0.13268167710555467,0.14205889815084757,0.15155035643414505,0.14902889960314109,0.13508416825509498,0.13105152651862778,0.10280055402617706,0.057356854061633614,0.034518241097883484,0.034451066374195094,0.02253841341625263,0.021684152488913862,0.018228225331310282,-0.009912597249261579,-0.05082046796739506,-0.05542787616258941,-0.03399384679456847,-0.03812143402816312,-0.04080692270026146
-0.013207298035230377,-0.001450357948655721,0.007674250445065316,-0.008246520983318748,-0.018059635685465075,-0.02578742835695797,-0.026796881505726993,-0.01880415387042483,-0.007217433050947515,0.0071382167264889985,0.03267395670389765,0.05861675288256553,0.08795111165314787,0.1267871366366657,0.17867083895596553,0.27964340944990773,0.4422589565882461,0.5115319864211268,0.09242041813111604,-0.6512959496723865,-1.0,-0.8728261364479307,-0.5844110994734559,-0.31508046860124633,-0.12368136660894447,-0.012926507013291979,0.05921170093243687,0.1057412525876631,0.13811880877034474,0.15842534126902708,0.17057882654311646,0.17303739746482807,0.17114050242119636,0.17104114840673318,0.1652959771097555,0.1537019499744527,0.12020990190905481,0.08181868523155937,0.06559561126343608,0.06780408857350635,0.05823025509167105,0.04528161631726454,0.020662690271087872,0.0015923792350395912,0.0017502175055534982,0.016891075337354094,0.004444404838806663,-0.022313807149982504,-0.03767693873203726,-0.03615888251207824
0.05694157033822956,0.0569109616943474,0.04484409929909038,0.023111447362187253,-0.01782700538316366,-0.03703701032100066,-0.00023449170494190482,0.01622796220152831,0.04067227038627534,0.04903971033209102,0.042252223791812746,0.10966876686137968,0.1840404484377748,0.23219775983495658,0.36080513681468174,0.5091328161431234,0.6579162309738924,0.5535628020726638,0.029067137627053142,-0.6695598377840967,-0.9975491569554046,-0.8458168181893057,-0.48882921229410087,-0.2648325239967927,-0.1461803598360276,-0.07115245949551968,0.0048815078662086744,0.03882759706826145,0.033642600204905906,-0.01669985192813944,-0.015266162753086053,1.7082928799644942e-05,0.022407726280124503,0.04517979668853422,0.06323626658152341,0.080626732410274,0.04657773869274693,0.00102492925191932,0.006116623954584123,0.01667200276853049,0.0330267167028629,0.02367981143484174,0.002618343336148409,0.039117865888998814,0.03719757830741605,0.04615616594270889,0.020175183030152397,-0.00786376112523928,0.022303788978876603,0.028971249277312677
-0.03660464218205521,0.004832069105078902,0.03971162660092627,0.005329967877712741,0.027115226754113743,0.031216821437968296,0.04058690759939295,0.025918418620136774,0.023648831052823133,0.04245521391357774,0.06422273408602833,0.07257394590084112,0.11111306395112559,0.15899773545796955,0.243359921568793,0.34766726752954497,0.42519397706812,0.23513235170398178,-0.28364275929433946,-0.816117519093965,-1.0,-0.8221586561341357,-0.5472543773945903,-0.3158204480553998,-0.1724008856321047,-0.09337820385500081,-0.026138166803897734,0.03570083260843533,0.07141070405371176,0.08435708269171407,0.11120852013609046,0.1232054806145598,0.13966445799975108,0.14537753087844718,0.14503830519190175,0.11956372994589523,0.11689486502690442,0.11440842809962493,0.1222072782018058,0.10717545771834532,0.10603608991242523,0.09491531773813586,0.05820099675210575,0.06503365342463324,0.09404960145439203,0.10367601487733002,0.08622749001136779,0.07133502417537511,0.05038110249721696,0.048371614207184964
0.001393112172211548,0.11582231026793328,0.041513768351073926,-0.011769977731159984,-0.02245170579755283,-0.003866391886195037,0.005277191829569313,0.02466707795507198,0.06906864372839622,0.07718617546338008,0.07383022761399312,0.07917668688256561,0.08062918615777379,0.06686738900849767,0.03558201992013636,-0.04024606729730607,-0.1353032951926862,-0.262194348843976,-0.4923636530651882,-0.8221393799276422,-1.0,-0.8877548483512404,-0.6586889064916496,-0.3729630110131563,-0.16912727329761088,-0.063662521866319,-0.03151980071815916,0.02832538410271403,0.08199436157561465,0.10962736721129869,0.1523750209944788,0.18045409200889478,0.18189794602780074,0.16777459087642568,0.18209007760648324,0.20396286715037115,0.21925329793671344,0.19811123485256504,0.1907612287687082,0.19091969808640766,0.2105422388007035,0.2234178834330976,0.20783863935828192,0.21605399046889828,0.24656728294248528,0.2431076679212254,0.24156905637253287,0.23913879054165413,0.20723628107255754,0.18001839401932632
0.08796284662375635,0.07388640725462779,0.09546537923078927,0.10262515632959941,0.07880547248061058,0.05786724920138935,0.06053431111863374,0.05623829228721155,0.05727147351178646,0.035665402278404,0.019028502422068112,0.005483340377031828,-0.015177333063776378,-0.059182761540410335,-0.086563481119858,-0.1044129424081405,-0.13421122505813696,-0.271721392601574,-0.5524436180585487,-0.8578247109365505,-1.0,-0.9195537574274791,-0.7000729881137112,-0.4554184302672299,-0.23567039416035412,-0.052041467709575844,0.09576861711032678,0.19757409149946412,0.2622717725363478,0.27024961162981415,0.2859352718120928,0.27018612496857203,0.28201720028879634,0.2562427030474759,0.24319864308031747,0.2331183870073806,0.23434297052019826,0.23984930271964214,0.2289133826015999,0.2109382022513602,0.19297040608109306,0.14583561582368265,0.10031241497787725,0.10942319934738033,0.13734405295586355,0.15183140187351846,0.17249408985785505,0.1522630113972274,0.11615176454551693,0.12422843141603353
0.1042393221638275,0.10252936888426474,0.09868486853515004,0.09473135880097644,0.09195296341594646,0.09032677060446295,0.08395496650607182,0.07396722835614421,0.06185325442922024,0.04966088232988839,0.03591914884781643,0.014353635913070682,-0.009802352942577107,-0.04284252383199276,-0.09062119743647626,-0.16105922528774824,-0.267955974129492,-0.4361012406157431,-0.6747142788342454,-0.9064804385624551,-0.9950691328821004,-0.8950136688549613,-0.6840826726572956,-0.4516060364238415,-0.2555800175449697,-0.10911196931812377,-0.004217721477080435,0.07018833867521955,0.12176960748756104,0.15860445504618095,0.18238494343604342,0.19773910894827684,0.21186381509589514,0.22099839925227224,0.2258829209672878,0.22898718541962082,0.2326279513940369,0.23514190380579403,0.23566388704386154,0.2337445874613121,0.23206797631140558,0.23525527975491006,0.242909872586953,0.2497119921730246,0.25339406516772456,0.25638417136400676,0.2594746162666952,0.26271050938221713,0.26514571987796687,0.26943337509399623
0.1115456119521842,0.09176629095399766,0.09389426459242592,0.0971410039611946,0.11038802676872479,0.09253799809454923,0.07016729198089607,0.0437238481592227,0.028767217074718816,0.01905010314208408,0.01695529207341551,0.005813120768518324,-0.002705422888307573,0.0003102921789669867,-0.04156299588798778,-0.11064011578966848,-0.2005410249467293,-0.36386712938520016,-0.6284782134183332,-0.8868405091500232,-0.9974204199556311,-0.8706495040842631,-0.6219857116286166,-0.3576545151574886,-0.14788231587909417,-0.02558306844852681,0.04958335839009437,0.09328623752726066,0.12508986408137635,0.1630535204072611,0.18013159824880334,0.20886401689859208,0.21432743126601364,0.2002546204947368,0.201609918581955,0.20385427307640455,0.19157266364830963,0.19966610285324615,0.19992952226363836,0.18235817522221745,0.1937293564871133,0.2008350260690809,0.2011159194964584,0.20839895913701031,0.21855406813102202,0.2145128395995786,0.19446066864211675,0.20212796661894267,0.21231759471002212,0.21411688306771673
-0.02554077648339897,-0.026231565562180592,-0.014696168999746646,-0.051031357399544154,-0.04451440368957212,-0.021362399065031904,-0.01575055228022378,0.00689043771557006,0.025663378592314382,0.06290324915247478,0.12146752354395636,0.19419271569870583,0.3112377913383253,0.4018245000276698,0.36692876521846324,0.2617132670776918,0.17530855869245024,0.026117112314663283,-0.3391219054119371,-0.7932466206374273,-1.0,-0.9284270908253324,-0.7191886417078419,-0.45853125527457866,-0.23441093682953687,-0.06473252059507506,0.058168287729568044,0.15046194823450224,0.20613371314209025,0.22207540652602717,0.22492867576144032,0.23468898518750048,0.2351748241042792,0.22003488485797482,0.20135243006014839,0.19199258431492394,0.1649991399935127,0.13976494099298784,0.11657368091200909,0.08087975250706726,0.0634239461197672,0.06116917868944794,0.05732424576486378,0.05093447051639092,0.04577953399886812,0.04076593907603655,0.023732846774232493,0.012636155418889386,-0.006064178343540562,-0.01439249694984526
0.01256103076133815,-0.009649780892581238,-0.01359382536244222,-0.0033595096063459102,0.003990855846724736,0.013337487315839405,0.03597881243756781,0.061250774971989205,0.08024560663402454,0.10536141327721868,0.15386143209390823,0.24542562789941097,0.35139531202224344,0.3728914834672764,0.25287316425631856,0.13507617355603274,0.06611217242863845,-0.13080428349735004,-0.5457584057195036,-0.914546814512906,-1.0,-0.8717087756661807,-0.6264543804124094,-0.36335953651393427,-0.14234760554833867,0.021794525428078415,0.12655868226059233,0.19115716384143067,0.22075852942188823,0.21923567395658033,0.1985214615890164,0.1823457030865456,0.16658951540277103,0.15469705100758682,0.1528860625455869,0.14846282293154353,0.13465880213714373,0.1345462283739317,0.11483897835356456,0.09900679867731678,0.08237610025587538,0.0665552906934143,0.06291755655109951,0.049593284061841485,0.04427319940725111,0.036885850566020645,0.02908419882765481,0.031134826775237174,0.035640363091898955,0.026702901519590334
0.07672166440397994,0.08937071031258453,0.09824736365973488,0.14106120290859553,0.12591560482829636,0.09501471880760136,0.08258815350661344,0.07743366369334788,0.0851032356631274,0.07518219237116783,0.04151081609180884,0.017124978253442568,-0.0009585336236230417,0.0007300369434669395,-0.022862260261204775,-0.07031940333649662,-0.17528340001962237,-0.33196460645941167,-0.5625040440733792,-0.8408741020521174,-0.9991141348641084,-0.8533076168436079,-0.5892218244412717,-0.36163532378820923,-0.1982308779363383,-0.07690592143987722,-0.0018461795768935604,0.05521636565904021,0.08606301009346705,0.12077924773314071,0.14260431018350686,0.1526107970818359,0.1469628373469127,0.13094230046086996,0.13668559546701378,0.15953913215682713,0.1893622083447534,0.2148821484395931,0.20593203184488515,0.19431937771423613,0.1805198101802011,0.1863365814343092,0.20316775687565525,0.20897524130567363,0.20465116546371073,0.22053513441638933,0.22499973645250923,0.2377429789040226,0.23325531470640212,0.24294080500743873
0.07004460540887116,0.0484614164109789,0.05318623985267748,0.05928236021328643,0.05798136251516579,0.044563767885255366,0.04302854266134695,0.04507839454569636,0.03550797797484313,0.02321762433857823,0.011689538617420009,0.0030638042515875497,0.0011808966255451663,-0.0028647206248829014,-0.023218185373278716,-0.06752720462138738,-0.13410782715829714,-0.2735463294397182,-0.528441274348545,-0.856243175581992,-1.0,-0.8603232330813264,-0.5835070915391999,-0.309035274825156,-0.10344516638657485,0.03684381849295437,0.11710602322862923,0.16420922407388555,0.18865272304104125,0.19808868037407695,0.18748982354373273,0.1736730632798673,0.16121462887960236,0.14626600960001926,0.12895683940803748,0.1320420641294086,0.141235541419641,0.14931860965411892,0.15857897884810532,0.17372474368496732,0.18266871360731057,0.18209839078617668,0.18973219492063648,0.1876475914936534,0.19066236052431335,0.1980122885199859,0.20921239159891364,0.21790798755836835,0.22018682390054237,0.2104434371111175
0.18763907743642882,0.1978289188449761,0.23569589862170795,0.20665355175965855,0.1578553572628364,0.1713263250351402,0.19944127006581727,0.2646878283977776,0.33950846711579613,0.4128090967680371,0.4368780596464789,0.403715431039895,0.3230541920476473,0.22062533687936814,0.06573305002656837,-0.12057564946540819,-0.3127588258976932,-0.4890256327554392,-0.6751676582813926,-0.8776583406035873,-0.9964570416297606,-0.9118339637208422,-0.7882256437047666,-0.6788497796538505,-0.5777089325081213,-0.5049297162575174,-0.4397694721609489,-0.369139190733237,-0.28086416583665885,-0.20600786413603783,-0.12570593818851059,-0.03894726647461367,0.04358164173662339,0.051274886327658586,0.07904498330411557,0.1071716032701289,0.0935104600670786,0.08228867902079848,0.13242613259058553,0.2164437622778597,0.2639534002293667,0.29733013289509236,0.33597379690895085,0.33097984586117385,0.35960096560338134,0.3882520684449403,0.415097036907662,0.46895652383172437,0.4795871795000987,0.42470012228301274
0.10777893071959112,0.10452428026538764,0.09981498011270436,0.09354712077550392,0.08115392193368454,0.06868996971887227,0.06043248917592045,0.04312037819906409,0.02239241535787943,-0.0013293029925805322,-0.024780963314181188,-0.05721326690153735,-0.11119298073657922,-0.1807067512673653,-0.26541476539931,-0.3689220297103056,-0.5004554676380794,-0.6556598949222621,-0.8200077330100378,-0.9472018445639677,-0.9968306448144915,-0.9469785673623212,-0.8195857473418444,-0.6502306051761693,-0.4748841292248078,-0.30904523569006265,-0.16315967578027418,-0.03871127902030657,0.06414641945466458,0.14119948692952092,0.2076695413686678,0.26488085855129284,0.30207436586004016,0.32666201603985695,0.3453170052841743,0.3603315864968781,0.3705217595396281,0.3770474134187987,0.3805426574469076,0.3856611204901989,0.39333445362724506,0.3963763053734374,0.4027435888663978,0.4084496961338087,0.4114859722784166,0.41509227913824887,0.41625263570801285,0.42068204720115904,0.42846432169322585,0.43192086770729504
0.14870861277832775,0.15001495509432836,0.08697634258578721,0.05431328139558025,-0.0013397990350783595,0.03011120801729481,0.03689482154846215,0.00042245968190012944,-0.014369186037579248,0.012280470413973595,0.01965662849284835,-0.06569948045972289,-0.12258066270073278,-0.1527639044649301,-0.17995637587657323,-0.23746237788448596,-0.3456573210247568,-0.5086647634175837,-0.6681050455289372,-0.8624456872101857,-0.999908172635445,-0.9014394014242213,-0.7021257203860379,-0.4806066404875954,-0.3513696881273044,-0.24888620264080907,-0.1480062439423723,-0.06902972891973197,-0.008096557402475973,0.029244336645174014,0.11187005139367384,0.17875640319588293,0.24726976306927953,0.26582758480114704,0.2735273265296613,0.34648298414303513,0.37856957633646826,0.3990651950297156,0.3731476454102892,0.3770680298356134,0.3977686800190375,0.3811422611375349,0.3735578661726419,0.3483646125664623,0.30111931716866064,0.3150199917445747,0.32148980693280366,0.32899652946787467,0.37639861255799556,0.40444760544053054
0.015374393120630473,0.021129755151300632,0.016679373250872077,0.017987548403671665,0.022498269696270716,0.028464497373595108,0.033388962751288775,0.04184086821905504,0.05519465651678304,0.07517699908986371,0.10593550678478279,0.14558693453815463,0.18686017459871943,0.20911459949258562,0.21338905016995505,0.2271506023386289,0.26158967010475626,0.1442441181389044,-0.32321254456301374,-0.8314793773710525,-1.0,-0.8142494789731884,-0.49612766674296294,-0.21732149677190923,-0.04748397586861639,0.047112739495361905,0.08961676763728577,0.11115726443639534,0.11878512766759755,0.11390028080872742,0.10459117135112828,0.09487274858146016,0.08992650793838508,0.08963021582923988,0.09263649931461644,0.09573048933198687,0.09190607019415331,0.08695287189577525,0.0891501002567494,0.09284904438815066,0.08460568224537338,0.07286807941086214,0.059465664493768076,0.05413439854365657,0.052093185408209744,0.04360832515899566,0.03799041398917206,0.03150531433425927,0.03365876628905823,0.029520831550556143
0.12325788491858758,0.10334290935051947,0.0977857373258667,0.10004860136604476,0.10451879031283581,0.10151492161538013,0.1025156337734374,0.07505008243794158,0.048755422390163734,0.027631878776148606,0.019948987634007372,-0.013944916150124154,-0.046692006102304756,-0.08944903252504614,-0.16765872745676788,-0.26565050840436244,-0.3920280504150631,-0.5374439298383217,-0.7259337307524572,-0.9069662068100893,-0.9958454507685917,-0.9278342443916622,-0.7588994548446354,-0.5685254749599107,-0.3947473186862927,-0.23537976091366367,-0.11366800007399862,-0.02211630576418797,0.04899406474696988,0.1155629879307612,0.1603110728621687,0.2095539924932619,0.24619535998389763,0.24733450399556647,0.2561389107615635,0.27988110980431286,0.31611966857737955,0.32528702099402207,0.32463163575318466,0.3183619475851433,0.32046306434312355,0.33338817274126964,0.3536004413557663,0.3739729975440378,0.3636960060826061,0.3525601213378872,0.3402465240888501,0.3394415650738009,0.318541942242106,0.314129158658867
0.008671753483170985,-0.0028644846725478026,0.005108071478414914,-0.007978981952227905,-0.010006313342985905,0.006342891172940457,0.01807809365244648,0.03578357783501316,0.04674433359030977,0.06699039895252408,0.08866755237021427,0.1280066847719898,0.16602876851029408,0.23324316526912323,0.33546133159106334,0.4808188540754032,0.5145323382915632,0.23012248669434507,-0.32560818233198036,-0.8208349674086498,-0.9962414846135776,-0.8650684277969419,-0.5989305206541436,-0.3496941241163872,-0.17163983890726445,-0.08411689350296975,-0.04189201113436481,-0.021690729645498043,-0.00032445209391797515,0.01693201402176895,0.02258856898123376,0.0298454648582947,0.051929662258375676,0.09221403133634788,0.12988734906026186,0.14308400827293866,0.1365787252886024,0.11638387728958413,0.09953965088614079,0.11330278589282337,0.1088864587255699,0.10639489576191981,0.11913191332368367,0.10926616399773999,0.09857631941440427,0.10826579182796746,0.1096308637785375,0.09254762792456851,0.07010914068096655,0.05719579685291178
0.08835770318141327,0.08179324016235649,0.022456828430990346,0.08283311279234554,0.09871156607251043,0.10647274599118077,0.1305959061906296,0.11094119867689058,0.12280499942027348,0.18119482432306921,0.21391886262697246,0.25565479761797233,0.29756561562603706,0.3651209133272533,0.41162474597114795,0.3416182703622498,0.18547004268953957,-0.03597542946090649,-0.3875212779213591,-0.8011719161439794,-0.9962406015037593,-0.8594326705562034,-0.5643637002160292,-0.24000613870366305,-0.02220021784211349,0.07706912815459303,0.07600804134517039,0.07192486533163325,0.04968328519307263,0.0605732236393298,0.05992372501064275,0.06708282260438826,0.05645759114818,0.01922290265678166,0.022142437636853238,0.057089735292667275,0.10621984362933085,0.07771773808871653,0.025525331494003503,-0.015546880015992049,-0.0008799469285489936,0.027390586122793152,-0.011712927427522996,-0.03948595625092759,-0.010636296202578397,0.020392651174834783,0.0019152377634954587,-0.015340726590692187,-0.00803060114368809,0.035070767158645044
-0.040260435773731146,0.00840100629433773,-0.014535955205525404,-0.0033321855782172693,0.04301950916365293,0.06354216849312191,0.08832727111363557,0.10004569985001074,0.12111064265017692,0.13040720579619858,0.15216936769906741,0.1948532648067002,0.2612086601099592,0.3831491372205262,0.5079737463896532,0.5581332724213808,0.4897533146061074,0.18133553234654504,-0.3485929514768307,-0.7969386078566404,-1.0,-0.8902887630076546,-0.6322550517647136,-0.403311810599896,-0.2566273821686661,-0.16091330088133776,-0.09080612020951781,-0.053536062593408,-0.026961553522802034,-0.014564963849588093,-0.027876545589378732,-0.02514227221499667,0.018780572814367524,0.08987475823233634,0.10536004746243904,0.08823640455373899,0.09185728423369915,0.09602916314711281,0.09406015792658082,0.10823223938734568,0.12317301496527318,0.11847599368837587,0.10271026903443119,0.08570268542149836,0.05283841621705621,0.050594032487670366,0.0741032235947717,0.08796568447698958,0.06369855809393594,0.050821657594208036
0.06454640078568082,0.04894135444206158,0.06841274310452457,0.06469222606146433,0.06463153801226869,0.05642201959628329,0.056081167468976505,0.05972454087207216,0.05536139928854165,0.04901566200511257,0.04145405504333417,0.03998528205268274,0.03036150534615271,0.026804661676816704,0.0034296858363375288,-0.03122230017238332,-0.08836973183684715,-0.22544344306600086,-0.5117052591452153,-0.8396485105217181,-1.0,-0.8958009897808358,-0.6072647764739199,-0.2943919846693293,-0.05021203120440886,0.08155665085186391,0.13088284060400954,0.134500212373391,0.133512719921051,0.1369609699785219,0.14991875141402936,0.16918638577618164,0.17230718362302178,0.16868468036823905,0.169405520130806,0.16993592375051184,0.15805656824329542,0.15220780297884481,0.15447645101283647,0.16395029195058505,0.16920811640825548,0.16244582549489192,0.15328326597721997,0.14498471040984792,0.13892291404611784,0.15167687604539898,0.16425237888939118,0.16339054696890606,0.15901153139689903,0.16147566666423102
0.023568319747858817,0.013532765905942433,0.016841508109895213,0.012346900487956726,0.016546780853183077,0.05891544317556778,0.08401275270704142,0.0915341121746716,0.09095357959816686,0.07316667920333067,0.060859429439368055,0.06619131923761629,0.08683582579244051,0.1562864324657609,0.24906141863912726,0.34990140445065476,0.385422091976267,0.2359970976636225,-0.2290099072892679,-0.7813219310061118,-1.0,-0.7762221971460508,-0.41762761925335123,-0.1382583459636619,-0.0026196451274221343,0.03825503024261438,0.04295339542109222,0.0455839085832343,0.05772250956546146,0.05823206825597272,0.05543031621544813,0.05794990109026397,0.061407957806859675,0.08649149112254659,0.08122192599426716,0.06202997961021921,0.06499539908313974,0.0694416602283616,0.07066480554646126,0.0577601369121496,0.05916779675918753,0.05332938457723706,0.03759969439565066,0.03255109387079425,0.016185034888386997,0.020482495381757487,0.02971517059825609,0.046946235045691696,0.031348333249003955,0.03562005971333615
