0.1004577397427712,0.09181497421080377,0.07983246581546219,0.07168251503961201,0.07019621557566291,0.07189282837098768,0.07209923671825616,0.06936205185271838,0.06352961773873304,0.05282297784449154,0.03513337707279134,0.009326010576829932,-0.02707771422983709,-0.08001999372070874,-0.1579748860679817,-0.26918563799315415,-0.4178512259841359,-0.5980965164471412,-0.7857852084936521,-0.9362695819545566,-1.0,-0.951743114559227,-0.8082138709459187,-0.6157536198814297,-0.4204738237257065,-0.2476682737048131,-0.10253666002700274,0.017350036748535143,0.11396113704422312,0.18839282963818807,0.24247263937585414,0.2797426481711165,0.30386095735653157,0.3164213388491188,0.31923214740589523,0.31736729164058014,0.316898336163068,0.3202256779863007,0.32443776847598765,0.3242885282281254,0.31732909503998724,0.30668563573804203,0.299747749609575,0.3030118424681961,0.31598770097761636,0.33127901606087157,0.3416242270343244,0.3449911633354069,0.3436676482482222,0.34152470158037945
0.13430154976769135,0.11953238257602888,0.09966877854558125,0.08371263544395299,0.076055009379989,0.07779458644997646,0.0845642153116817,0.08750773140619962,0.08117910517181369,0.06695268536803893,0.04721082723031069,0.021300723622086074,-0.01182894597743907,-0.05366200062299145,-0.11062950404222134,-0.19579923342674185,-0.3263133221798252,-0.5112468608499283,-0.7280503976318942,-0.914337380565759,-1.0,-0.9559936148623731,-0.8102481385125702,-0.6189254268383869,-0.429375340985583,-0.26515105727162946,-0.13028778753915385,-0.019226023733759954,0.07529218198727326,0.15696203705803094,0.22364155759708435,0.27093130731876347,0.2977299882060581,0.30768034448527415,0.30794773940749903,0.3066638428465432,0.30811490062963093,0.3104406900216543,0.31012167969995097,0.3074917323724346,0.3056819701648005,0.3057395194273499,0.3057914477696049,0.3037045782819312,0.29840807384462,0.2906653649770614,0.28333214914944355,0.2782998951877584,0.2746394307394623,0.2720143735946752
0.07165425452094865,0.06892379664171047,0.06052982656321512,0.05010571125856772,0.04414575436308994,0.04307583753195962,0.043655043454153046,0.04456314751229755,0.0458464842400501,0.04630846804010255,0.04318142223277996,0.03273034258098428,0.011196258148410953,-0.023265761153207807,-0.07306684525707959,-0.14968044694592408,-0.2743271668759195,-0.4602900910381873,-0.6873035879693344,-0.8927885445400651,-1.0,-0.968646223977671,-0.8200678256885364,-0.6143073644832712,-0.40894441132558923,-0.23506639987021583,-0.09729589428135187,0.012467408960269034,0.1018466440497465,0.1743326485441394,0.23156888065834982,0.27400639809959026,0.30104785117702554,0.31392527488416583,0.3171658077387589,0.3160486821323463,0.31464889938046525,0.3157920092456617,0.3195724013765413,0.3221098077280894,0.31912604445217835,0.310792794070078,0.3003646212294712,0.2898632439713024,0.2801004305045706,0.27188474120888856,0.264681686111584,0.25679945783993235,0.24840036435978918,0.24258811859513926
0.10473911637441992,0.10185809100267162,0.1023295785192165,0.10723384397682494,0.11170819762336581,0.11351926495628369,0.11452222641468968,0.11481886066028583,0.11078951709348138,0.09937033864895485,0.08088792922345893,0.056488299927227204,0.024140839224731488,-0.021853562137227375,-0.08853899204530069,-0.1850924469970075,-0.32472324640035705,-0.5137342704509508,-0.7288895980000617,-0.912009522950016,-1.0,-0.965973261158999,-0.8321128815420713,-0.646467614910129,-0.4522038237410444,-0.2747326842411427,-0.12478412455719488,-0.004228120031193423,0.09102574401316497,0.16749274363230834,0.22883203210480393,0.27406721984415405,0.3018082514197742,0.3145942071859533,0.31708408311100605,0.31247057337711465,0.3037124889492583,0.2951971038317456,0.28956578505906994,0.2848240696065145,0.2776945678525055,0.26898562941386206,0.2627316510754832,0.26042621740670296,0.2595697538576842,0.25842390528162484,0.25884902451411645,0.26297640944159545,0.26915775635392186,0.27344882818471905
0.06390938349605775,0.06710449735915786,0.06789721033526838,0.06542098979342188,0.06511909971902444,0.07082482671313793,0.07890903618579666,0.07936634020233645,0.06397067620719571,0.03475568094983069,0.002107152259267757,-0.026280456914910596,-0.052863409126048956,-0.08814984065758058,-0.14460044797105076,-0.23327538652499824,-0.3649497993937728,-0.5480358995632337,-0.7679613315288758,-0.9556053990981318,-1.0,-0.8350227192469812,-0.5130548452429187,-0.1654485860523255,0.10040410116341485,0.25133174239000894,0.30892157771179063,0.31333190187145893,0.29952224715132375,0.28700881025917674,0.27990590377200864,0.2738536481401105,0.26539079100179735,0.2561618902002631,0.24813392466254394,0.23770173470308226,0.21783652786890018,0.18675598273407168,0.15275259177415787,0.1283191169514086,0.11901527649682585,0.11889088289074475,0.11781113742399738,0.11258676046462981,0.10872780127231865,0.11162910295645907,0.12043832578826466,0.13127480141323417,0.14106684456943036,0.14708980246891099
0.14765179603720893,0.14048746374767374,0.1300751272367696,0.12097914834002141,0.11556435977629213,0.11315592242585838,0.11063791216900486,0.10436132203224678,0.09261709212801647,0.0764402037747612,0.05782166925432208,0.03690289742588271,0.010719919270270316,-0.026075137362714856,-0.08150052493955585,-0.16871275801940136,-0.3044146326092138,-0.4946505282688194,-0.7143198541925124,-0.9043703510088893,-1.0,-0.9706733651428652,-0.8370030956803822,-0.6506087549357572,-0.45936224804827774,-0.2889434065541599,-0.1464427480145329,-0.031211093058452773,0.059108820189282804,0.12845797263533124,0.182515062560088,0.22594774629740677,0.26059675615615635,0.2872156051682637,0.307058347717767,0.3211054637810984,0.32967592013053976,0.33333093151669324,0.3325189094893554,0.32632250708140126,0.31409601405992815,0.2989523355687144,0.28647419841827915,0.278513926710001,0.2717542403510881,0.2637583560536836,0.25649491451460754,0.25267238129044023,0.2519881838559574,0.25231507067112224
0.07631896222227852,0.07048966581272892,0.05834717848656415,0.04627860333042066,0.040677922265727445,0.039654343322964046,0.03699804585463741,0.02833055374287441,0.012292500510011238,-0.01107973947140943,-0.042002387226010615,-0.08188628737737477,-0.1332066954469253,-0.19878268399808777,-0.2813912001398114,-0.3842719329549731,-0.5114952244708261,-0.6632825929967899,-0.8240351985549047,-0.9538865214883137,-1.0,-0.9269702631939392,-0.7410267769883159,-0.48509523511726604,-0.2135605364813637,0.029091311855316944,0.21655572264533332,0.3409661173307955,0.4096533898574042,0.4384478866574029,0.44305052817998236,0.43452187133688447,0.4201914775034834,0.4038923827167431,0.3855011774824038,0.36374239100562733,0.3388448613078283,0.3115630478120008,0.2819721940153535,0.25146716524068957,0.22521943058384156,0.20948019823486907,0.20554884599641124,0.20803974699041833,0.2092538251635657,0.20441116593398007,0.19353173506668853,0.1806395062820374,0.17079931842616144,0.16620020273288205
0.012145569012244723,0.015959792190303915,0.019255333389047193,0.01932618875690383,0.015702572883206308,0.006637251603687116,-0.01002392519417658,-0.03382260441993179,-0.06259352599681799,-0.09480399033026983,-0.12964341289058126,-0.16705141636694693,-0.20900494280035892,-0.2604571187483466,-0.32873911572565423,-0.42155125165964613,-0.5444353405262136,-0.6955496138431917,-0.8548204855881666,-0.9760919209486952,-1.0,-0.8875583347033098,-0.6460405229764056,-0.32274026308900994,0.022645760456875982,0.3382198949752003,0.5831535685174571,0.7274918659368282,0.7593456980422078,0.6942795801052195,0.5741102177186177,0.4494991234372099,0.35647270064519504,0.3043515189622074,0.28185503896161856,0.27173004353282004,0.2611439468496412,0.245123959767807,0.225295606877287,0.20507532878851809,0.1856386296741617,0.16674496979908945,0.1491711252808691,0.1343709730117157,0.12273815400143076,0.11327507892340263,0.1048743752252774,0.09754409627359244,0.09221036434940005,0.0895394578586785
0.07999769796235061,0.08067107321728613,0.08175042141978872,0.08263456324113817,0.08126414440673353,0.07481364402839245,0.06267380648973854,0.04769843906762979,0.034347809983640655,0.025876003948556027,0.022289789511212466,0.019839276463147513,0.012605893433521474,-0.005219123861525616,-0.04042061352324295,-0.10654622853480027,-0.2271973217361617,-0.4222254601765842,-0.6733418925097475,-0.9012238885739295,-1.0,-0.9161945278177579,-0.6903503266035522,-0.4174580454295647,-0.1781737308551268,-0.0063631037597413394,0.1005283931043036,0.15891672889688538,0.18635556713181875,0.19759892458516642,0.20170734047602884,0.20161281838094608,0.19888158913401138,0.19767567409910458,0.20209794346965373,0.21137228366872007,0.22027968994987604,0.22401819147484434,0.22159800063647522,0.2154395802527821,0.2087121772920608,0.203608748297649,0.20158233071839485,0.2031879687353493,0.20739763935571115,0.21218505074505692,0.21674202400573941,0.2223969921092136,0.2294831895663735,0.23487285412243378
0.053560881730688646,0.04352766878325673,0.04138298025204206,0.05845585307364816,0.08443932794836348,0.10022449962350137,0.09819126638016402,0.0845338945664631,0.06936702235602052,0.05908424356384599,0.05228392356656016,0.04187059144624878,0.022084271613951264,-0.010471381784397495,-0.06319680233905679,-0.1514363746996202,-0.2932659325231113,-0.49600819780032884,-0.7357836063901411,-0.9388259251699809,-1.0,-0.8554478670481663,-0.5443543654343257,-0.1846256853994584,0.11105908043620323,0.29407240314310135,0.3773962725675777,0.39852114465110133,0.38734969417661397,0.35699023976733624,0.3128797591951309,0.26324109613740443,0.2189903226888618,0.18810134486248248,0.1710573058352185,0.16031801766493975,0.14811856529956485,0.13438897171811667,0.12242239289709408,0.11117698147145567,0.0973272335538812,0.08142105464567743,0.06838718826066832,0.0629581226923169,0.06544976971541072,0.07106118852654213,0.07312302807120304,0.06888030106994583,0.06202744348074058,0.05769079115524386
0.09964088517870243,0.07705124435840804,0.04573647721612438,0.0229980565123636,0.01345048230936164,0.010885930228211944,0.011769633139775094,0.01482436409328371,0.01707027984433506,0.01786434139762511,0.021573514959208295,0.03581666638816053,0.0661502359805866,0.10631965209479963,0.12992823841997378,0.09349093827520927,-0.04589103096256119,-0.30043643727507885,-0.6205018809148969,-0.8935989717579643,-1.0,-0.8975532343426699,-0.6542783582238645,-0.3879424171024871,-0.18069289726874863,-0.04921505840237475,0.030934369997139492,0.08892755424573226,0.13875772253878915,0.18010345738587488,0.2072400712161685,0.21660088336432434,0.2115931499811714,0.20286041334331234,0.20159238068418747,0.20974632570677465,0.21928200800546385,0.22189688808989083,0.21590137216679547,0.20463496883452223,0.19221361429001346,0.1805611997878382,0.1679824949219406,0.1519610339161878,0.13539984894607382,0.12694752219598998,0.1355127551490216,0.16460537748997545,0.20513439098538222,0.23514954261194593
0.08008397303268963,0.0772958563206903,0.07051230740144629,0.0626151790079398,0.05756622509432319,0.05309690767867196,0.0432942139979203,0.027695834727984037,0.012736931161889314,0.003640486911705424,-0.0020506009140319865,-0.011501387070927042,-0.02785446113485176,-0.0480626319330151,-0.07485146360533346,-0.12861879196192783,-0.2415536666012987,-0.4343188616825535,-0.6836520919013536,-0.9069787551623135,-1.0,-0.9104854279738289,-0.6764808118898729,-0.392524635698592,-0.14437751192800913,0.02982361254706265,0.13465588766934242,0.19117209090107581,0.21825169300990419,0.22926675692381404,0.23354901546560816,0.2356811376712778,0.23424563305644175,0.2241982243892605,0.2047797464283046,0.18454892891235475,0.17516608430772035,0.18157488701093666,0.1996933206556903,0.22042531516729885,0.234167965571024,0.23490106751283613,0.22434336069925986,0.21263294666706234,0.21119814967821587,0.22220486414680188,0.2366460932933246,0.2438249120787081,0.24144255386004868,0.23637893649927463
0.12694272144010332,0.12613892624955314,0.12296934953281083,0.11604475596853495,0.10512129109862342,0.09046191076120579,0.07312499789120357,0.05485809769169682,0.035234938886753074,0.011315094978733719,-0.017901523817009594,-0.04948952406177062,-0.08064190621858319,-0.11524584114472171,-0.1672819532713992,-0.2558010823056066,-0.39340038454744514,-0.5748573189798197,-0.7706455565675089,-0.9301060692054025,-1.0,-0.9548496506492475,-0.8132854366550211,-0.6219209156123229,-0.4272010576032058,-0.2598833399130529,-0.13167816892593806,-0.03860524723557018,0.030280810742248483,0.08490948424601939,0.1314760531435311,0.17206642720158752,0.20525096057465023,0.22913770479305198,0.24495385681237813,0.2580842872467005,0.2754626430353689,0.3005247157188089,0.3297384135755714,0.35495179299289426,0.3700082878635939,0.3760699442031102,0.38210939820769474,0.39763589242022773,0.4216413241840608,0.4419422443584187,0.44810932779081236,0.4407067671488786,0.4276277712060211,0.41789478474877817
0.09977942951037796,0.09491415437309839,0.08946108825284688,0.08732560161846088,0.08768892274036753,0.08602203606437869,0.07961662089650863,0.0709066815188792,0.06431837016763928,0.06078881932273838,0.05663050412186395,0.04683765707488357,0.028074753362659452,-0.002253693485625252,-0.051168494515494885,-0.13464944425726644,-0.2730292604714417,-0.47289032834886097,-0.705396675404186,-0.9047291170278152,-1.0,-0.9591798675490109,-0.8054247218419478,-0.5939355516677185,-0.37690639195547937,-0.1854584215934544,-0.03115549332651777,0.08516955768119486,0.16682093039339535,0.21919654754835138,0.2497819352102038,0.2670120385888709,0.2779390623719967,0.28649137818855697,0.29295407812473145,0.29518164915916745,0.29136572022632234,0.2817150926963197,0.26806527722288254,0.25376020948301947,0.24325599952597238,0.2390800855039875,0.23930867276182288,0.23942697581451095,0.236174548301487,0.22981017770029244,0.22345263477923927,0.21983516392295616,0.21893793531383335,0.21907715190100133
0.00451631697878589,0.010581756124186728,0.01920211807850742,0.027293070640771522,0.03516512280590901,0.043710941165842634,0.051744524327610876,0.05820456662067416,0.06497174658738737,0.07672008575245615,0.09909577194247578,0.13864807168312535,0.20314241716424858,0.2956233645463451,0.3995216943586315,0.46076797304607103,0.38839876463618683,0.10834824459748851,-0.34112987581352683,-0.7790295494480887,-1.0,-0.9372767396530897,-0.6891674546190342,-0.40594721159144653,-0.18385898479813617,-0.046248245577034816,0.024016036988148772,0.05343886021781429,0.06340760322142806,0.06664451621611113,0.0683184734880311,0.06938097210121337,0.07085177794520425,0.07542059768796247,0.08460326466699593,0.09605309322307098,0.10503336372287717,0.1081281482812853,0.1055137705906534,0.10030591477857097,0.09614695520271939,0.0952061517621391,0.09690594649252908,0.09780687918458351,0.09434809872764363,0.08622873640630385,0.07560059320299176,0.0641031404757198,0.05327108005474362,0.04626753580491133
0.028694418044281682,0.02816701879414506,0.029302626622370043,0.03263940701334229,0.03489321213532494,0.033153773435345715,0.02971729380663984,0.030209231886113217,0.03790719718797535,0.05142737472264112,0.0681582789704765,0.09060690312945252,0.13042770038647708,0.20325475391085437,0.3102826096765577,0.41331851031209565,0.42464936744046083,0.24402171426348324,-0.1488039270761262,-0.6213441362175713,-0.9513615353106379,-1.0,-0.8083593474961848,-0.524343342810085,-0.2739919069428382,-0.10606669947529611,-0.011933807751915325,0.036703173377007244,0.06394253313756733,0.08271218524357148,0.09787051893566369,0.11028237630686309,0.11866706911015151,0.12164075222633122,0.1195827829912236,0.11437457934605993,0.1077882421109825,0.10121234100048675,0.09679774461646508,0.096526754204598,0.09980329958092807,0.10367477974316504,0.10552352806357349,0.10480794237969683,0.10248666309200989,0.09945718631750611,0.09534655394938824,0.08906251063602036,0.08135193782363978,0.07575785714971846
0.17236826166526514,0.17031066120620625,0.16613957834799636,0.16010349585523928,0.15255399646012835,0.1437979348177122,0.13414640794607804,0.12333622673103191,0.11010149868095911,0.09255034123936806,0.06834855036221679,0.03561644634231236,-0.006530103820050247,-0.06165397100112937,-0.13970111755932527,-0.2536208806497338,-0.41025697968279007,-0.6002519088186786,-0.7925796607001543,-0.9404650151276539,-1.0,-0.9526090915248165,-0.8148177153326883,-0.6267497596073721,-0.4302440004917261,-0.2536622269152144,-0.10899405323747059,0.0035562107263418185,0.08863137990241485,0.15052650731520617,0.19305774614422633,0.22179900819054807,0.24319643866593582,0.26065696101796904,0.2729474102810551,0.2781508621178589,0.27800591648823597,0.2769946967608768,0.27890116284523553,0.2845630315988227,0.29159850802574777,0.2968395899855612,0.29943229375559904,0.3008997192916131,0.3026562295307428,0.30460737023678575,0.3062447142503641,0.30789243228854185,0.30995786293003674,0.31164703246457126
0.1510564888338371,0.1460076854233453,0.13148265964878386,0.10872904211553183,0.08691928527352488,0.07433264807633819,0.07030212676800411,0.06577963526791486,0.050770573549232985,0.022502144029393382,-0.014225166668929083,-0.05642265715932297,-0.10901486730849035,-0.17941167792386012,-0.2704768378503205,-0.3832428563299758,-0.5220705327649654,-0.6863887496837338,-0.8544994189993061,-0.978490520738894,-1.0,-0.885869815255404,-0.6582756327398902,-0.38480168820150945,-0.13601153247556566,0.04918679758356698,0.16695847401057884,0.22931548440716204,0.24872545992054618,0.23943248623359525,0.22053797845312806,0.20743228153443888,0.20319765912329046,0.20492489884345433,0.21446277721542126,0.23552759454491198,0.26354844747566675,0.2866134116348212,0.29725891185687364,0.2992092826517429,0.30223392443929376,0.31236958867664083,0.32671477776308405,0.33547146770947833,0.32852957590414467,0.3032097962864851,0.26791506685870264,0.23678478809783787,0.21891082783223498,0.2128479060571585
0.08583860320483055,0.07118689409126973,0.054498596111780644,0.04895736888681083,0.055973472841366965,0.06351008370118966,0.05940369956970269,0.04357052923908569,0.026932235535070393,0.023766750058121303,0.04276199455515247,0.08152697664385598,0.129743982459303,0.1776288003599048,0.21785696398245777,0.2289051280226988,0.15451779638819643,-0.0694460640555575,-0.4314790353760904,-0.7994139791509131,-1.0,-0.9561680898008083,-0.7337830345962071,-0.4627927828321113,-0.23856064944149022,-0.09124959356376153,-0.008386900419271776,0.03804308561061669,0.0753082829327788,0.11661915338132188,0.15470493383073727,0.1731172806340428,0.1665079279269248,0.14714474178398895,0.13196472489889055,0.12903617738037235,0.13684668041975204,0.1505460090778025,0.16616858050783778,0.18073898409450803,0.19146261834144992,0.19652204508859866,0.1954202490559305,0.187076534273488,0.1695807274226889,0.14417646720691626,0.1174272849145715,0.09640875857288041,0.08319249918423402,0.07668650704507929
0.17942279208555387,0.1759680244830216,0.171647441214936,0.16848428799107382,0.16656075565307962,0.16541246221526923,0.16422868596125464,0.16061887465604452,0.15142792214880477,0.1352845386204426,0.1139390140127229,0.0908389912716479,0.0666587688474125,0.033629195829287986,-0.026997766640040808,-0.13901838490432272,-0.3154029712729522,-0.5416322949957117,-0.7719995339990054,-0.94304087445966,-1.0,-0.9256465136544907,-0.7499210092859062,-0.5302502139237862,-0.3203247505038432,-0.15052290060049686,-0.026683824060886534,0.05998944884481535,0.12107218227922953,0.1632210317874233,0.18838665827693415,0.19955015803582266,0.2030353343907385,0.20445325624571933,0.20552604806564573,0.20544400678296937,0.2032451130961969,0.19905822017903077,0.19435539976180857,0.19112005218185116,0.19043353180264608,0.1922142840149832,0.19601915890743543,0.20113771121742416,0.20694322440487994,0.21399569682463235,0.2234147843459,0.23495311640519087,0.2462527864442796,0.2534980790149955
0.17658052923294892,0.17663339734516303,0.17524670205358625,0.1703812484996977,0.16019888989311848,0.14434892550511574,0.12546584369606284,0.10817513059680768,0.09555383462868149,0.08633158929905195,0.0753087181595595,0.056348455491040464,0.024772186637496446,-0.023439918763530614,-0.09523369591578522,-0.20253195790409,-0.3556971362658613,-0.5491834739402822,-0.7530372839121747,-0.9192436297209099,-1.0,-0.9715289751492269,-0.8475691255647648,-0.6681002746292642,-0.47486079653242275,-0.29624303833028187,-0.1463820943016111,-0.029564288064899025,0.05608113597139211,0.11621005521519309,0.15868951531082692,0.19222743932742575,0.22362838119152245,0.25446568357366905,0.2810227810167359,0.29818485342322437,0.30405662771901026,0.3016820545002135,0.29584424509918983,0.28962989608386736,0.28582607827330525,0.2878781180678551,0.29617059157710507,0.30570992657585844,0.31017933867160935,0.30777309165979705,0.30191567855944296,0.2972799792526008,0.29604197314207326,0.29677279374485555
-1.673883497493679e-05,0.001847826519853522,0.007231693447624716,0.01985359579098596,0.04237310023527997,0.07125331800665279,0.09779157773029548,0.11545476784426907,0.12522289421498373,0.13601761329240547,0.16287504973029163,0.22104225663347524,0.3152197713186078,0.433474287152268,0.5453100372305371,0.5924286858974493,0.4915623134215343,0.18549546685089985,-0.2794249173238045,-0.7373334250881625,-1.0,-0.9902981263212945,-0.7807239059646028,-0.510871082375808,-0.28166366263967596,-0.11854216402266687,-0.0017284534464093724,0.09322880967204623,0.17676677192952925,0.24219542958025678,0.2719871736981281,0.25456307607699136,0.19710753821525104,0.1203673387957671,0.046864761675386696,-0.006919475244160501,-0.03698766008026547,-0.05154978444851152,-0.05960333164225737,-0.061472551934152915,-0.05351817446703072,-0.03771555390719308,-0.02123219273885096,-0.009178136362518928,-0.0012750798748090751,0.00534147567133438,0.01161100496098105,0.016305385097210332,0.018999673864331847,0.02026172216252159
0.18468671024729819,0.18500614934434545,0.18395024272863808,0.18009198667387383,0.17351506126217026,0.16524479402448364,0.15604345184344326,0.14567125044750867,0.13298010861671644,0.11643320844773809,0.09399020381408484,0.06251286568588817,0.018165725192809876,-0.04327679618872559,-0.1284452289425382,-0.24723261805780272,-0.4062028492120247,-0.5965923662836328,-0.7880829811134348,-0.9361124525631663,-1.0,-0.9623624379016954,-0.8373154617825883,-0.6610363757940736,-0.47277358017476895,-0.3001467723390302,-0.15518692028352732,-0.038772018465404935,0.05274032164579546,0.12330738469524931,0.17593434796962712,0.21305893141520993,0.23743180333501496,0.2524346934887311,0.26144031216510055,0.2668718876693125,0.2700029328659603,0.2718627926928572,0.2740658833743019,0.27797671825900594,0.283447207802577,0.2893699671187905,0.2948610282216754,0.299465671417119,0.30349013110709316,0.30844572527344377,0.3159554098546377,0.3258302226781368,0.33556973471325957,0.3416839930105165
0.04505039995668828,0.047969014950528,0.05477686508695367,0.05978476299206411,0.05576776746119543,0.04507488046430838,0.035714758398692044,0.030151096527933408,0.02539895368196591,0.02104944218699966,0.022456534935649322,0.0394798480301322,0.08440238067310164,0.16520626369572194,0.27150355193243336,0.35468317613035655,0.32218035939197515,0.08835638003522184,-0.32603719593194447,-0.7563414360147788,-1.0,-0.9710980773161382,-0.7423506012910054,-0.4561867490444974,-0.2194634280519372,-0.06733587722661638,0.013944935059954719,0.052902124616495044,0.07313311615775117,0.08840708286781983,0.10468497976710125,0.1230001513698846,0.14161332730568071,0.15819462063721085,0.1712492536188358,0.1799123311735582,0.18417063118629762,0.18484717416466265,0.18098061244792626,0.16896649269607136,0.147068173725957,0.11994801845398748,0.09592299421601595,0.07932188405702088,0.0695497328282866,0.06651411702671316,0.07160441158438886,0.08418398151437746,0.09953140399289799,0.11015537787610157
0.24304223067355185,0.23725488902002634,0.22350965781676096,0.19572419922188147,0.15494190855175932,0.11544664393456838,0.09117072367592156,0.08097157553797371,0.0738971187942603,0.0648170939139873,0.05548104224115663,0.0444463163461146,0.024755947940176912,-0.01062767895327279,-0.06780367642304308,-0.15816760158802354,-0.29878790726569604,-0.49575908931466667,-0.7216675674224898,-0.9129608673297833,-1.0,-0.9511686624025072,-0.7921697879527677,-0.5827028250979063,-0.37673398447661877,-0.20236962431750938,-0.06558355512500613,0.03936950910071662,0.12116595439129423,0.18591245870928869,0.236591109437939,0.27289464606962877,0.2906478770203172,0.28759451341159964,0.27077883745060094,0.25283946015165093,0.24107312782000748,0.2350252249584062,0.23308709780810782,0.23495167594938657,0.2380186062682189,0.23720435317890465,0.2301721465293065,0.21985079817079367,0.2099757073277438,0.2009568406265408,0.19343690494562904,0.19210539165862606,0.19936397592831615,0.20802726308812705
0.20051220825943689,0.18401315617548383,0.15147894535366532,0.10951322760001664,0.07388153143132523,0.057767916045699565,0.05891814068821896,0.06321495033178709,0.05614924229163141,0.029910271575769087,-0.016177458238396544,-0.078374806828385,-0.14927008995859414,-0.22062689177722145,-0.2924205086257152,-0.3764739626479482,-0.48696440923378603,-0.6285355702660057,-0.7880486246342274,-0.9285552045129433,-1.0,-0.9734039949286144,-0.8644243713872183,-0.7156917312160234,-0.5618854167797507,-0.41670915642300715,-0.2833503118885893,-0.16581938921558098,-0.06844924097796634,0.010688127059262706,0.08043191539919081,0.1486923225558115,0.21610734334779602,0.2780568649541422,0.3294578222670238,0.36692788166110024,0.39052436195758455,0.4056304146393232,0.42088168786712493,0.4409662402538894,0.46243294613332264,0.4803301418118221,0.495554852105442,0.5100081695833022,0.5189264746164082,0.5158603653773671,0.5033776567780588,0.49086909490289615,0.48353272045856754,0.4805641460575056
0.15303300473050344,0.1200395774413304,0.07227936852895302,0.03334536857252793,0.014987925268873374,0.01219209250584267,0.014919115095916365,0.01881452750545941,0.023400716317571884,0.026456994840699504,0.023741594214824698,0.011393568372789332,-0.01420030472015975,-0.05750499728098742,-0.12401707268168398,-0.2209376574155825,-0.35642608345058946,-0.5323870155195695,-0.7308578796345602,-0.906020846971942,-1.0,-0.9799728375269873,-0.8602731438643062,-0.6851152987183546,-0.4976092886578746,-0.3253610510056408,-0.17976040842136132,-0.060080010971938075,0.03924580736286544,0.12319679900943421,0.19477550654786738,0.2546285540046137,0.30176105612486376,0.3366710395767714,0.3633403013276281,0.3850883237009532,0.400141833007746,0.40584798892916935,0.4040689824394175,0.3991150339455316,0.3933892478008808,0.384993127265914,0.3687019412401679,0.3431255681868668,0.31681446506987204,0.30239599938988587,0.3047255397946294,0.3173720864758274,0.32994176724816465,0.3365790749971733
0.06182405128248392,0.03811965487785288,0.0002915617727041901,-0.03547186892792669,-0.0556381099815401,-0.058815013912546406,-0.055093997610487326,-0.054921127546576555,-0.05884783868919835,-0.06041511387793038,-0.05815932833994053,-0.05915642498260107,-0.07046942542898493,-0.09417346988422576,-0.13422553684998353,-0.20547128266628828,-0.3312360341571953,-0.522536769670521,-0.7498083929102681,-0.9374207861039804,-1.0,-0.8983491979320934,-0.6659594554152464,-0.38219817057146566,-0.12149757814823582,0.07767643974438765,0.21227800739650762,0.29794270201503575,0.3519698998198957,0.3829194814721849,0.39112429123628656,0.3785020922599725,0.35367154505220544,0.3261116896317874,0.3010191830963209,0.27981536086392267,0.26087011077425737,0.24145541436152773,0.22285413505634608,0.21116289069183095,0.20957735073287087,0.21305235240941195,0.2138546416160816,0.20986852383560536,0.20661353743487976,0.2119205099845117,0.2264537999919214,0.24061094840072816,0.24522493826315434,0.24307980953256053
0.20513949835373999,0.21056334770660903,0.20662343324103558,0.18349545312484972,0.14865669690644492,0.1169039429634937,0.09541638991251046,0.08140576688580982,0.06873546302905598,0.053469342594580846,0.034239763360405524,0.009249248596384483,-0.02554654582922194,-0.07581531118927957,-0.14890945665976604,-0.2553599934411235,-0.4054248039818682,-0.5952638995037725,-0.7935500621969505,-0.9460087048556751,-1.0,-0.9347346855508132,-0.773553900234171,-0.5659944901859614,-0.3589030753895539,-0.18145264193166408,-0.04355535087636387,0.06016739891044426,0.13997828564280326,0.2005887405116357,0.24121419639506528,0.26215934016674663,0.26729203354287745,0.2613983006125837,0.24950520424993067,0.23914475185866288,0.23891526394728144,0.25218884303071043,0.27213555122317185,0.28580874728557104,0.28621206471061145,0.27806258231457043,0.26947234485158567,0.2633577861996965,0.26021218053370826,0.2619142502100879,0.2682381321074093,0.2749606598190016,0.2783684870471341,0.2788794299799743
-0.021439402812366535,-0.010794436067343531,0.0001244830511108433,0.011214291266686008,0.03544704602722233,0.07968765532182169,0.13522477836534597,0.18927364027260915,0.23869781795698236,0.28859335440907924,0.34235631176975323,0.39909559665462446,0.4560747802638948,0.5048809145577093,0.52260049009466,0.46579904245045434,0.28034242489524797,-0.05486081731386213,-0.4741077410369173,-0.8336148309094875,-1.0,-0.9372767919902695,-0.7156618114134035,-0.44952885526147734,-0.22590196959999437,-0.07480834778299192,0.014973584120131537,0.0664524819246577,0.09556180018603563,0.10757651236627516,0.10477425551628368,0.09295026534594208,0.0788538176042452,0.06536988392528928,0.05080863760957622,0.033734818212177754,0.019614161542366525,0.017334940309251274,0.026634283016347945,0.03552719124473478,0.03392932657954516,0.024857937576166163,0.01809467137075204,0.016907876927419373,0.015870898743527616,0.009125963447027825,-0.0034631073359023853,-0.017292795041908643,-0.027456280267376128,-0.032158748091654366
0.24201402209556253,0.2381302039735276,0.23092690022897372,0.2204006709594102,0.20571225265957124,0.18618057401343885,0.1620429118236685,0.13446703177764122,0.10512674837183757,0.07559852185104124,0.046928467123373466,0.01873786371871324,-0.012549169007831606,-0.05481952035178885,-0.1199091000346358,-0.22211116546476295,-0.37243596777140425,-0.5659275821005813,-0.7702743799358011,-0.9314434055441729,-1.0,-0.9588354286477271,-0.828491052177048,-0.6492043605119218,-0.4593323577275934,-0.2844695050246221,-0.1367398497320335,-0.018732461509615328,0.07164839104355683,0.1376719541388969,0.1830661494482068,0.2128486863952623,0.23244327186829755,0.24537107083572265,0.25308394341057416,0.25701018562953637,0.25930298119831874,0.2615652301232348,0.26409639401821844,0.2666591546571389,0.2695890705022229,0.2738577351397414,0.2797558585115309,0.28602995223135913,0.2910488052828724,0.29423642772369507,0.2958053007761007,0.29585904840035104,0.29466571790663626,0.29339380770330653
0.2822834166838221,0.3107967981152886,0.35088501630243335,0.3757271470140834,0.3675760071673815,0.3304549243379466,0.2823852292758886,0.23964942019394989,0.20713182055241042,0.18049848360785856,0.1556558514739459,0.13113593193674347,0.10390903569846224,0.06667615665123695,0.002575078807488577,-0.11459983437784094,-0.3012295045904725,-0.5412636496689802,-0.7827964156714532,-0.9552396948701629,-1.0,-0.9040035244111841,-0.7105350271232779,-0.4912847646785878,-0.30558772366911174,-0.17988460905694467,-0.10870503130611613,-0.0676634577089457,-0.03293482996543722,0.004931824984935005,0.04382535836572672,0.08051876868507106,0.11047906715477067,0.12446469640053118,0.11802199573090269,0.09927938774377092,0.08087219560211473,0.07071735280325839,0.07353242273462002,0.09348259480392153,0.1299149923726768,0.17449577507544803,0.21521577605768138,0.24129543973845008,0.2479619132504509,0.2406411043555127,0.23185409134198814,0.23213119107825306,0.24223085997286684,0.2525209410266237
0.10011396940145235,0.10059998776553308,0.11097787827063542,0.13285429857335593,0.15996273609683392,0.18842843996334208,0.21649538816053826,0.24162543533824274,0.26225133352744434,0.2795464069683508,0.2979164861275958,0.3220733446744203,0.34906769866206017,0.3637034127541266,0.34124869374885813,0.25077592563464296,0.06288187308430523,-0.22662735550760987,-0.5675501953698722,-0.8580385662025843,-1.0,-0.966853451665182,-0.8162371039543829,-0.6375200828285333,-0.4909380827997254,-0.386697743842411,-0.30430553591146847,-0.22544507966884558,-0.1505931391950432,-0.08832049852177325,-0.03771079987960101,0.010236632128102066,0.05807852959500083,0.0999542965600509,0.133349423125067,0.16155446638180515,0.18359164830337787,0.19201497674125398,0.1831014946756316,0.16365097706595405,0.14640313971201066,0.1405551535710545,0.14622579704798627,0.15760044626506026,0.17057228751671688,0.18486054178192712,0.1995724983729025,0.2110423827405878,0.21648772431555696,0.217461910695248
0.15805544751770303,0.17538084087408654,0.1984245571422452,0.21624678493122373,0.2240452004824616,0.21980365053749007,0.2021709050564963,0.1722954698444781,0.13422011640783293,0.09260128920081562,0.05175666551559343,0.014267663672331933,-0.02227541744886322,-0.06540700707064605,-0.12522409718994848,-0.21446420228125918,-0.3469269798546688,-0.5261608915030804,-0.7300511886791005,-0.9076307448912033,-1.0,-0.9767503070718142,-0.8543579151888402,-0.67739279077683,-0.4882881331683355,-0.3149498768151738,-0.17189849022305417,-0.06169860327273971,0.022656654524243317,0.0914249840213711,0.15105410693090435,0.20155087143796152,0.23932516110747734,0.26146982015155157,0.26918283697344236,0.2683820694248141,0.26578076193865746,0.26517813145333147,0.2677484125296982,0.2734130933254645,0.28099197363722905,0.28741627527134433,0.28945244479147453,0.2888720766286023,0.2917968274724425,0.300359594157913,0.310948918208324,0.3216285146695727,0.3332361539946013,0.34233837160237746
-0.15331615319928904,-0.1583785671749658,-0.16477272899337161,-0.17042265062630702,-0.1758206469507895,-0.18050025323704927,-0.1827338484169685,-0.18349181192550038,-0.1873491809788001,-0.19799147693349325,-0.21568618473689607,-0.2401655674044997,-0.27483045192513494,-0.32718570842393496,-0.403645858391209,-0.5043721589839977,-0.6241709744394505,-0.7547534700219936,-0.8807231038449594,-0.9738748419709384,-1.0,-0.9417017880224384,-0.8164108495099027,-0.6653291884402677,-0.5217733112684027,-0.3920733320997306,-0.26325816453037015,-0.12143795730277382,0.03705929925933813,0.2027789965482879,0.35554147060718644,0.4754484880801276,0.5568326386124838,0.6095422624254315,0.6458952596249344,0.6697843572188636,0.6793277725862695,0.6759521387837263,0.6665958597263493,0.6566322174178661,0.6440054564827107,0.6234794713010701,0.5949155959878145,0.5640802254753862,0.537200911594303,0.5175533709479867,0.504637663187423,0.4947514796390053,0.48537147363293415,0.478783820613936
0.039189009037330455,0.049666905275456634,0.06694203429763602,0.08440934237843173,0.09430974263846789,0.09176679374089039,0.08090429720355759,0.07403273417757301,0.08034733903716776,0.1001899467555712,0.13297911735914847,0.1841512014815151,0.2627769911028294,0.3741455071156402,0.5037045329291537,0.5920853318614995,0.533829295699658,0.24409961789258813,-0.23651163538655098,-0.7210920076960864,-1.0,-0.993052680424012,-0.77880849246462,-0.5015542119684739,-0.27039681079126243,-0.12486541280994774,-0.054480713444600155,-0.028679810050312383,-0.015592056786206461,0.005722338609608744,0.03736359106504948,0.0667318579957816,0.08129430293273934,0.07984411332354961,0.07035470674074844,0.0609467004537875,0.05608788434866292,0.057803914408229656,0.0655031477691374,0.07595681028319036,0.08479168856538474,0.08645924950792487,0.07629730170505207,0.05712371575125771,0.040133150154989534,0.03358973955925302,0.03329480267695176,0.02985930864695352,0.02161507186017253,0.01473069547953288
0.11498817816043513,0.10480787076966683,0.08922478808254045,0.07027023881564197,0.04681831703090104,0.02135743425766768,-7.4455234739778e-05,-0.01582802163534769,-0.03202763675842653,-0.057962575670274685,-0.10060499190250068,-0.16238371952681985,-0.24179351804189128,-0.33444419506203593,-0.4342800120351837,-0.5371669095452265,-0.6437133531705047,-0.7555249064568801,-0.8664986109100026,-0.9570912829518029,-1.0,-0.97721720793107,-0.8930452850434197,-0.7694243141301385,-0.6302941901827457,-0.4912134696773238,-0.35974562827191436,-0.2386343764500873,-0.12660796859522017,-0.02083909946323719,0.07855819840995455,0.16825987797207026,0.24643630817268564,0.31497611669023723,0.3762005504332737,0.4303588636214036,0.47801522619220616,0.5219049109455094,0.5629426280865644,0.5965540417864099,0.6171661203313058,0.625428421495668,0.6283407798656839,0.6325305635765938,0.6394457347612221,0.6470432931934683,0.6533441702984625,0.6578185077670848,0.6609090642567444,0.6627155236733934
0.06578850723761849,0.06598969316294176,0.06846147313247346,0.07724387497491467,0.09364917338608056,0.11419578602792486,0.1360389679629339,0.16095955603923648,0.19183684823842476,0.22869739503729705,0.2711760303518352,0.3212533940395806,0.37886633660160407,0.43351682946399356,0.456849569219037,0.40106476535385516,0.21603072962889705,-0.10911212291635629,-0.5073114539232433,-0.8455447499205715,-1.0,-0.9392994464999231,-0.7371116766979837,-0.504116434132401,-0.3132360335908617,-0.17953302649855424,-0.08550698320338784,-0.012781337135233176,0.04382596303416577,0.08037766769014511,0.09301351059967475,0.08464344158116476,0.06701941313653657,0.054193734652844515,0.052106602403993674,0.05637875045974623,0.06050421135279625,0.06499626969718034,0.07648818216625297,0.09662961398663505,0.11633276191494551,0.12459673728153102,0.1189511286663206,0.10448693443662863,0.08656104657806186,0.06732495588610664,0.04752682822677147,0.029362049378829948,0.016366341546554686,0.01024818998298074
0.0618376530272255,0.06128872608786875,0.058087901610541455,0.05381312528868196,0.05544844171724112,0.0695151712808371,0.09543439999074949,0.12691840673817165,0.15944680475353648,0.19464330408123112,0.23905224455508414,0.299935664612707,0.3796865687559671,0.4685768166619521,0.5353499190437189,0.5234290372548707,0.3695161256851624,0.04893068914920522,-0.3795936456174628,-0.7774957607617019,-1.0,-0.9893405319595399,-0.801761782548121,-0.550083894678538,-0.3284874957509102,-0.17847029089905744,-0.09584809348027122,-0.05455281004937841,-0.030014141342145053,-0.010267859633794868,0.007911396867314397,0.026115247039031696,0.0446880775423384,0.060854212521405895,0.07094201354901414,0.07389481389088984,0.07160934566404632,0.0677270454336784,0.06627587712217393,0.06880634491156339,0.07313800513006022,0.07678004149108089,0.08023391195029567,0.08517061930507538,0.09042927602040463,0.09219065181810897,0.0888968686352023,0.08408190474420603,0.08222999045701991,0.08302966233325812
0.057072185079950245,0.04162901269700612,0.018866422302680222,-0.0034923112056835814,-0.022337282221038417,-0.0360125268807061,-0.04324711210868809,-0.046886924415797,-0.053442162408769665,-0.0647972168668067,-0.07214207767970468,-0.06374690564702107,-0.04177207590262065,-0.028762314481081835,-0.05546849564486502,-0.14391618506557197,-0.29878685623655,-0.5048751952452534,-0.7258960410928137,-0.9081440738627247,-1.0,-0.9831822668911937,-0.8831797164392359,-0.7440021279727844,-0.5973217679323957,-0.4537536526290797,-0.31213740034307985,-0.171351789127232,-0.03559635394627911,0.08675920043884326,0.18750659448074258,0.264357807184762,0.3230999355601218,0.37169168972003175,0.41229948052573584,0.44194307502587626,0.4595738071727353,0.4674185073804942,0.4679770811641415,0.4641535279458825,0.45842975294571325,0.4503545351070865,0.4386081794348149,0.42575582703399345,0.41781909464951406,0.417188869605974,0.4181776783110065,0.4128467479367061,0.4006497179546486,0.3900721025885159
0.1275934467117021,0.12629587152754276,0.12346951008241933,0.11882791105802117,0.11214053218766587,0.10364317009661211,0.0942280985269555,0.08464084374090933,0.07478909758150425,0.06390073443799107,0.05023385520232005,0.03040235642875333,7.981885489496293e-05,-0.04502269703597926,-0.11088774800408371,-0.20809335890835332,-0.3493876041930861,-0.5374761866591411,-0.7478215574349545,-0.9236938350128818,-1.0,-0.9445338892296565,-0.7794933120644134,-0.5632404619154876,-0.352850463760916,-0.18028684829441735,-0.05233980185777382,0.03796976076690009,0.10132993959593353,0.14673196862039706,0.17982571532016378,0.20382793979742286,0.2211418782995201,0.2339078627087142,0.243720696999571,0.25194171819911526,0.26015361545452453,0.26942142820148496,0.27924021547279315,0.28786367485020153,0.2937065320787431,0.2963903295055854,0.2967161140000556,0.295847770604671,0.29471854808527786,0.29418722701456496,0.2950661546822425,0.2975228838357404,0.3006893954150895,0.3029611484251403
0.05506341427228844,0.05522109385760958,0.05348506407116989,0.04764423425716656,0.03675508253643731,0.023324922073741764,0.015480206860484007,0.023076161223990418,0.04928281532812416,0.08785546295088652,0.13065257111954678,0.17786498666725672,0.2384415029864071,0.31749337291426927,0.3978750386227976,0.4263340637613435,0.3236938053913482,0.03829808703420706,-0.3830130594474323,-0.7856871015631528,-1.0,-0.9590330209169475,-0.7308970849208629,-0.4481902052465812,-0.21461179182119036,-0.06516034935806327,0.01564356910738801,0.05862608132467081,0.0871891714033119,0.11092717852888838,0.12940009102918912,0.13864999607763026,0.1365996297501112,0.12562887291071795,0.11100027684979859,0.09764421882239234,0.08851486217555844,0.08395614313249349,0.0818406421863737,0.07981051091753927,0.07813108611574535,0.0792977896005389,0.08372821465682184,0.08658033458193708,0.08208201705688067,0.07152995275544412,0.06280843823432433,0.06161759885596562,0.06639071001289347,0.07115334125854118
0.22201036767857438,0.20109157635371694,0.1729872121536531,0.14950859158478788,0.13293001338741584,0.12309852142387039,0.12092063193691516,0.12354229221349058,0.12512868176573386,0.12278659330969321,0.11564260654172827,0.09999020790925169,0.07060400111815388,0.024871806533116894,-0.04029122131749792,-0.13621479452874558,-0.28023021443008306,-0.4781149927842952,-0.7047221676243139,-0.901300220213234,-1.0,-0.965388937518539,-0.8176226320758128,-0.6132148213005773,-0.4061560436422282,-0.22676708760521733,-0.08339066085247848,0.029346731159472898,0.12102534584676829,0.19478255351249424,0.2453351029700201,0.26914883377626087,0.2724367457234487,0.26594898566630576,0.2555562068790592,0.24154906632566805,0.22345927100404983,0.2011022017285803,0.1746446836481403,0.14905077302625142,0.13555226566301093,0.14205375964206066,0.1634848348489258,0.1875590059538681,0.2078896360407948,0.22679285538403982,0.2485528171883491,0.2743299619475354,0.30051941029748175,0.3181796417503339
-0.03907740876747607,-0.043859896212589324,-0.052266471480759566,-0.05956220769325759,-0.05823845669453344,-0.04535586081632804,-0.02666209921945943,-0.00926946075136222,0.008125847514472859,0.036125682339127586,0.08745549974966252,0.16926233180868644,0.2794491009676964,0.4053505191244514,0.5177272228973177,0.5587758174441282,0.44778952738973204,0.1338350074594149,-0.3288672884760407,-0.7687764172599172,-1.0,-0.9590148920692616,-0.7327229312639408,-0.46230056845256706,-0.24109442471771644,-0.0898273450987536,0.009060580694706293,0.0728641735363085,0.1078614046833424,0.11873674598718362,0.11557890880335599,0.11113271191251566,0.1131627292689659,0.12020867027325197,0.12621797345770205,0.12860284435920794,0.13037376014369734,0.13680171965626114,0.15102344227787226,0.16858984834047352,0.17555233802427267,0.15889134152039458,0.12262149731281598,0.08601501058613527,0.06185639103937187,0.0452036472352471,0.026506913991439094,0.006393189249517502,-0.007519525294998499,-0.012737144779766625
0.16374698298428042,0.163508294464878,0.15990952348092008,0.15171705656899515,0.1405517741483977,0.1263371851647862,0.10544173208213908,0.07334802365985159,0.027658395506402114,-0.02954952770056785,-0.09255010592401526,-0.1570933359575397,-0.22339437241219742,-0.29485306970946995,-0.37666717845409364,-0.47356845569361317,-0.5865330075428586,-0.7120788386050001,-0.8399941264397528,-0.9468230999992857,-1.0,-0.9811124569194222,-0.9027552745062207,-0.7955661862644738,-0.6848616549437001,-0.5822837563157225,-0.48815443101156597,-0.3952704936105972,-0.29568315179614735,-0.1882237105800276,-0.07842472896968275,0.028549885590133585,0.13152021931362756,0.22920016878387506,0.3163955738750603,0.3879795498772856,0.4449494852309897,0.49330052844809735,0.5380909222896615,0.5802178989858625,0.6171325755862003,0.6455571769173228,0.6649252071836322,0.6787884779692579,0.6921251375270723,0.7064695641871263,0.7175932422822643,0.7198087604220161,0.7136724665512083,0.7069451542746121
-0.003377102874150536,-0.0010075994663412756,0.002963775344882923,0.008801549131943217,0.016901989919207515,0.026199866602310166,0.03493328510995929,0.042368576297158886,0.049722709318826455,0.06133557908637161,0.08406455755917466,0.1234495348042163,0.18165147514685528,0.2578070361642605,0.3425998861128483,0.39983480162279467,0.35146696003700784,0.11335028405980722,-0.30704263820501926,-0.7507115629987541,-1.0,-0.9573522613282932,-0.7100810245680766,-0.4225269562874238,-0.20026370476571745,-0.056179537133653396,0.0401270940583087,0.11253976476582195,0.16593638870078384,0.1956761057815616,0.19899077711973864,0.18100052234658376,0.1509839367921588,0.1156916973254133,0.08129746364929873,0.05669302600704715,0.048256568083386915,0.055337537202058834,0.07207842044436033,0.08942690786546753,0.09873895728875218,0.0983998382303284,0.09471485047710348,0.09274650675875215,0.08885521183705845,0.07697956498558117,0.059559363242478174,0.04656959297019055,0.04387130472339431,0.04661912065417598
0.06148591757491365,0.0486145201165183,0.028515119824377936,0.012781745539353453,0.010479231363660736,0.02277839260706263,0.04469187481869281,0.06672892006079305,0.0810148787910735,0.08992457427009014,0.10349151884859396,0.1298153335384799,0.17611671007692797,0.2525523275213961,0.35508468174380287,0.4352965718407221,0.3968125420357167,0.1513694712888762,-0.2828644546473399,-0.7384964581648762,-1.0,-0.9712810341248095,-0.7299195131924736,-0.4288958560471398,-0.1797679043184419,-0.019586896175068678,0.06261057435060613,0.09522096046884769,0.10403962750421593,0.10206666469205118,0.09364096582866047,0.08392300739732139,0.07754396098292765,0.07206804917201472,0.061997582859483216,0.04894026722635583,0.04290972954988643,0.05227838656775883,0.0737766219809224,0.09420760770954012,0.10249308462039078,0.09830137794651768,0.08862020846615029,0.07927221906012727,0.0723221366454909,0.06879155236235515,0.0694151425045309,0.07376883407222427,0.0800893882713679,0.08495983456935012
0.1914381799847679,0.20146910234942772,0.2120638161893226,0.21422962576508706,0.20599797723590366,0.1914891513955616,0.17699103072569566,0.16666254124260463,0.1589310247356787,0.14700473194422795,0.12426849091194697,0.08798789085205994,0.03783223274391528,-0.02712885093924126,-0.11126939099243961,-0.22468233042706595,-0.37895607683113763,-0.5725130935481858,-0.7761308771687253,-0.9361476769832042,-1.0,-0.9481882619066759,-0.8059434172341685,-0.6235663168512053,-0.44554602966329093,-0.29484001922625314,-0.17539537599527888,-0.08054396875658348,-0.0013901285869382493,0.06618495006766477,0.12097178884790974,0.1620311329355652,0.19214256626446907,0.21606208928502169,0.23757361958520049,0.2576016823200998,0.2745690909543979,0.28739002424450566,0.29724927217727354,0.30552368082717035,0.3112951523082525,0.31232238257088973,0.3075845467780275,0.29747685629852644,0.28340741337083236,0.26928943089690416,0.26143469250008017,0.26433633272248025,0.2756152947134679,0.28581401936545464
0.1367394640861162,0.13249712230218907,0.12790157247015624,0.12722460673929512,0.13213864547191542,0.14287785510410805,0.16142886276798954,0.19174944362920218,0.23719895699469534,0.29803024167894987,0.3695008565614561,0.44170313150642193,0.5001459437666596,0.5229297304160039,0.47794508144509684,0.33204748595313416,0.07512512665335701,-0.25846262804654435,-0.5948046002988024,-0.8540720161732641,-0.9886889279999904,-1.0,-0.9253662374753195,-0.8086473577076813,-0.6794401398641293,-0.5531282428821146,-0.4387469898156279,-0.3408753000662847,-0.2583821962740925,-0.1863626489228529,-0.11995719388426684,-0.05682591083249947,0.0023971505227642098,0.05488081055622406,0.09711522915774237,0.12773662068459668,0.1495528334057668,0.16739480316401248,0.18424888831174144,0.20059020329752072,0.2161822376339382,0.23064897814081708,0.2429354372133327,0.2521360323177047,0.2593305660244625,0.26759502164123883,0.2794898590969165,0.2947176624853835,0.3098998199291521,0.31972410911341054
0.06051437289426176,0.06480619703952281,0.06951210854468366,0.07045443908086477,0.06580881224945168,0.057419370602469585,0.050026827076275385,0.046333993992450445,0.04364151492240898,0.03773284824992139,0.027401204134073053,0.012345364149286877,-0.011964939786861827,-0.05607027586793891,-0.13378158228751355,-0.25640563392231963,-0.42523232214266093,-0.6247070085219503,-0.819930035254193,-0.9616246926394103,-1.0,-0.905290607309185,-0.6860307353290637,-0.3912340927771078,-0.08996486539639506,0.15980184248987464,0.3315383525270654,0.4289782280618173,0.470345441431524,0.4738560221865067,0.45396215097211745,0.4227293552418128,0.3883660095715282,0.35388655911769523,0.31964931323012313,0.2855273370563327,0.25035675438141336,0.2127006957937794,0.17416569525530798,0.14016914323853513,0.11589479348501688,0.10231834375399065,0.09635840828208081,0.09388583120608429,0.09232426033267625,0.09044876637343592,0.08651479779195667,0.07906094029565165,0.06987731102363881,0.06352338519896455
0.04941186286360314,0.05236568415059162,0.054635860860375154,0.05416596856927224,0.05333491872612482,0.05511883478887009,0.05940825927762589,0.06504107677354881,0.07369176837351094,0.0906334407732102,0.12201666339319148,0.17304274571558678,0.24943500245362146,0.3540601204647762,0.46798353500715456,0.5265663376354287,0.4313175196479074,0.12366127478581003,-0.3330840284883518,-0.7641749433071651,-1.0,-0.9877697095249506,-0.7984386779391968,-0.5492808840148542,-0.3284244222694299,-0.17045435511349802,-0.0718546592747485,-0.014073849656582163,0.022178530778717627,0.04997389045571448,0.07402360753776828,0.09330219613128474,0.10536575928823005,0.1089024115295506,0.10522316464443326,0.0990207272853417,0.0953969593794402,0.09501406435647992,0.0945090973691415,0.09157435909478438,0.08708657639531135,0.08335675223414965,0.0824485128489417,0.08466949323792888,0.08779644589944129,0.0898630253299869,0.09253055159530478,0.09873078592883172,0.10730231537226274,0.11339542863552143
0.1379115889952758,0.13129400806840708,0.11177970869184832,0.07933950280236443,0.05002566906542458,0.04130870081529977,0.05116246218526764,0.059675951599385484,0.04805134506633099,0.013731514327396136,-0.031722388361442755,-0.0757433352212765,-0.11340933202361117,-0.14784835578694894,-0.18814656199020868,-0.24846301299462525,-0.3476633731756621,-0.5024463948391227,-0.7053617562371131,-0.9007845067673775,-1.0,-0.9467745400191142,-0.767419802553831,-0.5447479542274853,-0.3507081531606114,-0.20730454486487865,-0.09752478517121525,-2.989683108048456e-07,0.09059512251730328,0.16806446930200036,0.2270642442463117,0.26937137683166357,0.3027736214289975,0.33632855887903107,0.37474186364945006,0.4134713087915187,0.44038409688874086,0.4445109279252813,0.42196122905284755,0.3769047632891921,0.32134311905161517,0.27206664830482236,0.24310773788968384,0.2362505814351613,0.23994493967189823,0.24258833892204543,0.2443872995082575,0.2513726370042959,0.2629180419227753,0.2716377182329424
-0.07801132464078049,-0.07771672587691057,-0.07552356643048279,-0.07212813243141684,-0.06987582495446505,-0.06869966755590806,-0.06594994630185334,-0.06032496213807092,-0.052797039724369665,-0.04246034151522659,-0.024807540232301226,0.004443106375131211,0.044394389337755656,0.08358991326841322,0.09549412968569124,0.0430355715937108,-0.10339353084882319,-0.341745466958616,-0.6239021595983698,-0.8681786394944134,-1.0,-0.9930063559728376,-0.8759039553481739,-0.7036369051191521,-0.5236320634077865,-0.3610974314184547,-0.2230603923332085,-0.10889630967318846,-0.01669498311566709,0.05672427245152324,0.11668819155359975,0.16862945832850468,0.215315573000477,0.2564954272236843,0.29126800370400496,0.3203898577006004,0.34560786491086126,0.3677256881441291,0.3869365297286791,0.40397706134391576,0.41939982267245485,0.43226752146247693,0.4403758509476827,0.44228310425680795,0.43910892872164164,0.4332910179752566,0.42531546815054144,0.4134125892630857,0.3983432570190445,0.3869306662708025
-0.11202122817566801,-0.10825278431272885,-0.10283082449160941,-0.09942630525495955,-0.10034126198028236,-0.10407741149397534,-0.10689698354466776,-0.10567912870908643,-0.09843101697238885,-0.08352811677056236,-0.059482712953082634,-0.02610192940281957,0.011060503515584427,0.03462543714527212,0.01559057981307196,-0.07543109771623076,-0.25067004560821715,-0.49030413548873336,-0.7399641392723338,-0.9283269881031176,-1.0,-0.9432381662557539,-0.791692241192412,-0.5992935816785377,-0.41016534994848264,-0.24605869027587512,-0.11193545303196697,-0.0049643996098370675,0.08068911394762543,0.1506423897034322,0.20820501730781055,0.25537160479422516,0.2942521506759141,0.3262442965398338,0.3513849526002993,0.36990757787553613,0.38384327470918433,0.39604358981169696,0.40747225499368167,0.4165688307996398,0.4221574082469351,0.42569830283598636,0.4290634933481487,0.43081976805140904,0.4266433426801731,0.4137547015223226,0.39360157278799385,0.3703532089977883,0.3491282895193522,0.3359923300204117
-0.020217080169665405,-0.015673078548850566,-0.00908650172766396,-0.0015499455302698476,0.007828611845962525,0.01926176526732283,0.031791462469958696,0.04525933107935689,0.06151659399100757,0.08408727073657193,0.11777737684384149,0.16931020185065085,0.2466221402334115,0.35155447795582057,0.46393430749218534,0.525011529440112,0.44594021923269495,0.16679252499225664,-0.26697144626994335,-0.7002366617119227,-0.9667021249485179,-1.0,-0.8541551345653333,-0.6359977816933016,-0.4302523622438006,-0.27140008999045445,-0.15608887761509171,-0.06793715315919374,0.005678087612543836,0.07003664708276064,0.1263353734388269,0.174447805108955,0.21269764306157876,0.2377664106848039,0.2476785040905376,0.24440650413270262,0.2325926102221397,0.21663802450234243,0.19877011230356303,0.17848324528343343,0.15420549447853724,0.12595736250954515,0.09559985899722886,0.06548573101942218,0.03863970105756384,0.0185321560949321,0.006772410899737375,0.002278470775668114,0.0025022695443184533,0.004076001841713721
0.14970203548769376,0.1475719852025766,0.14158599259068147,0.13217196075849047,0.12173362071206777,0.11132621356867696,0.10049247697715637,0.08998967316491778,0.08169908682883353,0.07539621802170186,0.06784707505392797,0.05481542944580942,0.03188030735525649,-0.006554044846314062,-0.06786285298836572,-0.16252717010696177,-0.3042304040396501,-0.4990361836351659,-0.7236944767465314,-0.9157482733610934,-1.0,-0.9395258681331928,-0.7624626602488369,-0.5371847221279382,-0.32522589186863965,-0.15549176798100087,-0.029637132740868315,0.0608887454405433,0.12474036810150649,0.1687384394193544,0.19798125166796232,0.21628199882642754,0.22706414810602743,0.23385424776339125,0.23967430127744863,0.2459954514332407,0.2521689092005059,0.25593794307403367,0.2558076689754139,0.25260412044835423,0.24774390291470422,0.2423460008901556,0.23834717605581848,0.23684008243668261,0.2362004860072742,0.23499406582777452,0.23458135822525247,0.23664600285950885,0.24035543442339252,0.24317727028199693
0.011263202560483876,0.018093524660882477,0.03514571207949956,0.06046354256829814,0.08532885898287636,0.10146776266205705,0.10551083093204845,0.1001511961801907,0.09441429118026408,0.09884298656339653,0.11952507549896203,0.15893129879446383,0.2187093241962477,0.2951866566773454,0.3682183183805738,0.3909148501091385,0.294788031399495,0.028971053332964253,-0.37494950123417015,-0.7762034339821174,-1.0,-0.9664036202987802,-0.7396763022060081,-0.4543460778170646,-0.2138298043478637,-0.05372129370973917,0.03607277844748272,0.07926343618582508,0.09666363098921286,0.10271828228797669,0.10534656478510385,0.1061539668790933,0.10308350153163717,0.09475425957005441,0.08268438486835343,0.07048986997107909,0.06270451399971573,0.06377911190531003,0.07524258221178572,0.09205310167145707,0.10442610239946576,0.10542620393833108,0.09521755843484722,0.0789175428942051,0.06359728718461609,0.05560098600491112,0.05812476295670691,0.07073408740096848,0.08846351415741104,0.10168548616100566
-0.037930561110135444,-0.049684821889993444,-0.06117255007548564,-0.06223726754221337,-0.05351761289430343,-0.038775777658040085,-0.018130871305304722,0.006896463067281796,0.0321110663788079,0.05772231320004572,0.09013095423363329,0.13537588651547533,0.19475411274892862,0.26596285322905494,0.3386266640472103,0.37745100420668876,0.3130952054811797,0.07803718079982692,-0.3133699115021747,-0.7252816916462332,-0.9818026796094141,-1.0,-0.8292153893099418,-0.5792123896792681,-0.3383002775193472,-0.14588894317459344,-0.005887854855377138,0.09112102491062396,0.15390903533002212,0.18890158000864377,0.20374400452197414,0.20640278661980094,0.2012059098365695,0.1900832023596547,0.1772479196332375,0.1689860477641821,0.16861063969518275,0.17270228217775696,0.17329641340656965,0.16504419903155115,0.15019804956988142,0.13567325195521962,0.12573079050627695,0.11911959199082348,0.1124033519441905,0.10372896781869147,0.09401301860757613,0.08601272940007273,0.08169807533650941,0.0804120234386817
0.04719926327367929,0.08357904837730439,0.14390102822727746,0.19491939197155803,0.19560772996603606,0.12946107454693317,0.01589306830692295,-0.11066584905356365,-0.22364618400088557,-0.30830247301871944,-0.3554475420821772,-0.36183296547496274,-0.33672530789020877,-0.30222527172798475,-0.28561827860371053,-0.3122176867924797,-0.40227295761869525,-0.5633242978334668,-0.7700464664530893,-0.9487504236004342,-1.0,-0.8604551079310712,-0.5528443119552472,-0.17398477021516043,0.167199052668316,0.4056884855533773,0.5327698794550146,0.5722886269749965,0.5534892750398324,0.5007590216930076,0.4351190321741312,0.37413671807107635,0.32725570160674955,0.29441847084915573,0.2714366501800814,0.25607440797705094,0.24870511490912176,0.2479787538478683,0.24757713870729822,0.23934372687903244,0.2204475938860909,0.19605303000943558,0.1738520053552282,0.15642820191359397,0.14073486843948443,0.12485327310506682,0.11031642730107184,0.09752798929396041,0.08573330326320372,0.07761254042889902
0.05818599901333066,0.04503333159244152,0.028275874965985444,0.015136810936916352,0.009168749795782416,0.016064800822171495,0.0396764965010701,0.07563345270362075,0.11344153590803707,0.14281526058317454,0.1614849369398923,0.1800721663458595,0.21318330102539582,0.26193323636240595,0.3046446714121056,0.296237591130174,0.17748298405840748,-0.08875407146856415,-0.4630800926860798,-0.8160095740500086,-1.0,-0.954657669516578,-0.7394495442552905,-0.4711950901215828,-0.24394410698335833,-0.09572887140214932,-0.018455923258574786,0.017850793295640523,0.04268620575819302,0.07190427944330885,0.10621787569978267,0.13709624208570861,0.1553571173552686,0.15889570875681172,0.15396311675466612,0.14810736126454163,0.14331581094170048,0.13809493359876127,0.13317333156409117,0.13119251196239,0.13302053891537147,0.13794515300760712,0.14578775535942853,0.15498090478238136,0.15894630993538617,0.14932635474888714,0.12483340936814627,0.09352917905103507,0.06613160838600154,0.050447241610306254
0.11272682434588589,0.10893870381265795,0.10016328766799873,0.09190791881518594,0.09545570709589538,0.11330328917296753,0.1370925835741827,0.15987826949045486,0.18194157495080418,0.20840552462439718,0.2460118630488308,0.30127010576604146,0.37650519462732984,0.45995319697136283,0.513627184109536,0.47364265621134605,0.279428568596283,-0.07318492670762579,-0.497206958438038,-0.8460333321503044,-1.0,-0.937100365470997,-0.7309106000674006,-0.48693795736813655,-0.2796939955865203,-0.13534832303024744,-0.04851470308811566,-0.0018519314020229755,0.023028307779065796,0.04004065147776514,0.05423374442353654,0.06139974800535239,0.056114492746187135,0.040384969894506205,0.022748619617002783,0.011349379407281156,0.009549998134235998,0.01567472070796561,0.025399025418624405,0.0362081667380502,0.04958415296057525,0.06676334577867998,0.08393300614098155,0.0944296087964279,0.09422369676514546,0.08385297433048731,0.06765969556922337,0.052625868804181436,0.0445381426931914,0.04278832423978124
0.021133156570959703,0.02593562913919212,0.030761709811325776,0.03188694374663441,0.03106878511428621,0.034591259556944615,0.047925773707883465,0.07119787217369182,0.10094412743418833,0.13587380724920306,0.17987332766235303,0.24055751840537007,0.32515931943728305,0.43312169224391134,0.5426751658089686,0.5951020544032556,0.5009454771750438,0.1977769156505162,-0.2672076012159469,-0.7255167171511261,-0.9933691627504596,-1.0,-0.8120662329038613,-0.554615061106795,-0.3255055372986294,-0.16514888169504666,-0.0703087800853633,-0.018775798290494677,0.012362573493426466,0.03780743640568604,0.062424042759610956,0.08373484338188919,0.09690909379646101,0.1003904478872905,0.09711673994049314,0.0903604062144763,0.08147483972641743,0.07176160718936096,0.06288988615929172,0.05555467298627072,0.04956199378405009,0.045171197109127,0.04373170181722871,0.045884765198928604,0.05016397841910496,0.055014744884839865,0.05965432166695001,0.06236471072727743,0.06179251411522275,0.0598567195433075
0.06929963620387451,0.07325993479874532,0.0754081789745821,0.07114176125403995,0.06380816277468614,0.061719653427018996,0.06839963321415214,0.07849395955625546,0.08382714525270558,0.08168780776356156,0.07483847951980403,0.06378429411719813,0.04362959080549892,0.01018322429493716,-0.038297993767025015,-0.11252783121546767,-0.242087231371888,-0.4604756157778009,-0.753704527708727,-1.0,-0.9950813647649246,-0.6218235993153267,-0.00945357519159526,0.5449646000101684,0.8247794824924516,0.8236642749762869,0.6669950517350862,0.4789018112379825,0.32306291023156025,0.2131932652730177,0.14032567365888282,0.08898743980970382,0.04475200424987455,0.0011775513142920514,-0.0371543064969187,-0.06169119541973242,-0.07042616240710052,-0.06917779620728745,-0.06454168901995117,-0.0607222786065776,-0.0612823112134773,-0.06701677136413837,-0.07270845955020863,-0.07094376213422034,-0.05952807421902358,-0.043866761601369035,-0.03159496272740128,-0.025141974354135743,-0.02165725050433102,-0.01938003200773854
0.07966104803004231,0.08815532231067082,0.09269261126411331,0.08389586147723074,0.06752396058077317,0.05709670112225784,0.05826215522277682,0.06507259205039317,0.06698540591621688,0.05587994126568157,0.03056419397526168,-0.0011418485121214325,-0.028183662173552646,-0.05060015935507703,-0.08718459234373953,-0.16589178297677473,-0.30928944290046567,-0.5239533743361048,-0.780130060785285,-0.9848185607191421,-1.0,-0.7395487644402761,-0.26591098411933844,0.23510741730146842,0.5876862754087336,0.7296335942842687,0.7075938257394219,0.6063894875582039,0.4882881657210949,0.3768774010630174,0.2744870824907193,0.1843537872845415,0.11588993104792515,0.0742217560706783,0.051892106862113964,0.03489259103480979,0.016700700745624943,0.0025573673822029868,-0.002013584125519575,-0.0023519930843095647,-0.009046131456731863,-0.024007188856458164,-0.039063282096449096,-0.04722820607536349,-0.04927446853598392,-0.048694876902561274,-0.044236315436321165,-0.030794792695589115,-0.008722727959223362,0.009725516676145162
0.016435999387924678,0.026975635044315244,0.04199074271718445,0.05161435750704089,0.04998397095951194,0.042208516476186266,0.03878852323982505,0.0441752080153179,0.05346384084510082,0.05912616140548966,0.06286312778095503,0.08339087837982864,0.15045578084220992,0.2843007264955988,0.46696662422414675,0.6163875298351419,0.5987590915836642,0.3180657214649894,-0.1709977806371657,-0.6656342028013744,-0.9631176990118282,-1.0,-0.8516741265917669,-0.636840940121692,-0.43786031591936747,-0.2833089940659316,-0.17238926287569847,-0.09847658764091172,-0.05089535720784441,-0.011903437604054927,0.0337177988712027,0.08701710597273561,0.13742634772378562,0.174847347134381,0.19632627807410333,0.20433369494067322,0.20153500126448765,0.18661137280797474,0.15646372772499367,0.11383872833453033,0.07134177114125627,0.04508042464337153,0.04207835644872935,0.05540757692335278,0.07307865632686972,0.088866501760133,0.10308894886058179,0.11576336968223135,0.12383509665153142,0.12648816298627877
0.036719344828642565,0.028908351800562202,0.021183929701733047,0.020298222525855565,0.026799796815559832,0.037525391031130416,0.05049660474408558,0.06779869017037483,0.09399850972562346,0.13220197524673213,0.18269957194711756,0.2436241231084604,0.3070536147063347,0.3500734843218489,0.33200360603981455,0.20966410198857188,-0.031881876883369444,-0.35529764518566365,-0.6786691081944656,-0.9128058532239108,-1.0,-0.9332666472350445,-0.7530049664120045,-0.5240106995832435,-0.3047974732198691,-0.12854676931287604,-0.0025558755345357616,0.08225729312648701,0.1402273869811861,0.18246903075192586,0.21420227085638552,0.23685884430166326,0.250582133878166,0.2553033866806418,0.25128244591388066,0.2396417004694275,0.2225926223703396,0.20289894693113783,0.1826506810679157,0.16230956332294597,0.1410772431683139,0.11887630909858643,0.09847694794396739,0.08425713710481211,0.0774957691729112,0.07459424198498371,0.07131106711333321,0.06711800013967638,0.0641369937077719,0.06316757999607622
0.0637653332879412,0.04761200654312194,0.026984731318880593,0.01730206339633015,0.026906528485957978,0.05172532559190975,0.07923589881672058,0.09884277906645549,0.1097383767238081,0.1196235345453792,0.13832638272377704,0.17349316094225348,0.22819548119324126,0.2946224707207799,0.3431547716841377,0.3201515472445122,0.1718944116584345,-0.11122030678889362,-0.4674765599617207,-0.7872796953325806,-0.9752969138550206,-1.0,-0.8923418635475748,-0.7081943227760286,-0.4975499079833289,-0.29628316981642605,-0.12685434020925623,0.0012292425147999212,0.09004107317747294,0.1485607941031953,0.18602465474108956,0.20873385017978394,0.22110213558109154,0.22654149927859718,0.22731246027687468,0.22505295282594706,0.2208267078535598,0.21420867967747137,0.20440537520822252,0.19253181305144504,0.18094200447737246,0.17101207393651352,0.1622008238855648,0.15188648503170912,0.13687977698783152,0.11661375327586243,0.09375225085189533,0.07188402791559301,0.05445856003599056,0.04472128145930531
-0.042590178586806186,-0.03791800398351519,-0.03141169578042184,-0.028539177763548394,-0.03270940159393845,-0.039511951112712856,-0.03935995687868816,-0.02726705309628867,-0.006788999584513688,0.016537828281566684,0.04302670627818785,0.08005609457778505,0.13853297310034474,0.2281694756241296,0.3454722002954554,0.4461760254659077,0.4268375972514507,0.18071830613024545,-0.2738930689388037,-0.7441041682082317,-1.0,-0.9572797877927882,-0.7045020760864438,-0.39141632921046243,-0.12507831084929819,0.05711892974000561,0.16338866041713299,0.21626796305466148,0.2358474770416706,0.23668640438743405,0.23001773666115477,0.2243373927357292,0.22266393285789976,0.22153978757376622,0.21536732643134932,0.2007719259634905,0.1764211060432916,0.14334530412424562,0.10779637544664933,0.07869804181436739,0.059786008212167736,0.047300013848828946,0.03419407713719426,0.014338980271881656,-0.012893783905333593,-0.03996627403407595,-0.057720937787081435,-0.06481962492481255,-0.06656950763002341,-0.0670743630202065
-0.007472920817844557,-0.004653588643660407,-0.004134588221027402,-0.009519072452646165,-0.01864844098943116,-0.026088223886297168,-0.027229164099832,-0.019846407499828828,-0.003570427585275176,0.02125711682354252,0.05414893173891152,0.09534121994079618,0.14810789777633018,0.21989823050986954,0.3151469471405511,0.4111523302330765,0.4294322923700991,0.25910120068801334,-0.13309688191204452,-0.6104991082891909,-0.9438884337392822,-1.0,-0.8226925225538813,-0.5480169891159622,-0.2890126310495413,-0.09307710063440713,0.03995042189144606,0.12690875491507309,0.18336104628597463,0.21914809218278064,0.2397894576160495,0.2489408208688757,0.24954335092306315,0.24291663976266298,0.22797091405909695,0.20320792753309402,0.17085789523398698,0.13829435806597276,0.11282300743298916,0.09495002497611499,0.07905171744668144,0.06042046396199819,0.04019354613381465,0.023635125235314764,0.013473490907029565,0.005544992899746483,-0.006517773877820419,-0.022957697919124113,-0.037787331371785804,-0.04585891089407295
0.0830090993430963,0.0735271988223298,0.05370321470292534,0.026152675023796108,0.0009846476663464068,-0.008875226439872059,0.0007294841745506514,0.022275372156287495,0.047222296729791675,0.07714106281731604,0.12364020464536062,0.19703933595428755,0.2991764718935327,0.4281190727390694,0.5712600137424491,0.676365812031816,0.6408114813052778,0.36894481793673134,-0.11945456466246948,-0.6438983859246258,-0.9727655606187416,-1.0,-0.8028134156134674,-0.537308420031873,-0.31117707748568046,-0.15306468404617093,-0.054393439894476134,-0.004143378810028739,0.009464524250199714,0.0059360977367149004,0.0061222492064749974,0.01966531209249899,0.04321028131305294,0.06765048758307139,0.08329803377574609,0.08278211523435797,0.06687667060570304,0.047020194639903465,0.0354402852946718,0.03373260217248698,0.03534456261020377,0.036565271640348875,0.04028130382990319,0.04814715804440354,0.05449226416049013,0.05228010797695774,0.0426056721251108,0.034634835638265186,0.034417572840784456,0.037824289071091526
-0.021435780388817712,-0.00577380007437044,0.01314602465741223,0.026442520231839448,0.03498461147657519,0.04098110469809559,0.04401759772522429,0.04574614136909338,0.051599883894322386,0.06636276253977597,0.09186707170144816,0.13041355914554933,0.18669282496013828,0.2623869113430274,0.34240752882750763,0.3770583070938541,0.28534160872457753,0.010494610083225761,-0.40103085811819245,-0.7923855989974775,-1.0,-0.9711662229572366,-0.7780990879492128,-0.5363939494243635,-0.32544257534502347,-0.16864086009928403,-0.05726212944164247,0.0219267908155309,0.07732677016291283,0.11603665675716436,0.14521567797897864,0.16892211174830998,0.18675693373344976,0.19580167972934442,0.1944547142926997,0.18566170098405269,0.1752540004598591,0.16662821377299802,0.15877051555606664,0.1490990650014489,0.13636219558449578,0.12227230318809176,0.11244286839338923,0.11202115277922418,0.1180350873341697,0.12081909448074027,0.11427906413321867,0.1010168067251266,0.08801357772894497,0.08057081298373726
0.06580768378679534,0.06327094041678474,0.04769225691114909,0.022985800077496232,0.0058940857277143145,0.005597198159458936,0.02002080871686515,0.04328016298177467,0.06804265813600759,0.08695578384223439,0.09654863747440787,0.09642604306127825,0.08438523727263335,0.05440516400331437,-0.002146470411736837,-0.09538980554003727,-0.23704591629757407,-0.4351517771636167,-0.67326131669968,-0.8900293195395144,-1.0,-0.9537623324379696,-0.7749272139648672,-0.5381123292221485,-0.3184663697833126,-0.15474351634852007,-0.044814308884885946,0.032047577423180394,0.09179999438431181,0.14017825960082891,0.1775882874756404,0.20281510126161464,0.21703644609507425,0.22646099573078152,0.23723547146363247,0.2481992049106952,0.2532712810721648,0.2512245270567539,0.24862894350678627,0.25199094573795167,0.26073541136931283,0.26989544613349614,0.2774037478559463,0.2848946460179634,0.29206553779604166,0.29541234011440326,0.2920769446988553,0.28167972188841656,0.2673471412765761,0.2565502428555204
0.09858386107449266,0.1001001787682325,0.10188247879844442,0.10015842101277178,0.09288483032370491,0.08323823228167275,0.07504180932832344,0.06773603136603204,0.05788484057901711,0.043235577402705797,0.02378280764134167,-0.00036422513131315195,-0.02969010739888299,-0.06371662645392824,-0.10431725204186558,-0.16535460449141567,-0.2745075881616701,-0.4526831117476006,-0.681014986340092,-0.8910529067355666,-1.0,-0.9643433076825573,-0.8024797639395862,-0.5714948268813337,-0.32873061363609496,-0.11113893983396003,0.06398232219532812,0.19122876620406884,0.27247822273887456,0.3156569981537981,0.3324351072338527,0.3336390952610109,0.32621926505968923,0.3144660564953053,0.3026588820885137,0.29428953335421026,0.28923522306595323,0.2835026263015843,0.27205428139139676,0.2516102065878455,0.2222128117766527,0.189568547330301,0.16485355872718419,0.15677556278088703,0.16349789834095974,0.17471253757277033,0.1799726796158117,0.17557085793543398,0.16622946238819242,0.15950928929950406
0.12679914446870183,0.12499146434285008,0.12356612332191241,0.12228200345097603,0.11697539612056529,0.10385928732004902,0.08395059089296963,0.06229926063758549,0.04376106438460228,0.029970319785285623,0.01940297110586318,0.009018236503555915,-0.0059992770111904304,-0.03454504506319668,-0.08917396001290137,-0.1832939398062952,-0.3290178363974869,-0.5277537109415059,-0.7506818729500847,-0.93230435779652,-1.0,-0.9221352479465315,-0.7292857581110979,-0.4899858455657348,-0.2684511943919693,-0.09840818050186803,0.01758114244587742,0.09370295468446273,0.14610234407508516,0.18530764725303905,0.2152826725787315,0.23565187088186207,0.24548384709542678,0.24707395982764735,0.24527696591009512,0.24356827104033996,0.242894047688237,0.2427166734093462,0.24219257195131458,0.2420390847816384,0.2440076054355734,0.24824691720025902,0.25339450328618524,0.2577756397739084,0.25936783860614165,0.25750311773836176,0.2549704881125317,0.25525854586902275,0.25813856716847444,0.2606230873479028
-0.02838917699809854,-0.030516935935590267,-0.03528481743165179,-0.039683152805421,-0.0377748668577704,-0.026742858429169947,-0.00780992394670851,0.018781956731561897,0.056340866545272573,0.11027220551237646,0.1843149919768221,0.2738021154391874,0.3580800090074858,0.40377987361168677,0.3841223735389794,0.29025286403286643,0.1163535545701616,-0.14753329737758553,-0.48066709743435226,-0.7989945122682313,-0.9917813348668233,-1.0,-0.8486323016038844,-0.6120770242925889,-0.3633557768693212,-0.14703446815121768,0.0209245433779825,0.1405499164266343,0.2177208765851258,0.26156507038817156,0.2831350264864466,0.29097068168686624,0.28861454730385194,0.2774676338272622,0.25951582860832345,0.23641404319098838,0.20888672151740778,0.17811162418007798,0.14659421715662327,0.11825106882644633,0.09697199743870373,0.08348603380280287,0.07480996267553316,0.0672081197813631,0.058196898200438094,0.04640976314253235,0.031747625025555774,0.01596057689578222,0.002314339825779692,-0.005650382048684719
0.0031559812068362803,-0.0006595104299435009,-0.0026195757989702514,0.0017564841195190457,0.013017321852465335,0.030455515978454126,0.053434800774336134,0.08138880373498926,0.1161650181466051,0.16365218604398285,0.22802525016176836,0.2995155683257477,0.3492755141034525,0.3451327237889425,0.27515936213313885,0.14450366464859107,-0.05095978509630929,-0.3200345934663969,-0.6294816348177986,-0.8874845447366201,-1.0,-0.9378837796681498,-0.7442626437890044,-0.49330377516039753,-0.24924879437734238,-0.04907913426481347,0.09528096427099152,0.18683524765360088,0.23464742076744408,0.25000727593124256,0.2452157937261572,0.23143091706947816,0.21629823991305336,0.20336331473812308,0.19282182592968328,0.183080334296326,0.17248264957189072,0.15967241749729183,0.14370738319108586,0.1251924831499282,0.10647247816107375,0.09012289804119268,0.0772466983427747,0.0672069827330241,0.058874948901416854,0.05181041236034659,0.04639145791033135,0.042802923048762404,0.04042964987807721,0.03898485950362082
0.11604035229718176,0.12355797716422913,0.13458392667941296,0.14103609149035345,0.1367282655918743,0.12405156915601512,0.11069728240166811,0.10082553600264979,0.09175493734293143,0.07816075489272632,0.05843492917526183,0.03598348327796101,0.01360259582297734,-0.013294503464229182,-0.05858525675864415,-0.14164555389688227,-0.2802000684209294,-0.47894341720465133,-0.7120429066009931,-0.9129917501926516,-1.0,-0.9332555313664315,-0.7463818724192174,-0.5151442552974571,-0.30362456070561006,-0.1404759803963481,-0.026808008999890654,0.0485200932024325,0.09879206747757051,0.13411780143277335,0.15901258386303196,0.17398369772613684,0.18059105323680028,0.18479516123645373,0.19399601048475368,0.21060861951475834,0.2296300729131937,0.24288466217471932,0.24600407464463667,0.24216988973065692,0.23918206159172706,0.24218825639266314,0.24956483333226162,0.2568126372796531,0.26251643178796286,0.2681964186044809,0.27472499596874234,0.28145701757920355,0.28729602400641246,0.2908915002476679
0.07790441634590041,0.07530861696360552,0.07276071259237347,0.07077487075032558,0.06756595298309137,0.06269776467351601,0.057099696859287064,0.05041632435399131,0.041410739079053425,0.030459799474666992,0.01960315287353161,0.010008768388372408,-0.0007357532707096575,-0.019817848729523902,-0.058652116905593875,-0.13278006996942418,-0.26145606810559185,-0.4567108499220295,-0.6966576471471394,-0.9085616164524281,-1.0,-0.924954159074914,-0.7168060604839663,-0.455915814263905,-0.2145058235811169,-0.028806699821196453,0.09663313016407221,0.17293730060367155,0.21390644376399778,0.2302306578483727,0.22968272460680486,0.21892159466387726,0.20375707338718937,0.1890882727231887,0.17928045649911106,0.1770689385551965,0.1820518495313673,0.1918044011650138,0.20393806078583024,0.21623561865077345,0.22658215850851482,0.2341339004400535,0.2396277676626258,0.24450092117341893,0.25023768452309825,0.25748670949315416,0.2651184596267619,0.27078898912083565,0.27311367856390095,0.2732229203289913
0.22875721771825577,0.23174033478378375,0.23167133862321945,0.22487616149450831,0.2190003490104196,0.22883733515748583,0.26317727911714,0.31827677828843065,0.3795428701631762,0.4263604888170748,0.4392306324009938,0.4065633437226652,0.32589209846705863,0.20018457482762866,0.035887090432014684,-0.1562781297862549,-0.36338286454478214,-0.5733259198687882,-0.7697803605748902,-0.9234264903918427,-1.0,-0.9871564902985972,-0.9074022375542159,-0.79869168610029,-0.6889511945653248,-0.58883453371305,-0.4973068860694068,-0.4092263783476283,-0.32089430030344185,-0.2317043384417212,-0.14369231705432717,-0.062365682930522345,0.004461174336091111,0.05270153059142818,0.08465390878840498,0.1052119458374641,0.1218784513141351,0.1465992136141943,0.18798824333076478,0.24209607936457986,0.29666873830350987,0.34221656822681906,0.3763554226950081,0.40260743083737277,0.42731599987801205,0.45468581684493,0.483121344723942,0.505218433951334,0.5143908067906909,0.5142508080925473
0.1638327887762396,0.1429415800267013,0.10724698415151529,0.07006348113444842,0.044409505754708804,0.03184177990742123,0.0234545868046334,0.013316495921341015,0.0030663608124791787,-0.009181142526494447,-0.033171074751833125,-0.07422931769107231,-0.1262414758772736,-0.18268855170778625,-0.24854348763904466,-0.3381870254237858,-0.4636177916506327,-0.6230974306356962,-0.7952203582912447,-0.9379052940227106,-1.0,-0.952883572033089,-0.8156349234336109,-0.64007317514446,-0.4710868274953771,-0.3258094096864908,-0.20379795494807013,-0.10231001839366513,-0.017365601373051914,0.05958853913779982,0.13609348458197543,0.21063434233726863,0.27510680030436757,0.32566358617276414,0.36698180821176946,0.4033280478536448,0.43142339477878705,0.4467053628770732,0.4510184094826867,0.4496874046665379,0.44436421982356866,0.43331065671867286,0.41664675615794755,0.39857869206452956,0.3865365853897894,0.38696512796370525,0.40074500972384564,0.4237913563360858,0.4486241352876545,0.4650771495654254
0.025951263736907298,0.026586192830301867,0.027889478188280494,0.030502901941206195,0.03528548246132209,0.04288701578450341,0.05414720822758137,0.07024273160104026,0.09264983685136717,0.12308163601970117,0.16181282446121217,0.2050207990552767,0.24522802393685472,0.2756034625507704,0.289174975325182,0.2630821057809093,0.14467424888921201,-0.11594158256371931,-0.488521814243909,-0.8352827597890298,-1.0,-0.9281387934552395,-0.6906038510669921,-0.40869145460020695,-0.17251670999390553,-0.013379755736749977,0.07861260814351761,0.1260427279539239,0.14683650972690598,0.15157770365157577,0.14759594837233778,0.14120212641958826,0.13670193888579252,0.13531827183544662,0.13572269248681426,0.1357920342025502,0.1343939400254171,0.13182154441782123,0.12843951130436904,0.12339252848946916,0.11537112928195656,0.10419452551273513,0.09109505556933474,0.0778354927971545,0.06580280967755213,0.05585523171425148,0.04856054684699943,0.044082902311942666,0.04190278087781336,0.041105973302854044
0.12701439744393603,0.12273693168346761,0.11791337513963811,0.115210311480715,0.11354519429832922,0.10937387925075277,0.09913346599840833,0.08181345514997118,0.059837103265239215,0.03584492546853646,0.008885870702133048,-0.025155902256613762,-0.07136641895164424,-0.13551220411078857,-0.22343342217057352,-0.33902243740324195,-0.4826258546772959,-0.6478436492510694,-0.8145437933085142,-0.9456583162127379,-1.0,-0.9571172414180614,-0.8309099645896281,-0.6580981416773204,-0.47559626785719167,-0.3075821575679013,-0.1650429348154555,-0.04948456619921856,0.04298833353801266,0.1175868862043412,0.1780947653717324,0.22583144292027443,0.26085840602477134,0.2857354084714072,0.3065497099635801,0.3276785393472449,0.3474064845497433,0.36120352160884106,0.36812167828453285,0.3723054400895278,0.3791187255453289,0.3905491802842463,0.4034523701775224,0.41196016657028295,0.4125318359458605,0.40655801361365224,0.3976297294078825,0.3880709003400812,0.3794191846213764,0.37403363970588605
0.0049999440874222605,0.003063016233305706,0.0004809980600031679,-0.0003743612545687085,0.003705169498164511,0.014529892193828896,0.03090717390803985,0.050601188204842946,0.07308818281251633,0.10042552480772621,0.13659870519854425,0.18697925762069656,0.2577966732664148,0.3501657155961493,0.4427299954733554,0.47385115956858126,0.35725104708644023,0.04901805792815018,-0.3850035975954249,-0.784968763330279,-1.0,-0.9832631347726588,-0.7985179682727744,-0.5546986553142067,-0.33827499995050025,-0.18594114304985931,-0.09394015270506971,-0.04147244259273392,-0.00944746553017866,0.013227732945746952,0.033027270667124464,0.055899126288115934,0.08584290474938759,0.12061217789340992,0.15148976832101177,0.16935655166178176,0.17178032679253236,0.16459488140485895,0.1566565789062715,0.15287901013022795,0.15283268732968683,0.15414307000367058,0.15430077482153545,0.15181977045966036,0.14764775369864286,0.14256882069955037,0.13444832829439873,0.12163071370883713,0.10725564876259763,0.09769708528502374
0.09293396891474875,0.0901018801574664,0.09219902682927421,0.1050446600787489,0.1245940513449497,0.14282563945007465,0.1571748865560678,0.17300983961379413,0.1995226794040333,0.2408000433877589,0.29296517991318016,0.3504813022089114,0.40674016061962653,0.4442568676105541,0.43044135236131215,0.3303647437221438,0.12418470562988142,-0.18161967845904123,-0.5389409492374719,-0.8491337718695652,-1.0,-0.9394257867625248,-0.7125530380231213,-0.4253303320075191,-0.177080889829451,-0.017073878275347874,0.05821764056484418,0.08062238859287812,0.0822128733065094,0.08070573307510147,0.07959681335038618,0.07562116644137556,0.06752476118714015,0.06149606228412868,0.06633179171416526,0.08058872545955564,0.08916817771650958,0.07834407704410393,0.0519353178350293,0.026637442552432042,0.012154726238430917,0.0033899175671433636,-0.00541440854795311,-0.009632971370979007,-0.004811790329777285,0.0030586299113920055,0.0071878412529054825,0.010778547035870976,0.01935263181101888,0.02845124196930455
-0.022294012690571165,-0.01549128231867123,-0.002616490985291702,0.018341070347928267,0.04706181452305457,0.0775583747717306,0.10454560912301541,0.1280610386018483,0.15188232079200456,0.18193970539419138,0.22652812252952761,0.2945000943951609,0.38850258696704376,0.49428790903451875,0.572305396031517,0.560181669093327,0.39448058483617765,0.05638529690518423,-0.3840475528817273,-0.7815981996812733,-1.0,-0.9962026480733037,-0.8307110461081312,-0.6069976206610493,-0.404031102396593,-0.252273246637118,-0.14930151667474936,-0.08317673262520962,-0.04404709192428724,-0.023714676777880393,-0.010590449957608996,0.009398115166186667,0.042112054371951056,0.07813323327385517,0.10294339280747714,0.11293422254049165,0.11594966946693912,0.11993340428329588,0.12721093466486716,0.13579628220592738,0.14115385034469446,0.13875467177226947,0.12750577916528488,0.11137612781862159,0.09801323085794526,0.09323385115307171,0.09464846573997908,0.09390009828416644,0.08725880086944703,0.0802758922607642
0.07644754202160389,0.07691240387744078,0.07800360210373264,0.07843264093747458,0.07703460005584999,0.07471302093579418,0.07290558899000316,0.07121883532841307,0.06802422019088668,0.06274463875126365,0.05604476106665947,0.047979106152841,0.03651059263966914,0.016719524216220808,-0.020445582073049983,-0.0908034080870462,-0.21733193749235735,-0.4161863587554917,-0.6662506008795294,-0.8928345375262018,-1.0,-0.9343442028238879,-0.7213757413191433,-0.4436535601159811,-0.1875541308088797,-0.003273714644800074,0.102782317327135,0.15200773601149603,0.17222060018861837,0.18367124442684105,0.1950224444739774,0.20608713308524987,0.2137250146412391,0.2165871060693246,0.21537623481393112,0.2112315266127635,0.2060772612518516,0.20296214468663187,0.20370731925256963,0.2065562048809844,0.20748419898806214,0.2040916861893704,0.1978183551734605,0.19267536257835277,0.19217863672887253,0.19646781819868636,0.20211331723067025,0.20570552028490208,0.20685095483328253,0.20696255933024263
0.026933942572919204,0.026017870919954493,0.027548311258770906,0.03658846507402183,0.056566903874053547,0.08429643690578413,0.10982120340103177,0.12401237513772705,0.12521850386979197,0.11985619553050975,0.11975612318309616,0.1385893700294067,0.1873041905125867,0.2659316864346481,0.3513556909048312,0.3879544202807543,0.29651301998886737,0.02131765099549077,-0.39691491582679245,-0.7989553267707885,-1.0,-0.9291230714249555,-0.670360020976698,-0.3738727581931526,-0.14653306974243469,-0.01523849254200977,0.04462779427266584,0.06783986004843581,0.07702266411720009,0.08157175596609018,0.08534770205201107,0.09109930455818041,0.09925088506949127,0.10629059042534895,0.1081749284548514,0.1057585975529149,0.10320914643101357,0.10174679321757936,0.09913084859245794,0.09379636822125985,0.08565521052486012,0.07447562566707076,0.06081191087352478,0.047683741608043936,0.039777745714963605,0.04017276055155406,0.04675049082390495,0.053337950808631386,0.05596683427418109,0.055915784776350355
