0.09891718300027894,0.08822592073492525,0.07110932323621175,0.06127070478047838,0.06359660008857426,0.0689981054527788,0.06895796139894322,0.06583076728517968,0.063118730600241,0.0551097687497965,0.037123928986384495,0.01280259614821597,-0.01759399106677053,-0.060647609962517036,-0.12587637365642,-0.2230768819992306,-0.35904830840830293,-0.5352406966399466,-0.7362940642606994,-0.9115993987382403,-0.991034382495956,-0.9340737778520685,-0.7681182030567315,-0.5606452353174601,-0.36817857948435895,-0.21207282798195087,-0.08296754337607208,0.026900058023211035,0.11561063367610896,0.18439776499726793,0.2313016697145471,0.26057045863672584,0.282340160125696,0.2947643048332413,0.29341655547798196,0.2872339479341045,0.2858593050019896,0.29224070704299615,0.30174396330348396,0.3035242524664321,0.2942628875856388,0.2786924784410491,0.2662383762961902,0.2695160044467312,0.28873536113136633,0.30859834950156495,0.3182502838853912,0.3197207779762,0.3158850333663502,0.3116029499704483
0.13863309472978627,0.11364176007228331,0.0891498700722747,0.0727121173563692,0.06176213555465564,0.064531159254245,0.08004112634810844,0.0882269329570391,0.07824798824177952,0.05992046911367799,0.04275124101495235,0.019079217778903527,-0.012840752865258874,-0.0477724555541954,-0.09544168233016369,-0.1662540824922123,-0.2710234327076851,-0.4409144079693273,-0.6754070309953114,-0.8955384290562578,-0.9939982072124214,-0.9290704010521893,-0.7574216022249303,-0.5588701385828979,-0.37797997489224117,-0.22967280895492265,-0.11032780870049362,-0.011710855652577064,0.07389727945797611,0.15529785849619704,0.22509638839669271,0.27013925272097583,0.29078123524195887,0.29282920843216187,0.283228825566565,0.27533447088676705,0.2779178139278412,0.2841254063891719,0.28410332103254765,0.27813019759517743,0.27648468601017273,0.28060407285487543,0.2842458435339545,0.28501070127183575,0.2810869713353513,0.2692821256241273,0.25667716994273226,0.2518041504312533,0.24786882295179008,0.24160115664888504
0.06121351285182418,0.0671976792737134,0.05318689622028788,0.03569010673943923,0.03320722361002785,0.036139090700193464,0.036721533303416126,0.03792833737221686,0.04086099067928352,0.042698340263602225,0.04038126905036328,0.033513900023938455,0.015314318794337601,-0.019087293729836592,-0.060447466340433124,-0.11359849714816823,-0.21147598918985702,-0.385640071200126,-0.6297407653389874,-0.8714564464818639,-0.9958151931328073,-0.9443948358215518,-0.7648632886318079,-0.5444500954076438,-0.3451198881374803,-0.1917070372140032,-0.07670425498350004,0.01798911449536329,0.09877017258532927,0.16323998988093238,0.21490788082078266,0.25651189316243633,0.2825345477717162,0.291842515538993,0.2931095780309853,0.29117007895559194,0.28680182783820257,0.2851826899403385,0.2911232109106783,0.2982539559765343,0.29454889261419914,0.2817911026223454,0.27164541297532574,0.263842233509723,0.25564320693622467,0.24966437913064346,0.2456566486407253,0.23846428264927289,0.22793287212846083,0.21982143676061777
0.10263924878918343,0.0881308006717329,0.08744523339469226,0.09857619533024378,0.1049329930802939,0.10456849392723327,0.10588081296390074,0.1097790036190051,0.10747875264547077,0.09495713764676268,0.07605282733560906,0.05487100903750534,0.029626206778064514,-0.009400260790140285,-0.06984541261554938,-0.15097965663385718,-0.26755206125212155,-0.4486846556433205,-0.6851871485402428,-0.8989626568735936,-0.9977192070911037,-0.9469789461707938,-0.7898759044888697,-0.5948525643641307,-0.4043373952368116,-0.23754833501427997,-0.09795094298168727,0.01088615763552523,0.0938948421262386,0.1618447778660835,0.2207655445769336,0.2658479944756391,0.28940868622308924,0.29628064497880574,0.2972668952186131,0.2916102560563337,0.27905137490544546,0.2686125711612732,0.26591084307760454,0.2653045566059283,0.25697508767783034,0.24336878845984883,0.2359697746075346,0.23791637268248794,0.23891755973564863,0.23585059113639933,0.23354776340303765,0.23940322252148158,0.2502568217661135,0.25604530557890814
0.04816089607699914,0.06071629155927687,0.06288827475607266,0.054494005563024035,0.04958042859594799,0.056600172623308555,0.07301730888932309,0.08156498158462397,0.0649301048161866,0.028185573220445438,-0.00806922292531379,-0.030935207312030318,-0.04604146183735324,-0.06830429269661824,-0.1119098760710491,-0.18374746240664402,-0.28679434455740416,-0.4339741519759067,-0.6489710568720436,-0.8935921069017685,-0.9980199903500996,-0.8142690308061654,-0.4335453327448097,-0.0719231977343817,0.16030522500748512,0.26821796819152344,0.2923477675331229,0.2773944436228874,0.2570350763256476,0.2457011883547567,0.24447396995738355,0.24339570759143292,0.23302551866700738,0.2194512329611261,0.21072730291350833,0.20438350154050272,0.18782582447156737,0.1545655326944922,0.11716835977533992,0.0948285041372714,0.09575381090224465,0.10629988407436981,0.10753233341895645,0.0951745133630239,0.08500196581263458,0.08943209056479415,0.10118318062922117,0.1113674242011393,0.12061382307957477,0.1267525477153661
0.1373833264792775,0.12749912383943618,0.11681979918309883,0.10770703349245571,0.10154760892515279,0.10077104698678306,0.10256396093954157,0.09942143680014988,0.08896104794457604,0.07270720689758864,0.05387753286993612,0.03462692306320564,0.012133906541412835,-0.01776255890637904,-0.05997546672667498,-0.12518936512269596,-0.23749676253718657,-0.42235387964446663,-0.6634509796431877,-0.8850812109626418,-0.9953175864068986,-0.9508190636130541,-0.7895592190430277,-0.5894779786336525,-0.40485986997784057,-0.2511087317937498,-0.12475908970232227,-0.019736403112717238,0.06356301350489316,0.125395934140298,0.17378019716631116,0.21462252546049698,0.24619308339600346,0.2679109290720926,0.284073976074898,0.29672528290826816,0.30506872320304285,0.3088353612759689,0.309332947727595,0.30493402873891534,0.2915801979161693,0.2716318782845869,0.25764333407933354,0.25434146137439095,0.25057106034488197,0.24067577892398614,0.231542449679475,0.2281035499422791,0.22772008944363908,0.2266824092063538
0.0694909481565456,0.07066948336815457,0.04831551663935698,0.03205277816892636,0.03254667252932754,0.037216181626482,0.037874860661460175,0.03068841002030287,0.01610881025160954,-0.00656417923346105,-0.03592482395955116,-0.07283070269560847,-0.11918594606881562,-0.17836298599092892,-0.25388431915458637,-0.34697471654712725,-0.4597920624830124,-0.601638990124291,-0.7705060414149654,-0.9262778769575599,-0.9963612937685826,-0.9244261787832391,-0.7241620958660011,-0.45606845661363277,-0.1804809656444509,0.060877322458778485,0.2426771065186562,0.35555576565665464,0.40745167233790314,0.4206768614553461,0.4164433029534029,0.4015484295721494,0.3843502742228194,0.3721806959780562,0.3602033907643731,0.3425817352363027,0.32175071078135004,0.2987361089337598,0.2715654058285698,0.23735415823344388,0.2041487051337559,0.1851278835594223,0.18284353013163587,0.1888436735113753,0.1918791887873325,0.18887342086109202,0.17883787491590103,0.16318493949122873,0.15184224095672208,0.14894357560361654
0.008652355624903126,0.018662949871624184,0.02261987621155056,0.02028394867770473,0.018273658101150194,0.01239053649538121,-0.004303379360751225,-0.02834261476138291,-0.05466615648577635,-0.08488546786028742,-0.11799895286788915,-0.15207583458118745,-0.1886878279376688,-0.2315562425673144,-0.2888404645972294,-0.36869985422021767,-0.4766318510693022,-0.6186698939129587,-0.7895072645689044,-0.9426370639242159,-0.9949073673551367,-0.8866227973197564,-0.6322899925040946,-0.3005945622835559,0.04092742453293677,0.3489462781326573,0.5893029714527689,0.7286239890260152,0.7481290362306728,0.6611300675606702,0.5179345297066795,0.38253684559948786,0.2956457811705733,0.2588162766195076,0.24906104153038228,0.2464439346424506,0.23960046860193457,0.22318234106192766,0.20269137065710735,0.18576754956173497,0.1710957689103622,0.15453581618504814,0.13815215980831722,0.12394779058662149,0.1121523412028425,0.10121735246390935,0.0918451496754317,0.08522622636073375,0.0821606809885422,0.08196107092600029
0.06771115618862589,0.06921755071816778,0.07006654202564132,0.07282903829427448,0.07478479987676552,0.06905262195999716,0.0554054014428656,0.03956427369274439,0.02627151278684871,0.01829848640187244,0.01673901565892569,0.018936492973772704,0.01666652602264441,0.0042191376667936285,-0.02063321133256582,-0.06433480337121761,-0.14947341449505394,-0.31838921726510555,-0.5860766450201249,-0.8688363190774994,-0.9992825143539279,-0.8891744228999618,-0.6198854787660008,-0.33263843427611567,-0.11112858818787417,0.03134119862395503,0.11455465227015874,0.15698918697367845,0.172381871152257,0.17684987308027303,0.17984046875878526,0.17866484650002276,0.17129638279924317,0.16583891448888607,0.17084545627717426,0.18373722181675056,0.19511970164493503,0.19965915932063408,0.19580649305605208,0.18728847908175045,0.1801367874513891,0.1746600094350545,0.1729926616784216,0.17553069051572878,0.18068726520134012,0.18594280081765413,0.18786712775290706,0.19184382575365228,0.20121477328450535,0.20900064560029932
0.056853549708347696,0.02777967588992286,0.014097278940576722,0.03915138216972333,0.08243087840479817,0.10261660611198428,0.09533419795089496,0.07539330644848426,0.05239164657690046,0.040504340927593724,0.04135475405871218,0.036460788266902626,0.019446521522411473,-0.007200453716524457,-0.044832954418367515,-0.1079088919157555,-0.21931679804764953,-0.3930029102597434,-0.6325452682219868,-0.8842001897913006,-0.9960296094089093,-0.8436694602835308,-0.48707672539758207,-0.10293883338871225,0.17348008213471708,0.31057984309196257,0.3533898897603465,0.3554192932260367,0.34509960505350823,0.32219987177737147,0.2785887218029567,0.22693315465013292,0.1844187228301569,0.15871525480412405,0.15299029983776016,0.15254249331493794,0.13800583186463877,0.1178462876754558,0.1069549909968053,0.09996605658061865,0.0868959848199097,0.06875487391922157,0.054191802429922886,0.04947612894075805,0.05389222959623071,0.06073515872312476,0.060159499830503935,0.04814928207937525,0.0374973917022555,0.03802441642997721
0.1027278801233093,0.08272585362345186,0.040396430600671454,0.015352842785758955,0.015101117296756644,0.009604030714693566,0.009255094342711444,0.015251627637907468,0.014233724798667515,0.00946980755560614,0.006254307732057673,0.013895158224198408,0.0434417962532966,0.09652471758554201,0.14577222058971756,0.14316405058724424,0.038872929256859964,-0.20008323663608835,-0.541542835683734,-0.8592470673891105,-0.9839875753760664,-0.8380687662232987,-0.5424649826130448,-0.27067658071669604,-0.09809484792277132,-0.0149106441826978,0.025616566412919393,0.0657242404527151,0.11029366796976214,0.14965991664486017,0.17571062425790981,0.18227402093158476,0.17180781017710212,0.1548465895294147,0.15383874586136534,0.1713757835741083,0.1854356349426767,0.1860774427362048,0.17926280523991195,0.17049883630482607,0.16212902982260033,0.15386109171446277,0.1465853689840633,0.1307928526901254,0.11158408482648575,0.10383429843154836,0.10883597715729086,0.13632185676011604,0.18570391840907427,0.22496178320392818
0.07912868231591323,0.07989431924690028,0.06859935801840987,0.052664947696433984,0.04990799265509428,0.05445071385989857,0.04867869957901461,0.02879978843642286,0.008189049099082099,-0.000356430682958583,0.0003638081320332291,-0.0037116593779373186,-0.023928690220168466,-0.04530259744397442,-0.05439370074256468,-0.0783286361440644,-0.1558281963643115,-0.3262082010142258,-0.5968664833069243,-0.8736117531388756,-0.996500175839534,-0.8850287944953796,-0.6093789110609646,-0.3049428415439023,-0.071732341696317,0.06596440876030348,0.13556894099815767,0.17093817983437218,0.18703711425315836,0.19301552217991108,0.19755874280684255,0.20247591824493794,0.2081450387032614,0.20347820252511928,0.17919693463994146,0.14871719717515447,0.13376787401091225,0.14009923596337076,0.16244973342213218,0.1914943347236171,0.2139037386923275,0.21688980964332472,0.19937437635623345,0.176613628237599,0.17312702811512148,0.19326602824171354,0.21698025385624475,0.22542162110776903,0.21610266843716733,0.20385552310420701
0.11320679964032905,0.11349032764069536,0.11042728995541695,0.10136173834404663,0.09086291083839088,0.07850478962496854,0.061181879135984704,0.04542810217082821,0.03305325198297192,0.012729584536077034,-0.017909421327206024,-0.05129734060686835,-0.07975881882342664,-0.1014502367189868,-0.13331425587683204,-0.20320043133276117,-0.32798589864485866,-0.5096221618783507,-0.7196926253690548,-0.9049709083722801,-0.9905605760517536,-0.9324380003615027,-0.7692046818774391,-0.5681562279990932,-0.3738922644636458,-0.21589652660645672,-0.10603038911319275,-0.0303970459595958,0.028775590251043297,0.07784802929382091,0.12121501277727996,0.16261118544873193,0.19686003519424988,0.21941785412519568,0.23070310157834192,0.23763019694165025,0.2504534435274974,0.2768179032707107,0.31259106928855557,0.341741234173981,0.3554887820703262,0.3533957479914627,0.34884829489055663,0.362718054386699,0.3969932933456664,0.4231649386875986,0.4215743853169027,0.4039776557600953,0.3839902590431964,0.3687150701500335
0.093637207770428,0.08530569807412787,0.0766263547483668,0.07546290899056907,0.08065777774610426,0.08216819321474891,0.07384547762774724,0.061136219774498964,0.05442563933191638,0.05478400462102045,0.05496013828099647,0.04827520158560632,0.03131206400976438,0.005934646742908727,-0.02895163070701297,-0.08840036574945924,-0.2027136535546818,-0.39731754364202626,-0.6532656814584168,-0.8867206461653326,-0.9949715988656668,-0.9359891028109091,-0.7557333460980482,-0.532675036579387,-0.3211789593276376,-0.14434546144694638,-0.005839035168543069,0.09709552755120929,0.16795885946818273,0.2105028888545648,0.23237135207301016,0.24360348505092688,0.2509750682119922,0.2585550850441942,0.26696545042673253,0.27131592039016666,0.2676967750121999,0.25801778448866847,0.24393494688654185,0.22674920538955712,0.21414399195607048,0.21232241376293404,0.21621235123794924,0.218512284045059,0.21545200160822142,0.20679396560691782,0.1988599972047572,0.1963382752623608,0.1973218444575407,0.1978710550655068
-0.0009982284278231056,0.006799606793452013,0.01737630668167355,0.021444130752730307,0.026460198195076556,0.03566063812674638,0.04363093931004268,0.047235050970707196,0.048228990045927914,0.05415381861129021,0.07025581671725861,0.09842558808501546,0.14650676868768778,0.22568588988884672,0.33368657611194663,0.4389963693914271,0.44745006508373675,0.22027046523830504,-0.2692778933644229,-0.7831340315224555,-0.9998765836406107,-0.8596250518513101,-0.5564132914089038,-0.28018555489140207,-0.09865161044636296,-0.001649151360900169,0.03964476463522909,0.052034033793449314,0.053659218877976395,0.053801159982811694,0.05542969893260906,0.056329469567607364,0.05499986024532365,0.057290739755139805,0.06682534834280718,0.07979509433970222,0.08924350499593871,0.09124153771122487,0.08625600700445687,0.0795938741489071,0.07489181525298254,0.07435617995724574,0.07842144668200013,0.08265025759253132,0.08000619164707015,0.07112016130240562,0.06233169802670009,0.05291543014602895,0.041634387574336414,0.033072297707836366
0.02416525182929571,0.021076696267851133,0.020371874750290113,0.027247303228410277,0.033092438782248566,0.029383957400269427,0.021271895050836227,0.019065655191981352,0.02749771750917861,0.04181406305568475,0.05529665667643242,0.0666062502753349,0.08670163920557007,0.13996100328364985,0.2440241829719069,0.37973415528269033,0.4641737602542283,0.3545530038952165,-0.048277727038260235,-0.6069391475230488,-0.9771693490815182,-0.9645302892026503,-0.6936388528201871,-0.3894444437280487,-0.17084333155811046,-0.04825179606359231,0.00908454149651196,0.0355559223358263,0.05321780284189589,0.06786238952989268,0.08048658958535286,0.09283526472789448,0.10125864216569444,0.10330140537642851,0.10027220278507248,0.09477321141439973,0.08954345707859161,0.08283821934151979,0.07720940560068647,0.07709307815211609,0.08111162607321225,0.08497717131109409,0.08578968649956673,0.08443223500344926,0.08252982394625719,0.08105761739390867,0.08008086647961239,0.0750572068790732,0.06531517580516455,0.057373890281118646
0.16069783147713523,0.1591771856378191,0.15476847274842187,0.14881678498414116,0.141901135924311,0.13364230096554627,0.12443034769086996,0.11537476928769308,0.10354901504369263,0.08842304886330837,0.06840539798762893,0.03717718596067595,-0.0019104495933735918,-0.045856099140476544,-0.10870553404604621,-0.20789106002954175,-0.35551572899521794,-0.5494091695181059,-0.7582242110544852,-0.9271580668215282,-0.9966953917325181,-0.9396117995165101,-0.7821829852990135,-0.5799539082602543,-0.381689996251509,-0.2125769841746464,-0.08019164739421944,0.019326675327605437,0.09531629387034685,0.15095386769070204,0.18584270111578652,0.20696381298950023,0.22378017924353957,0.24261533188835802,0.2575617728280031,0.26106801701303733,0.25797872237142805,0.2550106830096398,0.2559372016322925,0.26341799300578395,0.27331644440736774,0.2786214948545749,0.27879394422278014,0.2782937024433211,0.2803107257568574,0.28301409341125033,0.2837608731389498,0.2839462355332433,0.2861380738209948,0.2892407156808413
0.13447265669150138,0.13914611473003818,0.12665138424234829,0.09860341678959351,0.07177766959518866,0.061531189708167434,0.06519570874589854,0.0689936113153192,0.05822238481532859,0.025283593652696366,-0.013902853079485307,-0.0495071321617642,-0.09156190945315464,-0.15485570910775723,-0.24032676142916543,-0.33606257880365675,-0.45295772506829324,-0.6097422606110972,-0.788155918554948,-0.9417189795128488,-0.9930586167850858,-0.8764586934842202,-0.6201436658960933,-0.3235760057584277,-0.07397670597146375,0.09015072390594926,0.18458462776219192,0.2354543285877284,0.24677937584772325,0.22458818256890523,0.19417921535704258,0.18136898749829358,0.18166489842843878,0.17883554345980757,0.18010525022147178,0.20144616240715582,0.2392437260110903,0.26879087722125905,0.2766003875905137,0.2709468657197208,0.26905444142428636,0.27976187329278845,0.2981081761094806,0.3122149661011396,0.3080578201429909,0.2785511568070041,0.23581444683382355,0.2010455597059549,0.18833114475127963,0.1904490476353411
0.10713264899912854,0.07313627093238091,0.03989378811633831,0.030090456682874196,0.05142683375177259,0.06712108656543891,0.05610648167415274,0.03296087553983725,0.013360494714484406,0.011215339693325173,0.03074543505288589,0.06713429176948231,0.11052685354191764,0.15042137252870216,0.1801776873778894,0.20531263295544072,0.1861738348627864,0.01179234004475937,-0.3590582655166865,-0.7696270681633108,-0.9744602129239248,-0.8753213634812059,-0.601998915722561,-0.3341459602249161,-0.14908612069749613,-0.0454044535275548,-7.555442236196699e-05,0.0115647266881261,0.024795906150380034,0.06354632577606341,0.11204568601758098,0.13784383981812853,0.13004694660129507,0.11154813868194895,0.10161983004521287,0.09994082596664293,0.1028449611921235,0.11340925872289485,0.13487625705317574,0.15701367093526247,0.1696540733204644,0.1737713844920042,0.17489081026768194,0.17352471726562346,0.16358822120374383,0.14102886073106075,0.1148050690466694,0.09829721845906998,0.09072775874314574,0.08306470269812356
0.16742618067028348,0.1610094571064588,0.15490732426158155,0.15271063318148828,0.1517048343645744,0.15097498632841602,0.15202568681789455,0.15141746617925173,0.1439838419175086,0.12769117100077307,0.104349749388068,0.080987323361261,0.06287938196382761,0.04487631574509537,0.007648587746153261,-0.08166628278739811,-0.24942655629172839,-0.48464594045294984,-0.7354330633111734,-0.9307239595955821,-0.9960624199934806,-0.905140681014242,-0.7043852334370728,-0.4699731111012286,-0.26275594576165195,-0.10817492919309932,-0.0036606084704171086,0.06670451356030567,0.11930766207155188,0.15974054873345148,0.18204308228264415,0.18574274142515365,0.1839121050831234,0.18480939110213837,0.18668397187161978,0.18719088694606476,0.18472307662307144,0.17960656845698766,0.173676767705894,0.17021430015433855,0.17038239457048182,0.17164208509197074,0.17495323542387323,0.18131249576058642,0.18710977266091272,0.19276375743625437,0.20143244510942745,0.21289116641834505,0.2255904414382106,0.23502238145098084
0.16125604588379214,0.16297350658592188,0.16309797445025317,0.15983164764389393,0.15108780833996238,0.13433521173143628,0.11307731258219299,0.09487801657114635,0.08446288283743765,0.08019955359624328,0.074451356656604,0.059126922558251756,0.03089521777030972,-0.011271735022451424,-0.07005406922127974,-0.15830639344001352,-0.29887291703423,-0.4950410158160411,-0.7123634945969957,-0.8991172296038282,-0.9930072959040689,-0.9557291356507268,-0.8114183182503659,-0.6197624426633564,-0.4271001455826198,-0.2559472753117711,-0.11587592460414607,-0.009140739445965045,0.06647473831477567,0.11754026649275554,0.1510488482226682,0.1766247684029805,0.20480543981936997,0.2369701680342587,0.26533136164010496,0.2829669491051496,0.2854882483531798,0.27862409213822265,0.27308113680197255,0.2667438443244153,0.25946988974288326,0.2599616539778209,0.27186389468328964,0.28676119038583886,0.292561456070205,0.28730349280716,0.2784186159920655,0.27240253612121496,0.27230700399299224,0.2765850795170899
-0.0020650901960177883,0.0020425252978542212,0.007869874217188105,0.016450428977383278,0.03685225109975298,0.06654503108499886,0.09072422559583598,0.10179468410102768,0.10451977691574726,0.10591367261466227,0.11594028485902941,0.15795109985711084,0.24330069915666058,0.35343806266503164,0.4712562282991017,0.5630957416894705,0.5335703985402838,0.27193939175296317,-0.2173189495004755,-0.7283030455896673,-0.9925640128496428,-0.9217402434780735,-0.6530956354092491,-0.3799029633102413,-0.19460316841803738,-0.08047083075165591,0.003004361267508495,0.07502209027914399,0.14535003533890553,0.2116055377726876,0.24646938675035168,0.22479015227499333,0.1654893793854857,0.09471849437856443,0.02717944157458689,-0.01906095553783719,-0.036866397345518796,-0.041899995060245804,-0.05036461010697942,-0.05794060649488885,-0.0503402634637844,-0.031755576468647594,-0.014555536629584183,-0.0034912813910164286,0.0013602604243892402,0.00603803465915849,0.01084162319933522,0.009591025799325987,0.006176759762597141,0.005498202410427521
0.17217859245977116,0.17391407837757294,0.17357730751792558,0.1692575912852999,0.16212163630598217,0.15378898045766304,0.1454338369175271,0.1367326735786037,0.12592682331719615,0.11127071024296173,0.09226987110516545,0.06558438132169975,0.02544399105211138,-0.029719975877492477,-0.10198780978997711,-0.20416604700144417,-0.35347275716248894,-0.5485992414455264,-0.756109471557681,-0.9227492952569762,-0.9954931659651219,-0.9499716908793929,-0.8077754310686067,-0.618073167609184,-0.42687637347389046,-0.2613906677866654,-0.1282207149120372,-0.02271526021940201,0.06018141855701777,0.12427038384029983,0.17232984078713598,0.20569648448091798,0.22636097989725376,0.23794289012167208,0.24485471250908994,0.24974904768743947,0.25293149373108526,0.25348710212447473,0.253979682481342,0.2582238112216906,0.2644469291375847,0.2696765307022046,0.2747009827127209,0.2790391289001476,0.28131804856639897,0.2840049587122935,0.2907218243941612,0.3016231005750569,0.3132492785688109,0.32103196635760883
0.03183530781686903,0.032600058802444376,0.0474683341326693,0.0627633993121934,0.05520030931755749,0.037404347468474756,0.030401257232029466,0.03216252619630366,0.027958031584309786,0.0197870895445143,0.017990410611208565,0.02652274866411338,0.05757290512438372,0.1243541521837861,0.22922492199316588,0.3496270839951546,0.39463622873306964,0.21118058084371621,-0.24034743491081054,-0.7416845479742884,-0.9920269864981448,-0.8996295711661545,-0.6110863964263387,-0.31929475646529415,-0.12105965215690503,-0.018292549983874345,0.02336602378239726,0.03966158472958365,0.051102695279785386,0.06350669140593201,0.07703543810817971,0.09261849783226073,0.10988504679698723,0.125073856203278,0.13875790231113463,0.15072806474998954,0.15837784548288167,0.16328842300274776,0.16136513951588058,0.14295191448074177,0.1099293084366805,0.0723681414425373,0.050604178862829696,0.04614918391829361,0.04411073902218537,0.043224187423319425,0.04825701545205786,0.06197993999738366,0.08237842905500936,0.09801195473377111
0.22335979861454824,0.21440368597788587,0.2143159838477447,0.19306476413471924,0.1417687155237985,0.0904600971671578,0.06895680075145831,0.07357377021043089,0.06986397552670655,0.05768286772255425,0.0520129441327741,0.050068809384987784,0.03866306189971427,0.007207345025556478,-0.04110578864912786,-0.10969774849929452,-0.22564112350492163,-0.4168458160227734,-0.664545473781473,-0.8907028026824191,-0.9945506310534633,-0.9293603424544091,-0.7420959642501108,-0.5214372070281745,-0.3253234670185525,-0.16682097265526122,-0.04692493093009099,0.0426798091758599,0.11612543487542733,0.17591766958887134,0.22118877065535783,0.2575236443716914,0.2766798815493128,0.2675621121644786,0.24068740798598848,0.2211467507466629,0.21613844917543756,0.2136239489361524,0.20986643417539544,0.21037109788492575,0.2150679064829944,0.21549022053029115,0.20673639667127672,0.19525158875860762,0.1889387312509967,0.18222387835050483,0.16870828359622764,0.16217425705938315,0.17740721672339535,0.1981397579007955
0.19284616159192972,0.18170893326661813,0.15201194142729588,0.09509923592987034,0.047562130037083164,0.037803810459932564,0.051152868944926974,0.0672682612285435,0.06695774062884911,0.03846529998910868,-0.010769480671257244,-0.07588070919386936,-0.15102899719613727,-0.21465871465656713,-0.2620677882869526,-0.3230932473830935,-0.4238936731805322,-0.5626534924456902,-0.7321130569534977,-0.8995024537510843,-0.989035958017335,-0.9455888009743696,-0.8085455341718278,-0.6529464992774692,-0.5113447763637785,-0.3814518669090268,-0.25855685728873967,-0.14926792285610738,-0.06257623203522045,0.002438264801370545,0.06284130510504397,0.1297152131648591,0.1948180780004217,0.2507503907227053,0.3001398690661938,0.34037624994104937,0.36548546223634254,0.3761408623284133,0.3855119057564183,0.4097528652144873,0.4388730588983292,0.45457323601983984,0.4629969901127106,0.47922448976091286,0.49848694370273394,0.4954251517315848,0.47169390712935666,0.45636692073419316,0.4546190442424827,0.4538694694389476
0.16504043554904865,0.12241832276336216,0.06018782567941639,0.015803116715042455,0.008922982043797718,0.017881315530985,0.021694474896808334,0.020961690649968254,0.022986853111584236,0.027195724945386565,0.02468635922828501,0.013030382979181335,-0.008463851556427959,-0.045226539920033275,-0.10312778641608578,-0.18858492377736108,-0.31127030211736545,-0.47967497297167916,-0.6862093276406173,-0.8857761672373499,-0.9948127521711752,-0.9594428377449,-0.8192645729571897,-0.643247568341798,-0.46553145513223343,-0.3050993449626961,-0.17296162294532047,-0.06278972205828871,0.0320339420764442,0.1112656783743012,0.17890378384095368,0.23874780365887285,0.28752755440598,0.3181355285257462,0.3367875840746793,0.358760309713726,0.3769026372092819,0.38195137709742044,0.3812188494481106,0.3772956514651833,0.3708866761820661,0.3669713158649205,0.3573137453812478,0.32687823485090267,0.28862441789510135,0.2703595441299783,0.28070062565844706,0.3060499035542474,0.3272063866411894,0.33615271380885514
0.06906029112066948,0.043611707545060184,-0.003959137831324473,-0.04934416739986467,-0.06775056675908135,-0.060943730043227576,-0.04853282333332736,-0.048990140384442514,-0.05977279429496844,-0.06168109649429304,-0.052266930750243086,-0.05099180375161669,-0.06813148646647811,-0.09372574516427003,-0.12200014226513528,-0.16494385754630492,-0.2576522574897902,-0.4365886311289871,-0.6856204729342533,-0.9127227210856207,-0.9970874936356023,-0.8791973938681561,-0.6141733585628223,-0.3142525084120215,-0.0634036697409277,0.1087621026240752,0.21372231182801582,0.2758739788147182,0.3180012569720369,0.3504716440885035,0.3614993864616618,0.3432989330586966,0.3148886177266292,0.2887484516020572,0.26506782517728417,0.24619504046585824,0.23262320829888214,0.21693536191517426,0.19613719037774235,0.18436772021233644,0.1913764693901433,0.20205584720965603,0.20319396965190537,0.19518111591201195,0.18444078157212312,0.1876670725033058,0.21285662876865533,0.23975701662930915,0.2414039580971438,0.2265350413191029
0.17089498667476455,0.1911794608632122,0.20132967544970928,0.17216259533278677,0.12496175892617592,0.09059775159065926,0.07622656420438884,0.07122729926095966,0.06345513458417563,0.04817255376481599,0.02926496928031882,0.007855978302799785,-0.020415596926936327,-0.060793445152504004,-0.1176940163802534,-0.19830081987653006,-0.32791598803882654,-0.5210011946607264,-0.7437724310699791,-0.9272455087928129,-0.9974399306148127,-0.9198389031886579,-0.7356407499893787,-0.5178717461473359,-0.3141532166576041,-0.14722600167364788,-0.027600766479145413,0.05923559446625907,0.13464246737773497,0.19788622519167462,0.24023158420550825,0.2592844024152859,0.26107511641843845,0.25225133324900645,0.23410024579320507,0.21807275680876972,0.21408735440871446,0.22934117595092296,0.25671791701009794,0.2735103823314361,0.2661750509236995,0.251273698683396,0.24661968660953984,0.24347136956045912,0.23524367147713712,0.23387242669307814,0.2434895363958386,0.25432630715040994,0.26139104281601355,0.26328224147775897
-0.02060674395628698,0.006812001338761462,0.01552997622291049,0.004698468684121191,0.015582447463743598,0.06109771088090842,0.12096534326982036,0.1691390542064369,0.20509040823875696,0.24595265495594074,0.29449453314252233,0.34245126356784267,0.3920213807549932,0.44324766136012467,0.4789081429260405,0.46652998955975045,0.3391277253826177,0.0210875524410602,-0.4375412696252197,-0.8366906133237344,-0.9961898570310848,-0.8874342472091066,-0.6206136808853342,-0.3446844034119205,-0.14804994999308851,-0.03350035685446337,0.02839992942649587,0.06261138495843019,0.0862127181264935,0.0958358903083077,0.08590190923227072,0.06989377123095904,0.05836385848201127,0.05266939200208701,0.04812509831305953,0.031193744619993066,0.00919748959199677,0.004798523276842274,0.023071136973423643,0.04075092135606427,0.03445239542788935,0.013071266331854719,0.004267569561906576,0.013028375961670348,0.020832204670397012,0.014138923385555799,-0.0038394402859142918,-0.02240230862320859,-0.03340741700224351,-0.03459252943245517
0.21127271989508864,0.20699566923066381,0.20055614061799357,0.1926045078963455,0.18080692384484437,0.16385636628856898,0.1423088246543442,0.11732545927399356,0.09089924853801165,0.06372563075736856,0.037127430545377885,0.013224527017550248,-0.01013239716558794,-0.04268143571533277,-0.09508693413056186,-0.18044253058586712,-0.3176001457473685,-0.5140918823867501,-0.7395248680051077,-0.923241028284117,-0.9958077462678417,-0.9391223917956211,-0.7905125607797225,-0.6019172321836743,-0.4126191368795542,-0.24524220611346698,-0.108292658621325,-0.0008583568082324567,0.08182771669371895,0.14287238612260045,0.18300532129689318,0.20721819205627962,0.2240346208624225,0.23697538519436417,0.2442027691767183,0.24623952745927458,0.24747399819644697,0.2496815403844394,0.25231120591486733,0.254327296692352,0.2554736502517037,0.2579744928462191,0.2642652606454502,0.27170177194612705,0.27677167339811454,0.27927063642731864,0.28094210037561285,0.28180091984561323,0.28023570216918836,0.27786389495425523
0.23289242579796712,0.2699008231498906,0.3329626550951523,0.3738273767346605,0.35816918972128525,0.30443914455061827,0.24273305719860264,0.19675160109999892,0.1724376394803809,0.1519590349994213,0.1312250845750676,0.11683327192212883,0.09589839710766644,0.06866250297328272,0.032791030577476836,-0.05458255808726536,-0.2302136954769138,-0.47845986103264765,-0.740453504349751,-0.9350514649238456,-0.9857134396479889,-0.8655895779094311,-0.6423928259012185,-0.41474669580192586,-0.24032366820886725,-0.13715839936853458,-0.09372232391446977,-0.07281187038097514,-0.043013767732196645,0.002893009946206876,0.04592850253307157,0.0815484067709844,0.11946853480863627,0.13628823274135393,0.11788725670444022,0.08496654014484352,0.06081775322284662,0.05085350478466582,0.053327522424933285,0.07485381016312996,0.11686991485913162,0.16458149687455148,0.20656235737868744,0.23466363522588807,0.2362135843491737,0.21964858582643298,0.20300033726378153,0.19860891776653897,0.21296572550896817,0.23080278845416521
0.10329283985390746,0.08338006748760173,0.09189010612523332,0.12107439194674993,0.14456313919103506,0.1674888440102843,0.1915114884938062,0.20940596781322934,0.2221696988265582,0.23159038343235996,0.23873526838781126,0.2576447224484243,0.2916619869562386,0.3193405950624399,0.3184779675938617,0.26605154214101884,0.12286879836602635,-0.14762476951888132,-0.5160138851963901,-0.8486542866144423,-0.9909259004058812,-0.9062568047679288,-0.7041018155929939,-0.5153962518081469,-0.39716557974555716,-0.33354948557055053,-0.2741928731637253,-0.1931644614710348,-0.11270017717668025,-0.0635822576335768,-0.03670675410610901,0.0006286101538214824,0.05238089589732329,0.09310238748265622,0.1183484524592442,0.14865256560851853,0.17957700776091318,0.18814624428180052,0.16788432305679263,0.13562401558600695,0.11075688439014568,0.10644792365029582,0.12106385568883168,0.13788822684957733,0.14996457065421753,0.16402432019558164,0.18242130648896251,0.19710119260219824,0.20331583010258814,0.2015588817258359
0.12384605976655459,0.1478132227363864,0.16967396062674076,0.1862152307251763,0.1957163270850459,0.19759925481647597,0.18522769473122164,0.15749301054288317,0.12269590464385752,0.08241443567369147,0.04010092911451512,0.007219191281242088,-0.017560816397570927,-0.04939250793615586,-0.0971565578065943,-0.16806429568485734,-0.2823708569924568,-0.45620573125069946,-0.6733263548622256,-0.8787993865055267,-0.9875720608676929,-0.9486452484888511,-0.801258422560799,-0.6169244214509939,-0.43443217641429355,-0.27040936343002436,-0.1388732020794229,-0.04266844342904636,0.027817736789949865,0.08596011950343492,0.14074044645662337,0.1886452323220169,0.2252251689735311,0.24607277080150536,0.25042809429885005,0.2478085233697417,0.24618998930611735,0.2445609858207659,0.24660675747555508,0.2528359367999129,0.2600294212579747,0.2677808526959885,0.26841309654771006,0.26226496527367943,0.26634761225774223,0.2826705142392448,0.294277204251492,0.2991967338724994,0.31248104668487203,0.33129141541421253
-0.13745079711824257,-0.1467972083256188,-0.1534333406391188,-0.15777931704319825,-0.1637651370325955,-0.17197911817238024,-0.17636440750122437,-0.17482739797816943,-0.1786720609698876,-0.1924573868852432,-0.21101271944780067,-0.230318288216968,-0.25383487090953033,-0.2969856213890537,-0.37140200720246047,-0.47077352894668306,-0.583523537000749,-0.7075858412784828,-0.8405042553338764,-0.9551788365731274,-0.997884691255996,-0.9292357124936121,-0.774969700627957,-0.6072512513196567,-0.47298379590679085,-0.3654440614504474,-0.25484916058279006,-0.12340959188807715,0.0313668371605617,0.20363347206081156,0.366215776699929,0.48282583959488085,0.545802895779691,0.580983783335117,0.6140398789536361,0.6429551866865195,0.6525655399747207,0.6404421853425422,0.6216867144571665,0.6119461373200877,0.6065236651278482,0.5887262968261036,0.5569972565152367,0.5238259550429425,0.4963674456850836,0.47787059417419203,0.4717153915282665,0.46964844362857905,0.46118228081370405,0.4533520667821176
0.03380395511754343,0.041802738972091504,0.05633317981653399,0.0713674982414792,0.081884779181308,0.07906873014908683,0.06146143485474265,0.051245872963600184,0.06219217063143519,0.081975650510244,0.10560515154018744,0.14261091197424705,0.20067505290704074,0.29014705428773174,0.41898321654927956,0.5564022813791331,0.5856474745110859,0.3460452743478135,-0.16944746373860278,-0.7104558900876464,-0.9819920657436031,-0.9105865339404334,-0.6431145993408643,-0.36132591342031156,-0.16331484746554037,-0.061272002316830776,-0.026493105893448294,-0.02673728865052587,-0.02928227610159623,-0.009354519807597753,0.029405988376543218,0.06324695367235394,0.07270478294567323,0.0611610903221749,0.0460212813974942,0.03661974601977521,0.03136664176344162,0.033496691484986345,0.045270988419585344,0.059765166564696284,0.0728561607254423,0.0776150065069471,0.06396166949644383,0.03507528506047506,0.011689095003498193,0.012976064956498286,0.026154261179530795,0.026185366969043274,0.01447493150836253,0.00607690619945167
0.1164795635303275,0.09949444799076672,0.08259639102467738,0.06812272813134403,0.043706759682684525,0.012171249114982605,-0.009414168891950807,-0.017427485654990214,-0.02627912984815603,-0.04692576730703832,-0.08731392651575959,-0.14737654575202183,-0.22478735002097713,-0.31784890915288855,-0.417018029571487,-0.5123467738332967,-0.6081004822189332,-0.7134342629401188,-0.828489291221767,-0.9340081665482655,-0.9882308408362125,-0.9605992261849232,-0.8627934604044863,-0.7296573627688012,-0.5920096240280938,-0.4590543608918109,-0.33313309383259804,-0.22020569078083407,-0.11839071288987454,-0.01874439973694909,0.07964775202993338,0.1668841293165893,0.2383921958537056,0.3013575792303798,0.36080964648055863,0.41330462495069464,0.45573199314641094,0.4951188914986645,0.5385727107933767,0.575312416470702,0.5935297027221919,0.5949793334833323,0.5930103187399508,0.5986222304909316,0.6084679526868717,0.6180473420359237,0.6252106045908069,0.6286967725438062,0.631137129106772,0.634184596185849
0.06021284684673563,0.06450057117907568,0.06513465512067275,0.07067778611751636,0.08526475623867924,0.09882956876613716,0.10940211695024035,0.12734770753322816,0.15762397428668823,0.18942450390301405,0.2175661110715845,0.2552670222873161,0.3125466495833882,0.3776302526639107,0.42586882212137966,0.41585514416326125,0.2831634804016723,-0.021294921665960982,-0.44915297910625684,-0.8352690062280245,-0.9958751554703859,-0.8841225783243271,-0.6314022041081613,-0.3945683395236353,-0.2359886419474494,-0.14000922847054,-0.07070737912434565,-0.005551532370645883,0.04942603513341692,0.08498077188889307,0.09691826657122272,0.08174419860849363,0.053865555075968914,0.03912042391002628,0.04672768777156247,0.0615963130111355,0.06231920425797949,0.04929147226393006,0.05262593014774452,0.08478407594272705,0.11682868798684735,0.12174445217247959,0.10589223485080398,0.085828661562456,0.06708254272156079,0.04906873728684093,0.03095610444829952,0.011766973534142215,-0.0014344593378881588,-0.0035078727034107966
0.04993852131570193,0.053261587032324476,0.05119065795618355,0.04406860710211205,0.04002773951213652,0.05295938490004469,0.08061458600911971,0.10876391853582668,0.13399332623743632,0.1606193647797955,0.19573925367378187,0.24640532002293558,0.3161004753240437,0.40477189060504115,0.4968884580137818,0.5370464969841252,0.43889383264024445,0.14134018349999308,-0.3157967227972802,-0.7618903315960219,-0.991127461835506,-0.9357301890182703,-0.7029120478494401,-0.4430774179980821,-0.2440324183952352,-0.12815885136489719,-0.07869581546363175,-0.05892032754493659,-0.03913391080125907,-0.016092241282115984,0.002570162059525294,0.019419152040378848,0.038424648147504376,0.05561920965206483,0.06370084888982297,0.06359918152826144,0.06008263815684868,0.053990321819449544,0.050305379597595394,0.053943097328699154,0.060248851857116564,0.06357253429788473,0.06579617708457189,0.0723590437453075,0.08213588829377566,0.085452598541044,0.07646995732324981,0.06460079888928855,0.06251548961526655,0.06813815293439257
0.06874793829293044,0.04896447391222686,0.023476990390765087,0.0011668644539601623,-0.0180627657124441,-0.03468739745146487,-0.04139030616390012,-0.0404608607406899,-0.04451167864734012,-0.06410441652056134,-0.08552416200089237,-0.07944969418804185,-0.03968905724256611,-0.003513560144442238,-0.01396243091096058,-0.08958979829861673,-0.23479194848116738,-0.439346231523722,-0.6749651466391018,-0.8860630804542133,-0.9897859563909552,-0.9527318331824137,-0.8291975135481497,-0.6855594230309345,-0.550328296564258,-0.4254178263638529,-0.29940569791780486,-0.1655228832016704,-0.031168692817502345,0.09132864803291767,0.18634479774471457,0.2487535052862566,0.2932278099310254,0.33722811623174875,0.3825522219296806,0.4129981186192431,0.4275801514295067,0.4350147996744217,0.43151697009322676,0.42281337925808454,0.4190892008751148,0.4152290537413044,0.4042089917104169,0.3885274857922754,0.3800474295193585,0.38428894187222074,0.3917770514716104,0.38947247308056043,0.374596896213339,0.3602783485807568
0.116727337109779,0.11580460270748685,0.1131621015400776,0.10912916402173341,0.10316819626118247,0.09453309946568421,0.08517767714671215,0.07676070926994942,0.0682324942745329,0.05882440791248891,0.048668837874327624,0.0338128368151003,0.008189086234791317,-0.03088705336091367,-0.08468713136116858,-0.16290291151975625,-0.2845284052261311,-0.4659579872402127,-0.6950997326201219,-0.9051982025269587,-0.9997928067322989,-0.9301295678201279,-0.7353466155656517,-0.5006820216428344,-0.2930938114541269,-0.1360610267914066,-0.02579249170988703,0.04916340413011643,0.10134615213990164,0.13972742549218642,0.16856067542912972,0.18915460352632574,0.2033649870082373,0.21416840238144735,0.22258528942720954,0.22881657363557453,0.2352537248257595,0.24422843880771175,0.25468828318534115,0.2637501879022931,0.269344422595026,0.2711173174480454,0.27047931042737783,0.26922727775829025,0.267723358300816,0.2664919833681606,0.26720344039165356,0.2701140904248692,0.274054742363976,0.2774051239683012
0.04266582219483166,0.045947573997632406,0.04652015612356083,0.04181454506483439,0.031551335510767664,0.013075418570226427,-0.0032835232969868873,0.0003311803395386731,0.02898273111237914,0.07089003439036672,0.10760247753449301,0.13773243994968348,0.1802742778976133,0.2513882801555761,0.34791217551545045,0.42738706111254265,0.3936416435068159,0.14156084913700323,-0.3151875686415538,-0.7734091174912697,-0.9943401702202274,-0.9043263344769412,-0.6228803017013157,-0.32870833977487346,-0.12435412608264504,-0.015368228390245351,0.03323138613276461,0.05634589593722908,0.07665624368109017,0.09850755212874142,0.11787999889480888,0.12782502077558705,0.12311726059893335,0.10756205304248843,0.09000431074071093,0.07564221901955068,0.06800102620253369,0.06726214849751123,0.06903684843116104,0.06714302952482214,0.06219395626341176,0.06008792910571852,0.06628738916892858,0.0753198812601961,0.07175776655131066,0.05647099544684982,0.045243483284121096,0.04507306031911246,0.05252439428174367,0.05940585867341675
0.22005528060371124,0.19053661226761298,0.1544682767524523,0.13378540448132634,0.11586421351603693,0.09918190781683779,0.09802085597491014,0.10782625519867771,0.11034721584669108,0.10396779604325164,0.09815788272202279,0.09147333485584397,0.07180970325842265,0.033326590671161886,-0.01750738989945881,-0.08625359643830423,-0.2033318890318141,-0.39161736139475184,-0.6357426567658023,-0.868563725421575,-0.9904703089131416,-0.9418322665283896,-0.7652554224841306,-0.54950263932497,-0.3525941501797726,-0.1911381537823173,-0.06719739639684626,0.027075899758942625,0.10974654755321746,0.18594743455646653,0.23809977871372548,0.25325705123733966,0.24671638728082643,0.24205562511720197,0.2420264322201388,0.2354047372438563,0.2214764282254662,0.200340687461015,0.16681720931507044,0.1232812567857683,0.0944478172946614,0.10464184574659831,0.14056363458558424,0.17267581540044782,0.19055520867150502,0.20313837047955757,0.21917033807488445,0.24174667083919604,0.27262031103949447,0.3003801389513502
-0.03337761192367829,-0.03412666359357398,-0.0400342872117494,-0.051210654510642,-0.054796785909651556,-0.041919348318919226,-0.02360283339628903,-0.013133733332967851,-0.007973389026743613,0.006611958412040576,0.045101284092050005,0.11415044995394066,0.21213471142592735,0.32841363385142275,0.4523007901995425,0.5467303664209472,0.5128282760510556,0.2405848233605937,-0.2559132037824739,-0.7619396631998256,-0.9944317615722105,-0.8822563278523784,-0.5966594347001848,-0.32661259793864184,-0.14779267280821606,-0.045350435752874715,0.024447506352908384,0.07831527531894532,0.10653553898103493,0.11074246044897684,0.09936014829821976,0.08834411067615278,0.09028576902464377,0.10138997296236464,0.10727810714089828,0.10454736279149121,0.10094608659395235,0.1015976836760379,0.11316640008908539,0.13593376705459134,0.153483172517177,0.13691734623665386,0.08840577887895104,0.04873630274397975,0.03883811084186934,0.03688527311042328,0.02149784677733662,-0.0034229275476447656,-0.01725905943054019,-0.014696922474008372
0.15393692774095008,0.1592197733166815,0.15793283077048492,0.14598976179459192,0.13423526443842287,0.12372104545183901,0.10434089580622542,0.07275554425222762,0.02742290562475103,-0.03032478174739825,-0.08993321278403041,-0.1483593779738115,-0.21091190310062785,-0.2775482856405183,-0.3513165277418242,-0.44164208200321897,-0.5465241602299746,-0.6611553476152564,-0.7892528630926302,-0.9152636054587734,-0.9836746072114638,-0.9530537803156847,-0.8560727007277584,-0.7456848768003903,-0.6400551392760834,-0.544845796426885,-0.4618840066900473,-0.38253376785152543,-0.2912892924511756,-0.18523044214495457,-0.07697526856302192,0.023774549888517446,0.1197359289541228,0.21700757626579906,0.30686179253503365,0.37592817550603425,0.4268966746360795,0.47097212164111174,0.5123588591551262,0.5504685362763718,0.5842495673054235,0.6100347896830263,0.6265086090152447,0.6377778245919493,0.6511081469603387,0.670687738371508,0.6892671629448553,0.6912349708383702,0.6758831329146374,0.6632207191673307
-0.0085525001481635,-0.004048731487831087,-0.0007744147371817443,0.00270309421112537,0.007707301795676126,0.01771575997429239,0.028059341540683833,0.036135082731379366,0.03991391960358974,0.04228332782433478,0.0562652523061119,0.08830031184900732,0.13843762362122305,0.20371381452389356,0.28343924020267697,0.3704702137980044,0.4011106199697129,0.23720507813396782,-0.19733430469530217,-0.7185104197933889,-0.9883465367495656,-0.876290773359329,-0.5615268048596904,-0.28077839401578014,-0.11745818102233187,-0.030892500906345374,0.03461106332094191,0.09388485698124821,0.14038326132921977,0.16783040806209576,0.16721449591255771,0.14484841289121936,0.11738070410185458,0.08612798184028235,0.05051930663408723,0.027211132945398377,0.025205901637153423,0.036790902610118005,0.059174170296880574,0.08213928713283593,0.09084247617870944,0.08366397930884956,0.07460980385707808,0.07726648890355702,0.07972964309748445,0.06607632604614995,0.041827024706942925,0.02471210002615468,0.025116137053084117,0.03388771481532695
0.05477301507220274,0.04372778288734601,0.01640202000650256,0.0007687747133906,0.003281793803593618,0.01534112893570573,0.03754353785708155,0.061810080493525286,0.07138853466712627,0.06995179847990168,0.07826347391616996,0.09861554940380525,0.12499876170610096,0.17870912659696936,0.28268195850188776,0.4055613976931121,0.44631671595896383,0.2629728322864753,-0.191904691020415,-0.7148805964611697,-0.9835541748444988,-0.8860892754624602,-0.5886146350157098,-0.29666305454942304,-0.09363028169369202,0.022010435255937433,0.07109568197676928,0.08322991741089443,0.08733166050344696,0.0882325430857912,0.07690608914110017,0.061235642044705094,0.057205244806498544,0.05804789787039991,0.04957777207803991,0.031191086980529283,0.019315606635410727,0.029718788762675148,0.059085238891028104,0.08448316111245584,0.08848583915293647,0.07656340861584922,0.06381933000266057,0.056844048598556525,0.0503106254920062,0.04645016371883617,0.04861437671322571,0.05492753442403335,0.0644875882352266,0.07305874455849554
0.1652576562555032,0.18400114990943897,0.19967087449858237,0.20246179491521457,0.19199445049919028,0.1735266414147034,0.15500634634208307,0.1455816788686087,0.1464840799104598,0.14301095048966064,0.12376463057727477,0.0893939478465661,0.041881030191591624,-0.01834423695063051,-0.09085294073273345,-0.1838721748218684,-0.3202666235429187,-0.5140130443977411,-0.7374862737764046,-0.9233865762651849,-0.9971739554705696,-0.9290536005951635,-0.7611163089919464,-0.5654187811873927,-0.3908813012145983,-0.25180500204687667,-0.14740403053957324,-0.06797351308715185,0.002706046132128149,0.06947405259517707,0.1226597815485067,0.15817669560155972,0.18291648587472656,0.20258655493604194,0.22150001266933636,0.24151705068165166,0.25765381943184673,0.266612441030493,0.2730913847273845,0.281643741399481,0.29024427151511656,0.291964376148681,0.2870182414975967,0.27859195796407304,0.26403378318023585,0.2457042289177107,0.2339592548440733,0.23704568356897115,0.25496130304427395,0.2729519645928111
0.13021996398703192,0.12315949335680547,0.1155554507446862,0.11458323840409926,0.12050926383170714,0.12891447705812378,0.14288570165394282,0.16932717235373662,0.21076937078300906,0.26927137304509613,0.3412392789066157,0.41489916620806083,0.47982581994558027,0.5219231276890489,0.507101760030386,0.3854673914284879,0.12744663936336545,-0.23356476690951872,-0.6009602561225871,-0.871532018719275,-0.9907542847407403,-0.9700292797855906,-0.8707899783676978,-0.7504109334894515,-0.6280168043734617,-0.5068163610214744,-0.39736059803971613,-0.3084306535662029,-0.23606734094167234,-0.17276262288799163,-0.11328254961581524,-0.05464655783258022,0.0017890711204405017,0.05359650733801798,0.0952926306418953,0.12206847045002038,0.13921945330958999,0.15526711553546674,0.17191367071858277,0.18695943419911015,0.200768011980241,0.21477423164111337,0.2274284079998016,0.2353798107966564,0.23928948885983148,0.24420310227454597,0.2547119745828201,0.2700284417316834,0.2877071005931755,0.3019293938510006
0.052276307098326376,0.05996813226641712,0.06653225333912649,0.06816264842988526,0.06339432326408696,0.05162900084827636,0.04218351082442713,0.04312439546247435,0.045165057248403036,0.038757387415395035,0.02707106602876639,0.01530412940156708,0.00013543885122188626,-0.03085067650773533,-0.09402511779090031,-0.20431459209520536,-0.3668834001830678,-0.5693711636802832,-0.7777151339320652,-0.9395613442843391,-0.9965140861597338,-0.9068688933506881,-0.6734493717165259,-0.35575547037967475,-0.042204279738202455,0.19963410021052075,0.34899154325256604,0.42301722386480206,0.4503541137909052,0.4464900481940528,0.4196701130255931,0.3848816886831752,0.3527543880804364,0.32133230589160067,0.2889628434979385,0.25851263686049053,0.22939184992470835,0.1951027228019551,0.1551676321377534,0.12010086921568243,0.09816903242287346,0.0887465841787517,0.08617076542383781,0.08473507888040174,0.08232020038897864,0.08171461315539298,0.08121917540834317,0.07342339157193091,0.060629840933323485,0.05231711754403338
0.040790551303798904,0.04917512322995066,0.05509516609354456,0.05023248954298434,0.04370220851000232,0.043109947973271785,0.04602061394072576,0.050410469179912154,0.05531290453302188,0.06431838358364289,0.08663153937994612,0.12665597800360665,0.1854705441122468,0.2728032272284674,0.3974995519825941,0.5145484882802261,0.49281138786495393,0.20733818518327948,-0.2937083554632263,-0.7700995035989453,-0.9884862654331867,-0.9106821923185286,-0.6700312495006312,-0.4171160291739718,-0.22855817708244608,-0.10841072376006325,-0.03789105630469337,0.00017691779689570422,0.02459269087531654,0.047819078923761964,0.07050922136851177,0.0881779726040553,0.09857049898897116,0.10070869617143376,0.09077967318749697,0.07475357280097017,0.06807833523973666,0.07128153963033555,0.07370745998386143,0.07270098705515116,0.06905886613744415,0.0633281849155914,0.060990420933244506,0.0666838908146112,0.07342676042181911,0.07461478442839437,0.07430514981080738,0.08127275674166576,0.094487728409899,0.10303160546954139
0.13004342903341262,0.12987175946799892,0.11726215853205002,0.06703313024835682,0.01911307553320275,0.012262180273061434,0.035763004668032575,0.05762236114548785,0.04771163206617884,0.007237178786919533,-0.04044996606569679,-0.08166375335273196,-0.11335653310917038,-0.13639783060320762,-0.16031119541021444,-0.1984892003168708,-0.2676988983300255,-0.39468634070830133,-0.600564388553509,-0.8429110124709933,-0.9828706216963451,-0.9116218761388887,-0.6878030363510378,-0.44543911677912706,-0.2693055563354235,-0.166508474717833,-0.08959202333530505,-0.006093633710511073,0.07967878000947612,0.15387868499603646,0.20729981718117935,0.24073920717092345,0.26490952933816714,0.2919580019730305,0.33168587106467207,0.3794330399872894,0.4102384160349147,0.4149947097728329,0.39414582540119003,0.34696422507166125,0.28538117802448615,0.22714623497852493,0.19448315529456264,0.19746562792513622,0.21372221666494556,0.21644481972781535,0.21205858249592885,0.22080322910065542,0.238635516274433,0.2497768797426292
-0.07103344431366886,-0.07410653017121056,-0.0700785288710076,-0.06294745198160431,-0.06042957942417685,-0.06252111192669953,-0.06097557896926319,-0.05239603845785409,-0.045163283376709,-0.04079367017300425,-0.028874482535910417,-0.004710773901335748,0.032378374456539225,0.07936226389457364,0.11251262746128753,0.08619433308870321,-0.043036615435444125,-0.2848625745676721,-0.5915835771976253,-0.8624323402441708,-0.9971527059992153,-0.9677699235309611,-0.8265228092163005,-0.6458149301786835,-0.4734963534116628,-0.3263316129038027,-0.20221025552585947,-0.09666970026835402,-0.011047969532008749,0.05531071056304843,0.10916694642585228,0.1570713027429773,0.20181583712768605,0.2416004306879944,0.27319641908581455,0.29802707879341767,0.3209486103663008,0.3412506927350092,0.3572486588784917,0.37194194896784877,0.38665389914720844,0.40024583121190727,0.4093589922602325,0.41027369640506683,0.4056271011461592,0.4015318528964819,0.39884705576305257,0.3902165108092939,0.3705482459750779,0.35163242122418037
-0.10460562451921837,-0.09936395593110378,-0.09019532111459024,-0.08441729942545835,-0.08789445099495799,-0.096278580535118,-0.10166805418697432,-0.101270330940992,-0.09404800029354424,-0.07942832421999488,-0.057942898044319735,-0.02745457931629863,0.013869327167361783,0.05153997580354851,0.0504077678820815,-0.026679782849879048,-0.19829652338564616,-0.4492232540323564,-0.7206407056646885,-0.9260626642805956,-0.9953218105384133,-0.9164169921287578,-0.7406438463804537,-0.5401003086896722,-0.3599480340546146,-0.21028033759292628,-0.09025476608941488,0.0023759178831041796,0.07626696125975971,0.1400193987817026,0.19416245798501713,0.23809678408202617,0.27518445274191294,0.30650061168554865,0.33033775136957105,0.3458634895231283,0.35548351819235147,0.3644710461764958,0.3759654717892041,0.38585989640165425,0.3896625385374706,0.39082187122995177,0.3954326212380959,0.4018640952085417,0.40037976163701655,0.3865418905442411,0.36499135163355645,0.3416829113548891,0.31872938665558054,0.3019251884461772
-0.02326206873264984,-0.015352297133800338,-0.007610560203423366,-0.0023042799678990723,0.005130940957015142,0.01627767159877262,0.027998069691429588,0.03867273454319097,0.04972618903054901,0.06609045882893108,0.0919501168214171,0.13054988330152714,0.19178200964845543,0.2875590888141066,0.4140553360683589,0.5295119504484954,0.5226878759972668,0.26671177801716994,-0.21811316210277074,-0.7120655285066542,-0.9785338544265936,-0.9553603026591191,-0.7553196349286085,-0.5225680552568681,-0.3358120840546967,-0.21018544032445213,-0.12482042534808853,-0.05588427982404785,0.005802345816102291,0.061151169254066606,0.10925625255427958,0.15197437613282633,0.1890446436614292,0.21267798091433615,0.2191791583879608,0.2130366154559673,0.19991943608371487,0.18392535727747328,0.16960603464487653,0.15570226386128236,0.13620542845686442,0.10953519437424832,0.08030873157000995,0.050893866631859644,0.024026248174431095,0.006731838552697953,-0.0007098791584112459,-0.0027806040964873384,-0.0006359267954828974,0.00363733794894082
0.1365039191836158,0.137884241221478,0.13141008758047057,0.12014979204171836,0.11000273903106929,0.10194993130103841,0.09123673328474241,0.07817652058102655,0.07000021141455746,0.06628893969849672,0.06153720152979457,0.05071073830495249,0.03319940484125183,0.002968342312744236,-0.048528970086794826,-0.12569273948615292,-0.24299164523853975,-0.42394529759910093,-0.6640143097073159,-0.8933872487922562,-0.998236021572989,-0.9184244419227104,-0.7060380222465111,-0.463164614392321,-0.25942940585367047,-0.11056436683790076,-0.0032083879770596316,0.0734862015508671,0.12549743820407408,0.16010776213949748,0.1823717352555158,0.19624055287696182,0.20399385262751388,0.20812743331815972,0.2127179158239823,0.21958793903765306,0.22888319395539772,0.23485281298740526,0.23204077539740126,0.22654110787614712,0.22340419421231722,0.2178704155300815,0.21330831527662295,0.21530760842521696,0.21709154975107778,0.2134499608825031,0.21042251375529716,0.2126003897262638,0.21717752842797514,0.22052547234843503
0.006982059843923078,0.008362504203299615,0.024263413424233313,0.052950387325927654,0.07732317783360225,0.09018648401932214,0.0915886136684221,0.0796583544634809,0.06696188685211203,0.06819662441342281,0.08528609169611347,0.11616540967622453,0.16739907429031517,0.2418239619365126,0.3273409322288131,0.3887781980353194,0.3527123016068828,0.13087759731156892,-0.29284015433847443,-0.7534202239298166,-0.9920721028954268,-0.9042530481698038,-0.6202748994290402,-0.3295022497970211,-0.12382833046664853,-0.006496219025916099,0.051085821618932145,0.0753104245008918,0.0812462389565115,0.08087221932775872,0.08339740132271156,0.0872575312510168,0.08558587934533553,0.07604808978573413,0.06458696641017996,0.05392546289298525,0.04685164381927696,0.04629709622038083,0.058697942704074794,0.0794752760838318,0.09338760883975757,0.09255618795420938,0.08245541982531236,0.06611719548020974,0.04830331499311468,0.03919629247481303,0.039149264572749726,0.0506459130516056,0.07207591276215307,0.09130505102910463
-0.022967421161018322,-0.04436905368444396,-0.0650638345179917,-0.062317261226471306,-0.04948387184351418,-0.039279251475314414,-0.019879612739439168,0.00725779587900986,0.02828245972560206,0.04348632607489564,0.06651623672564977,0.10558888946486446,0.1570934262186716,0.21712977020689347,0.2916738424441984,0.36756981163513397,0.3745948431431469,0.1914803219334176,-0.23141473692648573,-0.7153328042697714,-0.9823565974228451,-0.9453190764981674,-0.7246105110618547,-0.466687271458847,-0.24874250262775124,-0.08996058422317788,0.018559724562416204,0.09475282569881999,0.14522785187003984,0.170006097817146,0.17534306075722061,0.17371243041297138,0.169489076617233,0.15861615691746395,0.14531517565044658,0.137459824739329,0.14119005485503863,0.15177389536420222,0.1553281016549954,0.14358003264887398,0.12239852725131355,0.10586135802035691,0.09949414070968195,0.09727251818913712,0.09336473234952129,0.0862653587919653,0.07603692096938282,0.06722823494559514,0.0640718692813339,0.06476269761112469
0.020311567729590894,0.05291268276675316,0.1259256194044914,0.20573549688103038,0.2181351636385497,0.1396055647918341,0.013998112634909644,-0.11201722925328188,-0.2153231132902418,-0.2939642429100316,-0.3394160736387592,-0.339366665571986,-0.3036947422713331,-0.2581529751881551,-0.23064191944617313,-0.24139509277008864,-0.3077217193322215,-0.45233797630095,-0.6750586932165552,-0.9025316510095982,-0.9983599691631128,-0.8605097266309556,-0.5200786074136072,-0.11481368002022595,0.2205146482384876,0.4245911340652144,0.5151158582839026,0.5326614305281412,0.5041426667559442,0.4462398813249094,0.3769783325961427,0.3189765716405287,0.28040313655589916,0.25448756034690456,0.2341373646598933,0.21809273813740335,0.21118358041243,0.21469218747666327,0.22090473913193756,0.2154495181180014,0.19460405418327026,0.16811491481091032,0.14810785674085675,0.1380577832130603,0.1259559691481196,0.10791820504545618,0.09577681440153331,0.08832910619265422,0.07396252096999083,0.05936129660186193
0.05880097731265263,0.0368948085169362,0.02014054141875953,0.0106548503846446,-0.0018891898090501512,-0.0008740176304631727,0.023865193135755823,0.06076200714448629,0.0992467602543146,0.12835255600961631,0.13704990705103767,0.13925062346628198,0.16546120742952963,0.21694713258694803,0.2746837966581904,0.3080086247797725,0.24948472787505713,0.018862372554073772,-0.3804034756992648,-0.7899692522730727,-0.9897063158366147,-0.9022293604176603,-0.6404925741342503,-0.3610690517848437,-0.15380704437612003,-0.03733704196383907,0.007530919314174283,0.01912095701489305,0.03094938895264124,0.05523818483860075,0.08931550220909733,0.12172316963238312,0.13974127167590525,0.13992008631605843,0.13184373492858523,0.12666051980775853,0.12304866829753797,0.1147982769115551,0.10628807576564833,0.10452969569568483,0.10758980947593519,0.11151833413803186,0.11736986233861711,0.12914280181109827,0.14051449331986998,0.13444712454125643,0.10724926198921597,0.07401647956536964,0.04668074050659701,0.030073878300607076
0.10114846616573657,0.0987271973744804,0.09109013232902693,0.07038297285364431,0.07558299426536902,0.10043070617816763,0.12299055063081994,0.14075920184936644,0.15543283094663038,0.17429694528874148,0.2019418680972279,0.2446556958110461,0.31129583269683836,0.40128358783629287,0.48570777062483983,0.4944467063774984,0.3428174475916105,-0.008191794354726624,-0.46782772952456003,-0.8477110881496168,-0.9921397976489792,-0.8846548890823461,-0.6406341454033343,-0.39581095961342433,-0.21170818514626313,-0.09070245343979923,-0.02207776702391472,0.010343683453619959,0.022418593721449918,0.032139171810031945,0.0502849707508011,0.06341985705348627,0.05672851447587659,0.03741210210495908,0.019839709541758867,0.009539029062297168,0.006475247771775618,0.011790240406968945,0.021390183298693435,0.02952743627096991,0.041168567520068276,0.06039446378430611,0.07833899709025965,0.0857574800256188,0.0832872638662135,0.07230176222190102,0.05445160246045892,0.03603182953541475,0.029985075306079818,0.035442120936617645
0.01204136507597723,0.020528463150305477,0.028006983975123825,0.028440866604085253,0.023270229859611934,0.021805654293492484,0.033304852526912294,0.055823432694045896,0.08071806784289792,0.10589375035586589,0.1371317614295141,0.1833780033546558,0.2535200856870907,0.3516855515306945,0.47244771041041134,0.5761771198363157,0.5582511627609003,0.29328827818673014,-0.20925415806159883,-0.7234391271255411,-0.986516712378458,-0.9338426282081218,-0.6949079445263768,-0.42912948033241083,-0.2238428690502724,-0.09780513993280658,-0.03556071567810995,-0.008998651497296901,0.007662633283663563,0.027441335983919596,0.05114546455824736,0.07328273143120506,0.0860851711254836,0.08628134822553161,0.08131499413367471,0.07551059870563553,0.06579998647193057,0.05559442970161031,0.0481654697893477,0.04156975301644196,0.035174447278329385,0.028768657853145294,0.026358918895728542,0.032176218186393234,0.03909506422303602,0.043167923241602395,0.04908317421097085,0.05416413960983445,0.05245586080906847,0.04728576648156212
0.047637672373233256,0.05649507278323966,0.06399316978011739,0.05748025936999137,0.04261369810605122,0.037508910759855144,0.04809715741240145,0.06348911350502659,0.06949454649338477,0.06355445045526183,0.05531761665567653,0.05099503835880777,0.03948426994622391,0.012735257841990333,-0.02034697552287313,-0.05710001918472539,-0.12557552101274444,-0.27430143429928006,-0.5412568472303513,-0.8607499296847843,-0.9666871146162962,-0.6072479725915659,0.06112861148992997,0.595543704955012,0.7691554764699925,0.675379195709667,0.49278741468231185,0.3293883807994765,0.21305182074580287,0.13746024769210197,0.09075703427722825,0.0608199926296191,0.031957481406211886,-0.004517098020940768,-0.039984795638532626,-0.05921371416208014,-0.06013344340266201,-0.05536615554333503,-0.05114940817460324,-0.044258498292633494,-0.04122598118640381,-0.04914666888028699,-0.05950718201313984,-0.06041211830903329,-0.04979301265097342,-0.035388339971871734,-0.02836888272327722,-0.028770423179002073,-0.02587529893725926,-0.01994875946995908
0.057677907548698525,0.07618205085701124,0.09000590025982218,0.07699023857486291,0.04850633180669334,0.036114942831057636,0.04234729653616646,0.05470816850392682,0.0609675051321081,0.05306719877766552,0.026591050108386676,-0.011851824109849625,-0.038967543128465065,-0.04457674777423279,-0.05506712952441913,-0.10576846249250878,-0.2129607376557836,-0.38918938778104634,-0.6406516284185525,-0.9018988149099941,-0.9891071611508379,-0.7345084885637787,-0.210477031304471,0.3108651393269172,0.6195077658340302,0.6890750197124882,0.6125412196728622,0.49700819524060685,0.3957395406762576,0.3112748884848641,0.2262431999970728,0.14197397783512303,0.07873051223032616,0.0478304979956864,0.03964541070960525,0.02946207800727101,0.007469800295600899,-0.01141247729792067,-0.010847918521772144,-0.0003532487359412645,-0.005596054179775658,-0.027818343813179238,-0.0448942090443828,-0.0475956091419502,-0.04371532308117296,-0.0436970645807727,-0.04394749606485803,-0.03374199040688428,-0.0062103366635191904,0.024329191390957017
0.01188605238719654,0.024742075037921724,0.04491715580906668,0.05874572507767749,0.04963762766446042,0.032345502057146605,0.02717329571652661,0.036641039109123044,0.052204535482887206,0.057100102125699485,0.04708386909889163,0.0406659636963111,0.07759312525556135,0.19119237668760855,0.3854937988183885,0.6016017556109798,0.6747028285454075,0.41755391561086774,-0.14241904905263736,-0.7001091091313443,-0.9708970438562288,-0.9285455401179638,-0.7223025345697565,-0.4999804685656633,-0.3323463569732035,-0.21613595767054625,-0.13047583447610545,-0.07689669990017645,-0.052290333793244,-0.03119888529693789,0.00812649711758044,0.06208653040702056,0.11072035241505615,0.14422854716910266,0.16262556116664154,0.17023979459831345,0.17378420740504166,0.1696458932384204,0.14727384289720052,0.10524060693727315,0.05570446460998105,0.024023461638736306,0.02599936519939656,0.0480146828844374,0.06954747102540783,0.08343188639118192,0.09349603750386766,0.10580364709886943,0.10986572486183865,0.10245849504671785
0.03977970756755901,0.02246715228002651,0.01049564794096937,0.010862609717877945,0.019554681720430032,0.03112552197394062,0.04129715149563171,0.05326775516179673,0.07517947624563111,0.11094138952729461,0.15766586066098395,0.21522818712740377,0.2847812899209042,0.350302496400538,0.3656761430470909,0.2695272086856053,0.02656893704246473,-0.3233018978534132,-0.6738155247304889,-0.9184879620279841,-0.9985890265335008,-0.9087212738943696,-0.6998656165500021,-0.45538917024618797,-0.24049715352261564,-0.08101373948131242,0.023992157698844007,0.08941521138772061,0.1348872778809698,0.171498002927253,0.20032634284641276,0.22146857931585875,0.23498506901110142,0.23977986415982946,0.23500457859124702,0.2215853393428366,0.20252290465236722,0.18189797669484054,0.16331841417156,0.1469824246247182,0.12955309007848795,0.10766760763233088,0.08435492958332345,0.06977951757292455,0.06699478118041348,0.06688982358634109,0.06221792332797239,0.05478944841067283,0.0515257938251903,0.0535230898205101
0.07050161224477607,0.047221344623895004,0.015214349884840184,0.0004138747643615778,0.012908411445603882,0.046089317037099356,0.0788948392454987,0.09484018459188336,0.09707038471398016,0.09967342288960479,0.11326732502159245,0.1434349483769992,0.19475670714168408,0.26887315102630993,0.34729667471825115,0.36863544390970665,0.24926845415944698,-0.04635113949213836,-0.4460151844923673,-0.800248969860996,-0.9834752243458044,-0.9738366869913894,-0.8387019684594157,-0.6475975875723932,-0.4401434483781028,-0.246966137829974,-0.08918286976172642,0.02445033165829338,0.09687805070415091,0.14340802041803152,0.17411925242732335,0.19191933742623118,0.20061108616772255,0.20454058232034814,0.20452562996421572,0.20083525971289545,0.19832634746005137,0.196445368782882,0.1878969859435078,0.17454566572068247,0.1618181500780365,0.15115647466008356,0.1443982223734271,0.13952254863553062,0.12784821239215127,0.10760733395196012,0.08566381226253143,0.06473513770428954,0.046581921819312415,0.036325038805116144
-0.03618390962907356,-0.03126465627594072,-0.021978827784902268,-0.015719741078469247,-0.022748505955405438,-0.03672461122837834,-0.03857513387081961,-0.022548992872652537,-0.0009941432224813492,0.01592651053185121,0.030541474104936343,0.05469308285303117,0.09773727204548084,0.16625540147171414,0.2698921897968708,0.40526719599044103,0.48247422427036,0.30578595418419285,-0.1932645425773436,-0.744366797987396,-0.9968308439853614,-0.8859413947167301,-0.5850204504405737,-0.2748193699478654,-0.04717735161837519,0.08844425433978062,0.1603097182513823,0.19247102719182532,0.20009617388181988,0.1927326449975794,0.1795035025531844,0.17208389237194527,0.1750546766430663,0.17988666568916706,0.17696184383229566,0.16619075934365163,0.14830294913822514,0.11773092700902774,0.08035477993545603,0.05308801609829434,0.03969662814670234,0.032152214547253345,0.025724699735138464,0.012102343509186682,-0.015751764927223664,-0.04541875739251318,-0.05652611746363467,-0.05193830953367722,-0.04858300136244949,-0.0490837985925937
-0.009978494966691474,-0.0035659314558299316,-0.0011511248017876212,-0.00888938266634041,-0.020163775120225245,-0.02770610324329595,-0.027950646328452882,-0.020123358795085658,-0.005875701618565371,0.01457960283811148,0.041716245796258114,0.07404454551155454,0.11276039548264873,0.16469061417257805,0.24416365113876135,0.3616272453269297,0.46337926685103037,0.3777715805947577,-0.03667285973584595,-0.6105949631701328,-0.9689189979234258,-0.9560775048031959,-0.7113134663085814,-0.4242578335513528,-0.19474412746423653,-0.04109953833436139,0.05628636541153348,0.11914812955472347,0.1606460093920325,0.18748476604927283,0.20265917036129447,0.20833865684164946,0.20834331316839272,0.20509459175883793,0.19618444447554195,0.17640189271485993,0.14425254059057627,0.1104993476422645,0.08902106508584622,0.07865334947897201,0.06761753328529131,0.049950588856066715,0.02800078455725667,0.011538248528599157,0.007890095755480659,0.008655413424838046,-0.0015927190803958794,-0.021433736735517718,-0.03687360100100046,-0.04241558754163998
0.06878529137736128,0.06336393487758993,0.049038166959203364,0.022413592659798264,-0.0075201744475812664,-0.01822287620141528,-0.0029169383155498545,0.020858481765184175,0.04116630041078216,0.05634247262259732,0.08334944660841008,0.1425327481211445,0.2233527166575429,0.32253726707621005,0.45787859981766815,0.6062851499297184,0.66333523869574,0.4649468107534956,-0.040218485078491906,-0.6323147230663644,-0.9687350257751233,-0.919016153232153,-0.6477226310889084,-0.3827099827662222,-0.20716274366545484,-0.09441566052452789,-0.016499087597673878,0.02355236332809291,0.021502036085388886,-0.0012773765250790729,-0.010453694734433323,0.0017552584932113732,0.02496860049722993,0.04995293631005589,0.06957590931420142,0.0720931008434824,0.048951388932563074,0.02038002564080942,0.012267070828024714,0.021117380954623684,0.029094396251202255,0.026504651114390078,0.025971379292014603,0.03755201803132242,0.04652492618871011,0.042763189958045976,0.026350046203535735,0.014306405738311203,0.019630286140998425,0.028185964540318263
-0.0224544088986975,0.0021530877664763777,0.02125455783001554,0.023410356202306252,0.028063679173942403,0.03641290353372517,0.03922955715639634,0.03608179946529151,0.03816094552714096,0.052470501919304545,0.07323033796315354,0.09915012801110412,0.14046914481607123,0.20541088628452742,0.29497355009742915,0.37951115816284214,0.36296918311520976,0.12069166565438723,-0.33654245248912973,-0.7900535343759025,-0.9956022071108738,-0.907059193407824,-0.6647345043778954,-0.4200792700111903,-0.24082820971061653,-0.12295674328082237,-0.03778507383032566,0.028254461488016164,0.07365651243094136,0.10342711480098774,0.12735747318909318,0.14681001635067825,0.16062551594766764,0.16617030614352635,0.16058458145740018,0.14788109870243554,0.13916225969144175,0.13706687209991844,0.1356990056713185,0.12997224388307743,0.12063700219004429,0.10422656196633617,0.0868429413233688,0.08733710847151549,0.10251415841528015,0.11017516207111595,0.10143477489821769,0.08449072905602838,0.06896007861284252,0.06116617595270192
0.04413493213336675,0.06532743786699508,0.04709656190146044,0.007638459987752387,-0.010422984734777471,-0.005395551351790323,0.01021031612219898,0.03491555615964375,0.06339194938442677,0.08063855719276353,0.08634382423215833,0.08835824155998337,0.08409512285251347,0.06407337845599953,0.01787664151655884,-0.06154506447783773,-0.1775918910277332,-0.3491441806902365,-0.5943271148149463,-0.8555113308230582,-0.9949507223609806,-0.9324584231127184,-0.7185176222905935,-0.4577327023144831,-0.24170115316902183,-0.1072813270030838,-0.030577919272402106,0.029297561541042388,0.08305246695193025,0.12789564392126937,0.16636544570275982,0.1923477719588616,0.20027296955921145,0.20093013371032947,0.20962578729880926,0.22455803205589334,0.23180704769380311,0.2263284281980607,0.22013521627345,0.22358782137813465,0.2348705997065552,0.24228794815191262,0.24362326258178715,0.25203707418176313,0.2669762543469873,0.27468227343008633,0.2730002623153161,0.2612947751989878,0.23876553360449285,0.21931469831639788
0.09280651931349797,0.09335787093132782,0.09922186783791535,0.09940548869305942,0.08659225157699013,0.07227068814414069,0.06554524519761164,0.06186740561883189,0.05425174431718117,0.03955284503820546,0.021889485259023525,0.002286814784697594,-0.025038706053217178,-0.05953461465691949,-0.09187991380972425,-0.12719574623816116,-0.20194967027502686,-0.366159467524761,-0.6194568027450896,-0.8713385508068985,-0.9983750208837141,-0.9457963494823485,-0.7567364267015839,-0.5141279428194672,-0.2786168105273807,-0.07649703219571934,0.08323943729421934,0.1969199122800644,0.26487493736811546,0.2958269822618428,0.3059521337762893,0.30590152648299507,0.3002361169697449,0.28680201686981405,0.27180410709723574,0.26284983327021294,0.26063470680232537,0.2587426185689433,0.24928040901722845,0.23092955862795728,0.20250583600776925,0.16454202778834517,0.1349028994765538,0.13206576619269214,0.1486148127566891,0.16692315736966643,0.1743762982946759,0.16307635426160919,0.1451560306175503,0.1374973485549894
0.11693800856404588,0.1102814696018314,0.10760268740558583,0.11068033174428915,0.11091518267923528,0.09876901695653129,0.07655895696239086,0.05305071553299237,0.034986146671531465,0.023626031186035217,0.015579135477312465,0.0071937770264518105,-0.0016971765318706481,-0.019141173903487258,-0.06226953554441833,-0.13936387689550114,-0.26151142217392587,-0.45008693540558287,-0.6936073434457181,-0.9118409174090393,-0.9973754097008939,-0.9033292704940484,-0.6813152194688347,-0.4249126778162292,-0.20695726129098663,-0.05593059385015474,0.03813003588764553,0.09711626664795835,0.13958368998901238,0.17434385068060299,0.2021179387709568,0.2223012002129182,0.22980115914495677,0.2272879442604459,0.22473092821713556,0.2228600083806347,0.22045928405411783,0.22003677112831171,0.2175221863686435,0.21368399851971406,0.21603752806142265,0.22172377294272702,0.22682451495226003,0.23288124621979797,0.2370033399988778,0.23344135019458734,0.22689182276328493,0.22772809959581203,0.2335475890971811,0.23710282803345284
-0.028656422989911657,-0.02796219817675277,-0.03237946733735755,-0.04255732100367364,-0.04218487765827131,-0.02912250567430013,-0.012413633189861448,0.00867614861020079,0.038171364023558696,0.08269755076609245,0.1480164305205342,0.2365128667319664,0.3351107706360734,0.3964002032507347,0.37805427716714557,0.2923590024821183,0.15753833920499435,-0.06837187559400054,-0.41620014598482935,-0.7822746329193724,-0.9897783492174944,-0.9691749772277778,-0.7835590155871578,-0.532527247793506,-0.29249778385296976,-0.0984149747949038,0.04684368948354865,0.1495914523241446,0.21273920027911378,0.24273659562203886,0.2549884327076752,0.2607266204610085,0.25861735553048903,0.24665527342189392,0.22978029668126412,0.21045875434216904,0.18594916756861943,0.15794789907895213,0.12820499725853496,0.09927558058069745,0.07929520074611414,0.06983236307815308,0.0641709971983986,0.05805624882962177,0.0510107557715205,0.04131594162537173,0.027658169176427043,0.01218764853974319,-0.002321985347702186,-0.011182179349076166
0.004882315611906496,-0.004139235766742795,-0.008551912206151917,-0.0036773988603243254,0.006097165639112897,0.020629106094774224,0.04187531542449952,0.06679643663648063,0.09367907083978537,0.13063764355948668,0.19118278709846473,0.27559586053205815,0.3483467982527445,0.35253302056881086,0.27503690003918657,0.1597566424458754,0.010580386987459996,-0.23757275719153925,-0.5841095749665163,-0.8868910164890814,-1.0,-0.9070300681417316,-0.6849665470169793,-0.424426382582738,-0.18897926349518884,-0.0071198166762242885,0.1174755921778385,0.1930624112860169,0.22887259158506,0.2340186955627523,0.22141677024521403,0.204008340272758,0.1881595263384931,0.1766682392111929,0.16954223151673334,0.16250430644913558,0.1538028468320597,0.14346602094459482,0.12842184594090528,0.11030042013887245,0.09258263196798544,0.07801436415488072,0.067171862122576,0.05762977972603657,0.04929832924462744,0.042053941156756584,0.0370280936634131,0.035888948414310555,0.0353634595711804,0.03308327513917799
0.09294707265226423,0.10292917830665956,0.12102816465536641,0.13755211526009897,0.13375664253565495,0.11448053051401427,0.09863159477216481,0.0925794426356192,0.08944746447017025,0.07622712372553679,0.050540537584156116,0.023921265467896857,0.005250739897951684,-0.01041106781012026,-0.0417226712277636,-0.10892979542615437,-0.22921295085116425,-0.4131208298565896,-0.6532231965239189,-0.8870594987273774,-0.993319776945153,-0.9009951997655227,-0.6781515273661148,-0.44117577018305865,-0.24973245095970903,-0.11065839287239053,-0.014547779047863214,0.05071460488323794,0.09604794673741882,0.13031648594503403,0.1544090465856217,0.16530203085756218,0.16349346732775494,0.15862729396552763,0.16461516166423323,0.18492289242140938,0.2110197336505179,0.2287912704090763,0.22978712482536454,0.22068039188708105,0.21377391816577224,0.21695895215196864,0.2264663040671797,0.23339998268898257,0.23838915636513694,0.24651313863047422,0.2557799984388346,0.263175381512709,0.2679862793847622,0.2717984725196864
0.07161192754500384,0.06468650467451212,0.062452417207114225,0.06392277044559032,0.06132033383577524,0.05486456045347848,0.05036699145799392,0.046640863610717426,0.03860690017244983,0.026883056384706193,0.015248957585852726,0.006482791802006822,-0.00012002653264970938,-0.011701368714271493,-0.039138663823818164,-0.09318630675582723,-0.19243298315162777,-0.36793193065932656,-0.6252946540838088,-0.8838523095766441,-0.9995786911076134,-0.9027917262290414,-0.659455748109964,-0.38454574202123903,-0.15387869815996916,0.009863407368356846,0.11344516969028733,0.17375285906743934,0.20526282537392818,0.21573226135375484,0.21057137019084496,0.19752760839709912,0.1821764394944141,0.1664696150553514,0.155103903556521,0.15383301611946829,0.16058093277084462,0.17033841113704096,0.18201623337906178,0.19453267397725904,0.20387128922166184,0.20931156124324682,0.21312741748688274,0.21570477930444212,0.2196570598668179,0.2272731232800287,0.23696174915325083,0.24443770529383502,0.24594401567739244,0.24332534629136962
0.20993289683682292,0.2213043828425908,0.22985720211326072,0.2159987053347687,0.19493941138182816,0.19816801822637972,0.2334502364200461,0.2944836536399819,0.3666928092417839,0.42625821213695786,0.44663498787711853,0.414610883521548,0.3344642340841502,0.21353592093788884,0.05352845152795703,-0.1355273307845186,-0.33473470433955654,-0.5336031196523442,-0.7317249930769227,-0.9048544705278743,-0.9907970367648185,-0.9579518995638866,-0.8548421094935903,-0.7405955724375156,-0.6386965446691458,-0.552412073998822,-0.47409429999571817,-0.39345085874259156,-0.3078411570976569,-0.22122850799335647,-0.13360023147856395,-0.048266195148876985,0.01832788307507399,0.05679097145784605,0.08208544671200159,0.09834757974106803,0.10193912894874739,0.11336303538125468,0.1561646833975786,0.21991023930519468,0.2771471641656709,0.3193001948345323,0.3478571195977541,0.36742218647684805,0.39161137647068417,0.4233414643989107,0.4595587896641455,0.49091565390211855,0.49593879622748416,0.4803393858857621
0.1583227502520004,0.1402967393849952,0.10119745998128193,0.05687516794880196,0.029317741824096803,0.027041123409716847,0.025015927897035654,0.00916871564472647,-0.0011845195151197051,-0.00011773962933771381,-0.01658021576145451,-0.06606851262678469,-0.12177794297638153,-0.16626516669694447,-0.21339592613834726,-0.2868933817552337,-0.4031651639625785,-0.5598811399516955,-0.739505656270779,-0.9088038371183841,-0.9923120761816187,-0.9285694872443458,-0.7535365215524137,-0.5558509882299103,-0.39490745152855866,-0.27087982465100663,-0.16709576958637812,-0.08116298182818951,-0.012403112033292696,0.050642410617651804,0.12064260448843102,0.19165400910289343,0.24936969105483264,0.2865219204105331,0.3202126306532422,0.36484619012730174,0.4029603370582175,0.41847067692019796,0.4164931574221828,0.4163494785814424,0.41976815333888146,0.4152345018336598,0.4007344537104804,0.375765728196091,0.3510710152945081,0.3438640253743399,0.35126817064075655,0.3706538975899529,0.40135499362182664,0.4252437428586771
0.02087603535257622,0.02189517501795776,0.02246519205435996,0.024218720723043208,0.028365040541761234,0.03403059992945249,0.04228712031725017,0.05504647302590793,0.07263814202946736,0.09715788998028428,0.1316420376209026,0.1734738733954876,0.2121681219604907,0.2376473144923096,0.25312043962907,0.2628849614761037,0.21630468631428396,-0.0015202831358375542,-0.41428489196599977,-0.8268605915830736,-0.9978478740777695,-0.8756737018194902,-0.5918980744154996,-0.304162413573441,-0.09588292204014438,0.0257456580508765,0.08782938139529782,0.11861510743100617,0.13204166239052764,0.13215009919620582,0.12451480750056333,0.11639406830832108,0.11205010968364962,0.11208367713743023,0.1141593416682764,0.11533428724124141,0.11391933840712744,0.11110248020186037,0.108968657539685,0.10592333431409386,0.09902724572097184,0.0885530743069954,0.07617396193220055,0.06447236824144674,0.0543250402836923,0.04568343903172794,0.0391997543387861,0.035381294346655795,0.03434652327001857,0.03391421681188907
0.12411761712114967,0.11549956423857946,0.10885335187091605,0.10813974914311837,0.10937819899674926,0.10801917040789899,0.09928138015083145,0.07956176692676932,0.055113929849815474,0.033480310523367265,0.012028399010575749,-0.017292817342571595,-0.056811760750081874,-0.11223518269121835,-0.19242692901087027,-0.2996558313537867,-0.4337284051879691,-0.5949269817136531,-0.7732928338397433,-0.9274884658922947,-0.9959463456649138,-0.9451441865399567,-0.8001626752510665,-0.6157567130252473,-0.4327357810969759,-0.27033781474822666,-0.13769568035377908,-0.034150998116251,0.04825622432905131,0.11594089499589114,0.17184528412899078,0.2182335220239929,0.2504344142531127,0.26732362495140993,0.2821055778120405,0.3047593044803286,0.32922436190466847,0.34331730722595505,0.3459997767137494,0.345176643973271,0.34924523008856173,0.36160499648007716,0.37852952893624797,0.3899653908183719,0.3884857716803984,0.3789395656923532,0.3688356849817151,0.3590143123236774,0.3480568223059281,0.3410217242390423
0.005947443489482779,0.002803216044579446,-0.00021889731627892703,-0.004200725655921208,-0.003173116279851178,0.007228602403616209,0.022684022233484116,0.03963228389464063,0.05773915219783166,0.08000002755810684,0.11006856222924997,0.1509042329282341,0.20670117907457747,0.2884996037141567,0.39825842945859846,0.4876864632276595,0.43510728967440776,0.13666552848236185,-0.3457641904004682,-0.7885941587164634,-0.9910286442968617,-0.9224419400025815,-0.6943748150565159,-0.4416113761943336,-0.24525223693210105,-0.12515206321514774,-0.06183093710080511,-0.02728645159379777,-0.0034159855236453765,0.014376151665649534,0.02710571572349833,0.042065761024180456,0.06816361110134785,0.10473521425887874,0.138213443227397,0.15438135797706115,0.15082578876349167,0.13659825023672859,0.1263610106582207,0.12547841291170347,0.12622262010673047,0.12764136346769728,0.12954594592581614,0.12623160808475953,0.12199542560843898,0.12201929162225356,0.11841417315637609,0.1044712694507708,0.08597643419272884,0.07359665251005597
0.10007198629951329,0.08340861285463384,0.07163916405125392,0.08841617805632492,0.1133933128097103,0.13064385452000485,0.1401107037794697,0.14379514122597434,0.1620443865441359,0.20247687487470528,0.24960543501778495,0.298652840811643,0.3540397912224407,0.4076808355342231,0.4202846368061349,0.34606171201097136,0.17150814725774155,-0.10488328107002161,-0.46930342694731414,-0.8211808876005439,-0.9932341330680728,-0.9065219153861709,-0.6378425331141139,-0.32794835954013374,-0.08866239227460639,0.038958389173636435,0.07827641038545423,0.0770258209394137,0.06804640750351443,0.06569471440451415,0.06747637516442469,0.06589255054413845,0.05361447683533061,0.03839106902918802,0.04310113635196597,0.07087349186463615,0.09243923053222479,0.07768701478564222,0.037365165293239064,0.00685050251683849,0.0034092304553480324,0.004825950736292639,-0.010609006524017835,-0.022783602627938753,-0.01249831775807455,0.0014833734638142243,-0.0004866550878342113,-0.00602458675904439,0.004085103274756652,0.022649070826848236
-0.028427029285833228,-0.014912033731486187,-0.006190242896259366,0.010652677116536901,0.04176061040336032,0.0721760193478514,0.09662055986418437,0.11713891919379714,0.13591351368462987,0.1558401292166009,0.186373210107542,0.23908003537908748,0.323912072731239,0.43770418707375697,0.5416771092981952,0.5687425177752289,0.4419620585902633,0.11048545670964058,-0.36076977218878703,-0.7848738428726196,-0.9913759757257306,-0.9407855037889437,-0.7319529415222114,-0.5012370912938148,-0.3221192773939099,-0.19988417636929406,-0.11901228547985016,-0.06787454454722397,-0.038178986390176216,-0.026598706671470813,-0.024683539729349023,-0.01015706152168913,0.030660034170771757,0.07903490766093124,0.1041051647294908,0.10600938844615168,0.10473973946886735,0.1067848423282758,0.11203374511673213,0.12236016675121388,0.13135989305428455,0.1293851777317054,0.11559762372521298,0.09452741131775287,0.07496024566723553,0.07076633612116473,0.08067818750471015,0.08541546912894522,0.07576943227554243,0.06480616971774641
0.06809344979631464,0.06699000272076126,0.07052172655957133,0.07268857834273955,0.07040073088324833,0.06648840734942313,0.06468802571301256,0.06418121017415267,0.06105404529964186,0.055131661841831624,0.048821449755859364,0.04271074553194992,0.03483176302830527,0.02161333602575351,-0.004197052455765749,-0.05194174916275656,-0.14522033202995496,-0.32412054809195495,-0.5938600305067584,-0.8656016379333731,-0.9987030407091483,-0.9177380620001907,-0.6687974170094741,-0.3673687053830353,-0.11385755411248111,0.0469281006598234,0.12276082202616796,0.14724346639053312,0.15333056366379072,0.1597818596627469,0.1719291975819168,0.18500818295311625,0.19159363198819301,0.19228428723240873,0.19130266898517956,0.18784302201952593,0.18110259011633592,0.17637721816941435,0.1779641859957897,0.1834950453321814,0.18614946188570258,0.1820726129658815,0.17391925902400962,0.1665752810080398,0.16533145122242085,0.17226258050460655,0.1804566225350778,0.183095326957161,0.1822991081407658,0.18208444935153875
0.025474303264377437,0.021560832904553618,0.019050339211026984,0.021481250235404658,0.036797552255348615,0.06593229331825884,0.09213829837506465,0.10408948426371858,0.10220828953426281,0.0915890919706253,0.08414074547949213,0.09307764098087443,0.13087905081902163,0.20574409121773266,0.30497232475172,0.38524130318977545,0.3616858383672289,0.13099322176410289,-0.31625380847361,-0.7850626511253742,-0.9976839800735513,-0.8652244759074721,-0.5458910284289142,-0.2445063738145316,-0.057969729615958865,0.023536127519407108,0.04961015177533832,0.05946724436518343,0.06707384505774275,0.07091328769639356,0.07194862070719032,0.07516994158464584,0.08411446860262495,0.09396832733611789,0.09266034588717015,0.08412895472091858,0.08142228910029355,0.08362682375123803,0.0824087723835124,0.07634601712533219,0.06958791947701572,0.06022219094582248,0.04761359453092578,0.03562522356039915,0.027699364294980214,0.029099978824677294,0.03804674606470193,0.04479906251609198,0.04400559701118969,0.04244120069790982
