0.026384397209446356,0.031190982005059088,0.038029636880767374,0.046236035131288766,0.05573199682812684,0.06624400906460201,0.08015584906329905,0.1002419910023477,0.12048455956585087,0.14017997831928034,0.1717551598376547,0.22540886250377012,0.2984457125051433,0.3927017959609355,0.48262077956596783,0.4602679872239469,0.19723379489388188,-0.27779899188306084,-0.7706907774569635,-1.0,-0.8825703804106587,-0.5605291275680399,-0.2482951182512668,-0.06681682711962036,-0.0031977016573359694,0.002038753517397002,-0.004604508766323068,-0.0040183464899477325,0.0071189030836997175,0.01864692949539089,0.025094796802570544,0.023766152930214456,0.022906432440667694,0.025563733300416978,0.029901414981914103,0.03130823282138611,0.030604811382751045,0.03228516955125297,0.035567732189834604,0.03912383158061786,0.040335238943960135,0.03947552680034608,0.03806872207591118,0.03541141048567699,0.03244148410175398,0.02689239505691458,0.024078780838940383,0.026657929192543565,0.03228517193580517,0.035255105473384785,0.0340827594596643,0.03146452591091731,0.02931524197505386,0.02630621728094993,0.02466494669214402,0.0257982075107207,0.02806473391697846,0.030682960312068845
0.017823030631886855,0.022712414576440968,0.02926626698358762,0.03665234648064353,0.04258205277172533,0.05173658726114967,0.06047506771717782,0.0769117475440536,0.09990228453900071,0.12174850472276977,0.15285337764465506,0.20611666045099641,0.28122622692010246,0.361329127363116,0.44788190003139994,0.4374790130048,0.16471282831421608,-0.33130060490738567,-0.8210697235874838,-1.0,-0.8748530390221227,-0.6227897289327635,-0.3783220869404517,-0.19439741010690084,-0.07351485379569475,0.005547562032608435,0.055481682960073796,0.07649561733586262,0.07784801829483486,0.07732788410014416,0.07618355459316699,0.06931760294290219,0.06671686214255353,0.07264652399833836,0.07868024697171899,0.07014980622818807,0.05714612127014339,0.051320507836155216,0.05090437445401444,0.05527363055177743,0.05870657781136177,0.05204869126519248,0.04570289920121665,0.05298495249412438,0.06016298275683371,0.06193149488029824,0.05350510573251377,0.04268604723637568,0.047263346220585686,0.05579374570276942,0.04892783213990203,0.029682382909004584,0.018343179902839013,0.019799591196210515,0.024168814760988228,0.026769565083186255,0.024584948143129,0.02073585718606709
0.1477785317150169,0.17610551662712792,0.16298187700045966,0.13300545979624684,0.11206498458759466,0.09485369984167119,0.08094122498010506,0.06867817803465301,0.059857395422864924,0.049028626308728326,0.03705242918605552,0.021060279297628808,-0.002246705991704693,-0.0356653757691145,-0.08830350168027665,-0.18540423571273007,-0.3695643698558332,-0.6364108745764328,-0.8880544628583844,-1.0,-0.9329471255469632,-0.7533757046188122,-0.543685445590737,-0.34984319360421656,-0.1863364611246152,-0.06306017027724199,0.018335174528814543,0.06745905302312857,0.10152307705670423,0.12526035102866737,0.1386708060172117,0.14440794469239654,0.1517944718998062,0.16111730364903382,0.16391418993209877,0.16448792567955578,0.16570707585300948,0.17108557608018438,0.1718744616389408,0.17044018791011384,0.1697947472281909,0.17295014067963482,0.17395414979376447,0.17158758063724922,0.16879077312196283,0.16749987425416618,0.1703684304637955,0.17359559886550854,0.17165932057961675,0.1702250643547406,0.16706960088749348,0.16742819557562644,0.16749985675021536,0.1651333050976509,0.15910930292472528,0.15028850198848867,0.1447665306285541,0.14369085158786007
0.1520187530025781,0.13608329744834363,0.11798518546533167,0.0988626523441796,0.08224424936451841,0.0690405956667992,0.06243878791835271,0.05276369244586924,0.032389024797924076,0.0013148752673791803,-0.03863778527064668,-0.08644431341866089,-0.16464208534542188,-0.26731229281994556,-0.3757872755864059,-0.4889280655928625,-0.6273385771181658,-0.798416823840305,-0.9486659797770817,-1.0,-0.9326162985432674,-0.7887415964013309,-0.6262003869739594,-0.4680986414184713,-0.3159155512906624,-0.17420340486623423,-0.07119175146141622,0.007233697389572729,0.06824385839849184,0.11502574749001643,0.14598603858983364,0.17319010929959727,0.19549973908808005,0.21450851188517173,0.22987485673969227,0.2367043032115405,0.24102965079711935,0.25161538451046706,0.2672094479628442,0.27620163073792475,0.28496612269756777,0.2880394277856167,0.27859193283570877,0.2694859254897237,0.2668679464677117,0.2733559747916848,0.27631541363520057,0.27745365934424515,0.2818929009567761,0.28530759641028114,0.27881956808630814,0.27255916112172496,0.26516057790414493,0.262314949740324,0.2615181360703642,0.26994126544697017,0.2755186416388694,0.27756753947998775
0.007228484205556307,0.010174073507801092,0.016556182934549003,0.02547478335869683,0.041920939380133276,0.06573118193119509,0.0934688535855447,0.12742505513341218,0.16449050914605365,0.20302876748335583,0.24443087247578094,0.28681486033209713,0.32355295681471785,0.3669184281114069,0.4269754287860225,0.4099566317483668,0.15720823953136057,-0.31695093398407553,-0.8039537504714253,-1.0,-0.8670389406077734,-0.5624974006270971,-0.26875755073684265,-0.07786629109236975,0.01950177410909153,0.06474927909612807,0.07833174074265795,0.07325878246362952,0.06474932902406787,0.06041275792898787,0.0604945398943623,0.05738531738635219,0.055094298977222796,0.053457860822697496,0.047403019679777975,0.037338954986211266,0.028338537647131155,0.02482019561490176,0.020156346874504658,0.02072910147678701,0.02858401085950092,0.038484444219600046,0.041020935841099206,0.029565883737804055,0.012055978009604432,0.0015009476222339316,-0.0038174752097872,-0.006026669214793342,-0.005863021030646081,-0.0015264621055014055,0.0023191686303036274,0.0016645924518477384,0.0002736184602531163,-0.000135488425956407,0.0019100559906791675,0.0026464562612086868,0.006737556503794201,0.010092249727777084
0.1313630331102463,0.1297864770398966,0.12568748104091795,0.12076079472839477,0.11366636516370035,0.10665076391359032,0.09975340220423783,0.09321076437814083,0.0841062430797748,0.07023267616479156,0.04902813927556848,0.01986201912304471,-0.02321709826048799,-0.08931338063533799,-0.1885956599899029,-0.33261269228729456,-0.5325181366735033,-0.7613516714935596,-0.945530781065529,-1.0,-0.9042254531031818,-0.71429276416954,-0.5022093718984518,-0.31377291374544075,-0.16017864609626437,-0.04339681971126679,0.03712519589915356,0.08694401250063176,0.11804126935770931,0.1416105573792393,0.15938608295156068,0.1710130982915237,0.17743752934527157,0.18208834894937326,0.18378311900713445,0.18413786919530498,0.18244308951746058,0.18086652142200688,0.1777528852927284,0.17680695213152275,0.1741662489125559,0.1713284494289389,0.16908186177860668,0.16920012627145498,0.16927894361313198,0.17069780487460767,0.17054016538121206,0.17073725202577897,0.172904988664143,0.17479685017651272,0.17664926453771113,0.1780287411785563,0.18248251261842388,0.18859159253475655,0.19032579531356425,0.19150819011988413,0.19229647897765256,0.19505543225934294
0.02727068850794126,0.027950615742584655,0.03902369303044234,0.04290898008340843,0.03455559765741608,0.031253101884284394,0.035138398568682436,0.04524015853857489,0.055244780331020205,0.06952321521456244,0.09079517805481023,0.12760838986651823,0.18443100529306325,0.2668966059528208,0.39501451840917207,0.4952546689204865,0.3320725593525953,-0.17661022146253233,-0.7754303792960883,-1.0,-0.777761505889698,-0.40487176859143126,-0.12891828651019593,0.008329895973186724,0.0598099783192833,0.05573042972901055,0.03358427515329518,0.016586132072058737,0.007552827597578663,0.004833127549557657,0.007649962811508278,0.00871841089812684,0.004638852676422137,0.00026792067074198403,0.0021134186109840747,0.012215188212308483,0.018431642699860234,0.02251120379247254,0.024648111449340076,0.028921929356152985,0.02765920565551952,0.02513377121964177,0.02863053630931362,0.03737242551057289,0.04222904988524751,0.038440895082693514,0.03339001361598853,0.03504125742771777,0.04193765757928753,0.04417169933876561,0.04106346584381995,0.03902368413988977,0.03941221610505565,0.036109729963355916,0.032515826325797234,0.032127293619751966,0.035721197998190034,0.036886773149065015
0.09714562321133341,0.08600706660705573,0.079567604375665,0.0763478709368578,0.07138773852644188,0.06320788379496826,0.059727088340799234,0.05250444205456174,0.039538484530063214,0.021873494361077887,0.00446953169265,-0.01763356318220039,-0.04704634669745266,-0.08620537819326082,-0.13998378696987274,-0.22648187983900125,-0.37711274845862197,-0.606670436259572,-0.8572007210327688,-1.0,-0.951008008715098,-0.7567795897161517,-0.5303543593611687,-0.3459600895845745,-0.21029613577599648,-0.1110932177548325,-0.043043478984766556,0.008646444288890585,0.051634254806578656,0.09270759682752443,0.12316453149727323,0.14500652984195742,0.1538825693346506,0.1587556242953198,0.1700682337481068,0.1849487341089263,0.1972185771463382,0.19974215096331463,0.20217873685331816,0.20679077493336973,0.21105476572607154,0.21375238973657235,0.2194087183578304,0.2235856575039205,0.22480388141931354,0.23246164389691468,0.23872708978583915,0.24177273984381006,0.23646459656911922,0.22576109907402872,0.21349129851637605,0.20670367018705896,0.19547813893073318,0.18773336728627957,0.1843395318817414,0.1768558408375443,0.16867597025912923,0.15927775363601335
0.06663556038302895,0.06272846891457953,0.05476401543481947,0.04694983133337124,0.041990828305514996,0.04003728504595776,0.03327501221277899,0.025761374437525474,0.02020127293453281,0.0075783819681762956,-0.01781771534254975,-0.04802253058140335,-0.07537215018979748,-0.11279009123191709,-0.1774073038970347,-0.28124573905508843,-0.43843069148275304,-0.6545231733606499,-0.8730195460537529,-1.0,-0.9851232820537806,-0.8548365512553049,-0.671804490168109,-0.47930499650343245,-0.30498901935533385,-0.15802212146470906,-0.04050889513524863,0.04304273549786158,0.09939502463500995,0.14102055718093517,0.17242755539546883,0.19286464269104228,0.20699028217433865,0.22066508266214052,0.233137760730831,0.23839735026183617,0.23539189980993236,0.23614322981552519,0.24080163236563973,0.2400503023600469,0.2338891093692142,0.23163500755569355,0.23283719518957122,0.23509135290146294,0.2412524713611342,0.24801472090332502,0.24711308017791678,0.24500932634979228,0.24636178743790466,0.24831526781179444,0.24786448471467104,0.24500928908421157,0.24065137754419536,0.23208579065281695,0.2280284632868509,0.22607492701459006,0.22472246592647765,0.2190120932983491
0.2369366233974641,0.21290485307105533,0.1860920644175664,0.16054818021166456,0.13800140968955338,0.1173717967317395,0.09760622907586876,0.07873174994728038,0.06377261284982103,0.04857047186742217,0.032180219370678165,0.01406175269471732,-0.007323917202843086,-0.04113062139936087,-0.08994999490865892,-0.16760783025268353,-0.3136350386599101,-0.5560586764585973,-0.8296437814045968,-1.0,-0.9938433518086179,-0.8510569674090948,-0.6526445748422112,-0.4530738036033913,-0.2771552847264559,-0.13679842427911673,-0.032597912886807114,0.036446527492164975,0.07935280825291255,0.10937917172988118,0.13103489162114468,0.1462640715037462,0.15606588218441592,0.16160133201812446,0.16251940774992954,0.1622223919714277,0.1630324332062461,0.16503057709917762,0.16891887652284404,0.17194312405388304,0.17391429886667367,0.17588542754467423,0.17815357200117662,0.18047574688754095,0.1829059035454176,0.18574112366015136,0.18668613551867586,0.18590309631741986,0.18514703937767332,0.18482301497492482,0.18331095382090612,0.18082677991453613,0.17747854093417012,0.1751293706049277,0.1723481545573187,0.16856783690516458,0.16411250136737254,0.16052122431289226
0.07583203879205525,0.06462196156462084,0.053459920038991846,0.042346016968472455,0.02959622257904264,0.012660740049456174,-0.007113317187477691,-0.029774190340172754,-0.05517747285072627,-0.0835637483697647,-0.12123509429322643,-0.1758901287249841,-0.24642229839638546,-0.3331201580720711,-0.4329045846237715,-0.5452946691013986,-0.6697125504086461,-0.8047628034448823,-0.9309114496647051,-1.0,-0.988020961081123,-0.911426886651193,-0.8038486161049122,-0.6849163285668761,-0.5577073621936701,-0.42727586430924674,-0.3060815009449368,-0.20076396749616662,-0.10882247166036353,-0.02910059839406384,0.038930039150974614,0.09493252610144538,0.1456907339496953,0.1926000892642604,0.23975002822945193,0.28425392869288235,0.3200492458897283,0.34862760549981453,0.3722985847340386,0.39149525060405677,0.4075164753342645,0.41959260731817677,0.4301770666493252,0.43850064796414573,0.44287883120856697,0.4474975863603799,0.4508173753419193,0.4504324086198596,0.44716069644144735,0.442205192289519,0.43883730301838303,0.4370571225739175,0.43325628372347286,0.4288782179113993,0.4228160782881753,0.413241818984434,0.4021761453790937,0.39366023336529526
0.11577873602326463,0.11542854980446797,0.10632298687543035,0.10334615558843586,0.08951276082564845,0.07970676669128737,0.0909136018662117,0.09756765824787766,0.09178916090731948,0.0828587097865034,0.07830594167828689,0.07988186781446709,0.07042614805049785,0.04643654755757832,0.005286521439777935,-0.08279202279386012,-0.25579775584322145,-0.5503281347267943,-0.8709474323221467,-1.0,-0.8364516722799584,-0.5012983243306165,-0.21464756544290275,-0.06563162121032341,-0.0032937087358554844,0.02192163100663246,0.03137738583089523,0.05781846649248937,0.095641465755087,0.12628507588261445,0.13398985653881898,0.1145529693932765,0.10282080413620844,0.09914357904153694,0.1017702134246929,0.10667318377926885,0.11122591448983891,0.11122591448983891,0.11647912448842072,0.1289117049232495,0.12733576810202746,0.11420275646187523,0.10859933353189215,0.10737359361450863,0.1001942338633035,0.09196420860528998,0.10071956394544726,0.11000024402522736,0.10649806128600545,0.0952912955638531,0.0807574108280121,0.07200210357054311,0.07480380969301373,0.0797067987464129,0.08285868841641972,0.07567933400773552,0.06849996357148856,0.07130166702269873
0.06186514809501662,0.05939360717950217,0.05307747976155098,0.05376401198083933,0.05582361911184572,0.05506842916717776,0.04902692636686021,0.04360329105653813,0.03948407751455381,0.03660062533178518,0.026233937711601353,0.012228624721007076,0.0006261603591812135,-0.013859769276839955,-0.04818667139458675,-0.09775475907381312,-0.20451146018490107,-0.4544095943637445,-0.7982952070753068,-1.0,-0.8972251369559459,-0.5884899336550843,-0.2820895873494009,-0.07688404219983287,0.02733239743151296,0.07333027396517232,0.09475023797979157,0.11102113023021694,0.1247518961044235,0.13086211109045565,0.13360822739983944,0.1371782280352655,0.14054230157637462,0.13662899136776782,0.13161727485227023,0.1285278908622711,0.1263309358137673,0.12358478599033122,0.12372207630555122,0.12516382569967502,0.12873384309212724,0.1284592121906088,0.12708609119706885,0.12228035204696665,0.11980882474653594,0.11871036816856674,0.12118190384751051,0.12022075434178746,0.11527765784836068,0.10889287898891468,0.10861827322293545,0.11012864682838658,0.1104032400265962,0.10621538270160168,0.10079174078010912,0.09934998719672879,0.09866348534955033,0.10113499589295488
0.01571138654964238,0.017310092622849143,0.0188022197544777,0.022354905698106536,0.02896288597721671,0.03798669263295884,0.050065823432191014,0.06310416077638953,0.07159511188112479,0.076213623281128,0.09326652708339334,0.14371478899120552,0.2250709512732085,0.349094882528693,0.5368190356532984,0.6695476165055595,0.47127183585807525,-0.11765635591643332,-0.7502462956064472,-1.0,-0.831212183256438,-0.5149524627366278,-0.26040289037523684,-0.11502757137030324,-0.05704756490272214,-0.041273617612779784,-0.03121953886754875,-0.014735077042967237,0.004733599481514387,0.024628617244607177,0.03962091725187729,0.047614480000247816,0.04928422275840509,0.04519864820397792,0.03969197737676192,0.03351031665771112,0.02846551713154859,0.026085225153069307,0.02676021721275927,0.026440483504316475,0.024841775940709278,0.018979849472065078,0.0116258030528126,0.010666580926387167,0.01656402851507107,0.02121804071147171,0.021431205911139343,0.02064961065699137,0.021999632713836915,0.024806255633615267,0.029637901883313635,0.03542877527260253,0.036352455006909326,0.03077475440478119,0.02668917334678848,0.029389205537276093,0.03425639052083749,0.035535355704581176
0.018311890648992624,0.020937974551744988,0.021706585451601285,0.0227634143243968,0.024492793490296125,0.027695327995419534,0.032050799857966786,0.036566383154162926,0.04463678929730824,0.05808750202953234,0.07554138362598532,0.10478067990574422,0.15044904455161373,0.20940760402266345,0.2894388855426285,0.35413037704391276,0.22823829699273093,-0.21076594548645172,-0.766342583481936,-1.0,-0.7877036358702338,-0.4133266620959258,-0.14770813309403247,-0.022392438179554726,0.03144230918565494,0.045629565389008336,0.04092184915411314,0.041466263594941405,0.047775260273241645,0.05424443678215628,0.05943259284474489,0.062474991488731736,0.06305144893079932,0.061866512541613974,0.05744700548576243,0.0553653184360472,0.05811952744298054,0.06317956621818424,0.06228282337445042,0.05975279617005251,0.05908027812123244,0.05834369361192385,0.05552546504527835,0.05328367047031226,0.05161835287940391,0.048736050035473835,0.04412437877373901,0.043355772759380254,0.04719881455636814,0.04828771769758721,0.041850554876926696,0.03624612315708389,0.03352395324299186,0.030993959259977187,0.028495969194221565,0.028047605589150714,0.028399904679071053,0.027439134458829006
0.20170117130612644,0.20304519859851605,0.20287714777434845,0.189101101246183,0.1862451701106462,0.18422912404637323,0.18254906686528782,0.18590910946781922,0.18406110397633682,0.167261085739844,0.13853321099145527,0.11148524990487307,0.07889333385210603,0.011357471924799986,-0.07281025490106065,-0.1887301716047689,-0.3678185304378702,-0.6322510384999563,-0.8911369364891987,-1.0,-0.8847530349434877,-0.6421631359861371,-0.4130107010753678,-0.27054637092633355,-0.18873021261027714,-0.11565015480942531,-0.060546327494960674,-0.015522504971565482,0.018749465699442705,0.05150937555309245,0.09317329194541338,0.12475719009173247,0.13483714875160513,0.13198115610780597,0.13618118629537182,0.1437411975772067,0.14122117331384096,0.1336611825347602,0.12542920373792726,0.13752516233087614,0.15415715024595544,0.16507712211930523,0.17381313037211624,0.17666911276453837,0.16524514218934164,0.1502931704498395,0.12962915191447663,0.11837321166069344,0.11366925965660862,0.11064522131433037,0.11266121099602949,0.11232521186146488,0.10694925646256233,0.09535730682283745,0.08141332223565208,0.0696533653401121,0.05822937298073915,0.04949337562001627
0.1397385308166341,0.142022227879927,0.13552247387522084,0.1209419699712181,0.0966996666766135,0.08791626116582207,0.08159217575370219,0.06876836581506929,0.05207984985435384,0.026607900914530604,-0.020295610626165677,-0.07879334307180626,-0.12938602636876542,-0.1775192850534591,-0.22055821886920898,-0.2790562460967812,-0.3828769202824107,-0.5871803510076713,-0.855073968522168,-1.0,-0.8837077347268694,-0.5632894652933115,-0.2412873700586192,-0.05209166340197954,0.02660790627420209,0.06314697353214464,0.08738923126954161,0.10513177519976855,0.12638768026237776,0.13763048090724153,0.14325189194901639,0.14904887510929077,0.16889947966825325,0.1891013678156734,0.18875012710458763,0.17820999011072594,0.16854817464110963,0.17329121592159574,0.1753993033486887,0.1725885415512507,0.16433212841903932,0.1585350219863208,0.16275110036642,0.17012925629044381,0.17171025218503422,0.16257548537054858,0.15783241193203357,0.1599404028850398,0.14483289320327827,0.12463097825750069,0.10741545618404699,0.09336198753599621,0.08176783898661696,0.06841702996981464,0.06999804328333739,0.08457854182766864,0.09178097824222707,0.09125395906528957
0.14779412580727114,0.138668046413552,0.13068270809150806,0.12935178259968189,0.1316333111492838,0.14627299849294972,0.15140641162603763,0.1515965844446257,0.15007556154437013,0.17194015697089224,0.19114290141376203,0.22270394386945025,0.2578774345657851,0.2801222944185433,0.2668134223518563,0.1719401453693294,-0.052028895980364455,-0.4260092428746149,-0.8151983337713737,-1.0,-0.9140628616238616,-0.7085380197318164,-0.544458276197819,-0.47677285574972983,-0.44445127284000663,-0.39920100107889245,-0.33398713117867596,-0.260027747951611,-0.1875892136013586,-0.12788935770578935,-0.07693540959020617,-0.036438448957824034,0.004628821302190653,0.03352807658282228,0.05159004659952358,0.06908169864996902,0.08581281532206325,0.11699356289741285,0.13638647145769855,0.13999886749131232,0.1462730274968569,0.15577936551603067,0.1650955713220864,0.17460190354047875,0.1831576269003139,0.17992540828121464,0.17935504064576774,0.18163658079693257,0.18581931546208605,0.19361453317257482,0.19684669378385974,0.1926639707202691,0.1957059817160917,0.2038813942434393,0.21148643913534,0.20996548584446162,0.19684677499479983,0.17289076582944946
-0.07413164880084568,-0.08007726595687878,-0.08299602838717446,-0.08142855322747895,-0.07972591734806893,-0.07861787319798964,-0.07778010101416231,-0.07832060866633642,-0.07488834104390331,-0.06561854196445527,-0.04988966423814309,-0.01794547119310108,0.03813269987270865,0.09850784559147349,0.10988542299365932,0.021755053165425656,-0.19615196946476843,-0.5232962551679532,-0.8382784903878722,-1.0,-0.9614884958386505,-0.7905516769042831,-0.5836715262187666,-0.39957336458885645,-0.2517705726451721,-0.13658786062495035,-0.04986263539241199,0.017349895516204167,0.07113097255085121,0.11480401987078216,0.15012624556791063,0.17728703296400347,0.19904255254207076,0.21787948449506794,0.23328398061683006,0.24903988141700267,0.2655526030904933,0.2830112255235828,0.29860485430301476,0.31022606401471425,0.31860397055284856,0.32271182739008697,0.32279293701476286,0.3190631871786975,0.3074152223728466,0.2894972513854359,0.2678496888761265,0.24676984096815963,0.22566278940923606,0.20231266358117628,0.17815187687031533,0.1569368946283284,0.1386675717338961,0.1206686626288233,0.10210227639365778,0.08234663413917112,0.06556379551538331,0.0499159375374754
0.00897195751700354,0.009681409919300426,0.012661071588651812,0.012802953952147344,0.012377292792256751,0.013370515873984854,0.021741962769962115,0.033093077828861846,0.050190674282769666,0.06785585430375192,0.09424728994432564,0.14412143099751284,0.21464044404436536,0.3320537330098267,0.49763712876470245,0.5796490613110974,0.33964442322290994,-0.20733800389453086,-0.7734029065141825,-1.0,-0.876698340782464,-0.6110826774128062,-0.3749088306711427,-0.2156387617757705,-0.13114358375262505,-0.08446194198343653,-0.04267556535113583,0.0062051264275974505,0.05153864872823413,0.0906290807986533,0.1277331900834667,0.16079338036093407,0.18349571870491813,0.18881655084491594,0.18633347853006074,0.17285407174111206,0.1504354591626926,0.1300743648831605,0.11631108514103612,0.10141268588428412,0.07686581837271847,0.05551152806800439,0.03954902731896359,0.03018435842352007,0.02160006525480074,0.012448243714361132,0.0023031823171348036,-0.0017406511915253745,-0.0037980412423839617,-0.005784486323578321,-0.0037270946493269657,-0.0011730953574107497,-0.0023791526717178804,-0.0035852074156531265,-0.0014568755066331196,0.0015937354614298785,-0.000534597259286513,-0.009899268589819188
0.05619050350945391,0.04803609531449294,0.04247038418472515,0.03897563386637602,0.041952634109170134,0.04790665828923921,0.05657880866159491,0.06486264795818941,0.06693358507512721,0.06848682542909192,0.06939289052948829,0.0675807840231764,0.06356831719645345,0.0585203146768992,0.06007356292902418,0.04039942534784657,-0.07337402174572738,-0.3928210932887845,-0.8152960246683927,-1.0,-0.7741359944678581,-0.34001127667119735,-0.01952902485252167,0.10861175433561071,0.13061568136429283,0.11469513063571048,0.09502099502907294,0.09074963835552195,0.09359722526754317,0.08350129921003749,0.07120495754499877,0.07845333618128464,0.09178513455755184,0.09359724106386373,0.0854428368179829,0.07651182621690021,0.06978117988530873,0.0686162525816453,0.07392309360998577,0.07715904096126996,0.06680419346429511,0.05787315521965143,0.054766721900683726,0.0595558108789291,0.06628642561787945,0.06473323265287645,0.05722599576240367,0.056837659017621535,0.0565788165597552,0.050624802252386476,0.0530840504450855,0.0539901135709418,0.05593163340802658,0.06059128733555828,0.0642154648064608,0.05567275935751911,0.04596512068129379,0.03923449804418314
0.03567781930698928,0.03170227772455305,0.015585280632107141,0.006452318379044556,0.006667210403303939,0.018163999060502447,0.026222504675366756,0.025040577848236472,0.030090581600851173,0.039653326468215434,0.057167115161926366,0.09155007179637198,0.14935652747857367,0.2478855694239673,0.4382817526480459,0.5974092365798896,0.41625501057545666,-0.1626689225682845,-0.7882228297171355,-1.0,-0.7865039983966354,-0.46652883547688667,-0.23498096135021992,-0.10561461949932578,-0.03985717899856612,-0.0070859725782953555,0.019775699691743736,0.051365010427883814,0.06887876797859516,0.07500327815722985,0.08607032005555383,0.08811177973895895,0.07833413014426968,0.06651499136228094,0.06382883224884797,0.06071285712434404,0.052117126980811466,0.051150113896085016,0.05877883423310162,0.053406493058762314,0.036644822557084275,0.02761930098905935,0.022999100134673694,0.023751228161338036,0.022784208520190623,0.026437393011639346,0.032024614326725036,0.03374377838558921,0.03137992637043389,0.02267676517160695,0.019023561010895324,0.025792714889979643,0.031809725990452446,0.03019802822764533,0.025148031851004216,0.022676761893396465,0.02557781917773347,0.023966123054031594
0.014064069415700277,0.013236766366282213,0.010444632082402377,0.011685572852829782,0.014374304016719998,0.02037223239140852,0.029369149405709328,0.04115816836379355,0.057290512752861525,0.08283345920421002,0.12812827256647105,0.196277406124308,0.2960710684611146,0.4343342756632821,0.5644261974697301,0.5711480912428227,0.31147954368328484,-0.1994833153706114,-0.7561529217368448,-1.0,-0.8501550880558761,-0.5227512465879175,-0.2571878030457462,-0.10899697502621872,-0.03764221223318652,-0.007445754654370604,0.002275031132436486,0.014064070993265955,0.03298856149795637,0.049120946903732,0.05677348768751935,0.04798341161964273,0.03753873734075837,0.03443635346898486,0.041054752623278505,0.04632881971889771,0.04798339584398594,0.050258482187821266,0.04798342424016816,0.0426059634899534,0.037745575132051186,0.031230563322090375,0.025129212896624082,0.023578028848565722,0.029472543060304876,0.03950356699765446,0.0403308834563808,0.030299862674162566,0.02192342905999231,0.01478795435825477,0.01489137483146686,0.014167489888912364,0.00899684721041944,0.002585268297000436,0.009100259007020294,0.02068246856999392,0.020372230813842842,0.006928597474702676
0.15549156871952782,0.14546184493139572,0.14309635103721888,0.13836541232532232,0.13112701018932554,0.11963074184992875,0.1096010869853504,0.10094341030856817,0.09427274591916336,0.0867504999893836,0.07355108805547723,0.047057587041311084,0.006465791147886062,-0.0486029822285577,-0.12954988692322505,-0.2605501011919577,-0.4623733013248922,-0.7181774403118446,-0.9321101465410838,-1.0,-0.9035359625214142,-0.7142981600027154,-0.5085952869489947,-0.33023730772196896,-0.19091019281921726,-0.08787018722296415,-0.011133522916903352,0.04332013769328519,0.08395921586630374,0.11513631846261493,0.13841269893519148,0.15383568864008404,0.16164178991104847,0.16925871010033122,0.1794303139260237,0.1858644337614853,0.18146462545324088,0.17602400364220122,0.17186073230991766,0.17067798391940403,0.16727167363558154,0.16466961678379002,0.16433847771958665,0.16504812328967433,0.1657104187391836,0.16589970374748036,0.16206761189530608,0.1595128474270846,0.16045907038903903,0.163203021712643,0.1651900408562902,0.16741361429700075,0.16727170827778656,0.16765015127296162,0.17105645000938247,0.17607131334687373,0.18042381772414648,0.18198502643093767
0.029103214442920234,0.02732056184029369,0.026747564140915562,0.025410569832777792,0.02375524158092023,0.022163585945208057,0.02502856812908047,0.0367431795592831,0.051386433163467096,0.06520200151739211,0.09779925361173031,0.16484017382951766,0.25104464351871536,0.37372917453213667,0.5549867821212425,0.6721327177162916,0.449364462931949,-0.1447695866289862,-0.7653253540042811,-1.0,-0.8321746925725436,-0.5312873399603596,-0.29846039979193556,-0.1693451836692409,-0.10746133501304607,-0.06862465700941342,-0.033226083692545344,-0.0038759276632544773,0.01312296992991597,0.02451923770406309,0.032541193840553984,0.03540617165387532,0.02999454657163494,0.024773904859038923,0.0263019019614925,0.031522543674088514,0.035278848759956696,0.03457850971322208,0.03464217213141496,0.035278844875022405,0.037061514959853256,0.03553351397246539,0.036361173970651486,0.039035162586927026,0.042409484422535754,0.04750278090284099,0.05253241884988763,0.05094076127170831,0.04285513883209024,0.039799158224453096,0.04100881604140223,0.03865315894076256,0.03247752365249252,0.03005821578846283,0.03795283154883081,0.040053825379428934,0.031649864625539995,0.023946241947152107
0.017043232029305452,0.016396539130292577,0.016639049865802426,0.01651779490267979,0.01975125529361668,0.021852998019658076,0.025126877399600258,0.03527185203690577,0.04578060482010368,0.05337924465418365,0.06982953348287688,0.11129873395373123,0.183809303637186,0.31387461705629993,0.5044466642127438,0.5900121802852216,0.32179633134028185,-0.25250570795057753,-0.7966569599758097,-1.0,-0.8892951611154363,-0.6350242584525805,-0.3671318341764221,-0.16657716781264648,-0.06076197147086141,-0.013512943589407215,0.016477375952210906,0.03878824072651069,0.054915112285412966,0.06449427441103361,0.06797023625020593,0.06744478461462251,0.06679810792016935,0.06764690530196976,0.06986991223987181,0.07257793779709934,0.07302253819814769,0.06809151063567839,0.06263503637028595,0.05968447190743405,0.060654514078745274,0.0647367935860169,0.06695978572593812,0.06473677385537581,0.06328170319941856,0.06190749857597719,0.06251378171545457,0.0581081786589372,0.05455135571990927,0.05010535417575586,0.04703354738972327,0.04436595484875369,0.041940851886805755,0.045457261540216835,0.04865028598612874,0.04897361693436491,0.045578501397067386,0.038666988538009456
0.03491338465397889,0.033864266188594894,0.028828441859034177,0.024894210003230336,0.023530340313804937,0.028828430655872598,0.038690252100923604,0.04671608822364868,0.058361406578587835,0.0761966221470241,0.11060815721844347,0.1664219817006581,0.2338286649335039,0.3217450592880184,0.4324803604283592,0.46704896382508176,0.24809662740899593,-0.24048313333358753,-0.7705553586139166,-1.0,-0.858787310820106,-0.5359170083426258,-0.23807031802755677,-0.06087205597654527,0.015189772972684132,0.04587679857278677,0.061456340781271504,0.06958710891622581,0.07131820223761386,0.0751999568841415,0.07540980810498674,0.0693248525064288,0.06024984670386681,0.05295840342971078,0.04598170497778955,0.037746040040542383,0.035910049916861496,0.03853287328799959,0.04042130060966533,0.03842794767757697,0.034598643032647404,0.030664428781811758,0.03166108444198444,0.03150370882996374,0.029353012294887747,0.029248089885368436,0.030087384337585298,0.02919562868060878,0.023477891912658512,0.02242875744275798,0.022061564219376762,0.020697699331306326,0.023163140688617107,0.026572806909922333,0.02714983695008391,0.02510403561684912,0.02982511512417505,0.02924809148582009
0.01651287521401418,0.011344496889371693,0.007707491855677449,0.004708550605774066,0.006750388392932691,0.01223779465510498,0.020724152387694893,0.036931166880429744,0.053648659557563684,0.06494251857453832,0.08695600334295707,0.14106466722744176,0.2375415092410174,0.3865946855608478,0.5738683022522022,0.6355700256168523,0.3460132713583628,-0.23839729023661724,-0.7993893013814874,-1.0,-0.8667064283484182,-0.6063725421807472,-0.3612894854292744,-0.17943944594190547,-0.06898882873967109,-0.008563336121127337,0.028700047510002644,0.04937356445875625,0.05951892190290673,0.062071208186304044,0.05894462634090847,0.05556288595069937,0.05409530187009975,0.05766850656038522,0.058689424967273376,0.049437379402899655,0.043375705320124885,0.043439496903092886,0.046566049547019206,0.045098504401711925,0.044907059569281725,0.04650225796405121,0.05007543929316128,0.0472041172243393,0.03807968986766468,0.03693118245454668,0.041397667876375034,0.04407758210129453,0.04133386266605472,0.04044056441363028,0.0377606638160631,0.04069579888226386,0.04835263631804501,0.04911834167071037,0.0437585385288114,0.041716707555328934,0.04133386266605472,0.03980250257660403
0.01601705649294653,0.017542496618154012,0.016627226841726236,0.015864507070005317,0.015635693698257864,0.015711971027673854,0.01967809894742222,0.024559492571238867,0.02814427776721319,0.034093481863914206,0.04690713772664964,0.07299211051978825,0.114712935497185,0.17923914116366238,0.30287625450900674,0.4184276631822316,0.2809860982186339,-0.2063920052048355,-0.7908623075915289,-1.0,-0.7627948054811404,-0.39554579651047866,-0.14392531506645792,-0.02333920181525063,0.02959344550801263,0.0482037537174453,0.0533902479324413,0.06353442560863123,0.07215312069072186,0.07703452071396057,0.08428031869436287,0.08466170563232565,0.07009380063587758,0.0540004083912051,0.04850885721745286,0.051254637458454114,0.05529704765262642,0.056975045927259736,0.05933945784679873,0.06216149592806699,0.05911064243887153,0.050949550247884515,0.0463732444164031,0.04530542987115925,0.044466433060905156,0.042559644976032866,0.04156811852286937,0.04683085661575698,0.04530543917940951,0.03836469815776345,0.03439856442035867,0.039432494086506786,0.040042675488833675,0.03546636267616457,0.03256803184869082,0.030051064688554202,0.02898327225040472,0.03058497545176998
-0.005714994708459496,-0.011160139114010197,-0.013280884812973948,-0.017006495942493042,-0.02405656873390611,-0.029100481480180847,-0.03190905063235672,-0.04193955531785702,-0.05867626566150683,-0.07518372075709641,-0.09427044079156283,-0.12803042704142065,-0.17812602138378342,-0.24461404448076118,-0.3281249307769342,-0.43559492811985007,-0.578658373109274,-0.7487772110457697,-0.9121891543132555,-1.0,-0.9689907339701932,-0.8311991943714466,-0.6404470763280299,-0.4437339021330007,-0.2684580732262565,-0.11742671078791157,0.0056911450793449645,0.10358924747492745,0.17592396491078408,0.23461715568296374,0.28872451401039106,0.33016466299081215,0.3519453805136972,0.36558664836111193,0.37940016192855575,0.39029039477938426,0.39235378994240383,0.3877110179199616,0.3770501102675345,0.36306471472183544,0.3482767929022775,0.334119375477641,0.318300049868006,0.3013915135063739,0.28133062305095324,0.2596075446091695,0.24373063587870608,0.2386294093204163,0.23129275173010122,0.21575973286676223,0.20062789319994334,0.19237414466704622,0.18297406393357507,0.169389777634055,0.15402871069931234,0.14210665435636002,0.1362602747940163,0.13035652196186756
0.0731085045513701,0.08048437216477822,0.08871795247661583,0.08768878306760026,0.08871794200965244,0.09780920623577025,0.10861575455474126,0.09883838087826753,0.07859749790755567,0.06813402524768941,0.060758136700354494,0.056641343927694834,0.05526907269216602,0.04943698143457848,0.02233482667611489,-0.034099417710879716,-0.16720886926617667,-0.44612179156987747,-0.8130302239043253,-1.0,-0.8289828809424591,-0.44663659869735733,-0.14388032106396717,-0.005453458466631419,0.03845888809001776,0.05321070247324467,0.055783683564082295,0.058699737697283816,0.08048435646433313,0.0943785333804299,0.09866684304871516,0.09849531568612617,0.09900987683996633,0.08888953740750348,0.07894055263273364,0.08614495830207398,0.09437849151257634,0.09129095711812109,0.0954076870890004,0.1077580654069794,0.10775807064046108,0.10244056016227007,0.09746610964273872,0.10261208229137736,0.1044989617820816,0.09780917483488007,0.08768876736715517,0.08340039489708957,0.0751668616865872,0.06984937999254552,0.07036394899660822,0.0758529973043516,0.07550990594480177,0.06024352844517907,0.05218149119637551,0.060243538912142465,0.06504643851841721,0.06213038176847483
0.017070143165167237,0.014993134639568686,0.018482510229970227,0.024547377659509952,0.028701390908519128,0.02836905053348372,0.030695329232261547,0.03559706174829827,0.04290814189757298,0.05138234428639093,0.07497713578927095,0.13022572986646125,0.1989333746766175,0.28616817887514023,0.4511653103036412,0.6085192734196313,0.4399495251004159,-0.13446850025418117,-0.7697007268882353,-1.0,-0.8104931134959841,-0.5030133188814361,-0.277450476898132,-0.15025396783208633,-0.08312481908388154,-0.04249847655775093,-0.009266335078590203,0.014245406500769303,0.031110720798213448,0.04415433940855625,0.056533284873204095,0.06226585882135953,0.06425977686676633,0.06525676123738924,0.061518156030479665,0.06027190021928149,0.06101963849724868,0.06401051556535889,0.06234893916238347,0.05213008256435812,0.047311412645801666,0.049056102342096404,0.05121617853475914,0.04672986039780189,0.0426588983397092,0.043157382920644805,0.043157367711893095,0.03401854540801118,0.025627423360217175,0.02222112304125567,0.022470370401307376,0.027953677978471456,0.02670746525873647,0.025627425895009128,0.023716564110102725,0.020891840119664547,0.019064075151929774,0.026873628475576308
0.1151309392017057,0.11567325722521868,0.11946926278512006,0.11946922417929938,0.10392357294474043,0.08819714995486337,0.07012079203918169,0.07120537431381459,0.07174767441319654,0.06542094355865176,0.04318703312548418,0.00938425221992543,-0.018995620070027436,-0.0269492408818733,-0.04592937898372494,-0.10648514566888376,-0.2610384858699789,-0.531281083685489,-0.8499665741325474,-1.0,-0.8617165093508601,-0.5596610828231384,-0.30713328424610126,-0.1730061844928787,-0.10395447897236101,-0.059667359543599176,-0.016103387802399474,0.01806088835651968,0.046621529644232045,0.0778936231715784,0.1042851054251422,0.11169642200126817,0.10844266828347292,0.10753885638537884,0.11639628358020154,0.12706130148050898,0.12669976348498999,0.1303150055622491,0.1377263138656992,0.15959873387123397,0.16176790669317562,0.1545373784177195,0.1433300204334301,0.1413416110941307,0.14622222512547187,0.15309124849611241,0.1595987669619374,0.15833340052297257,0.1570680009933043,0.15236819456554335,0.15092207567417074,0.1541758735129039,0.15019899968313274,0.12941122675485844,0.11513090611100225,0.10898495321628247,0.11187716342344148,0.10826189377059618
-0.03114652112067574,-0.034733527089905424,-0.0375234277824306,-0.03202334142425899,-0.02189999326750689,-0.02189999691551361,-0.02468989760803878,-0.0254870059247489,-0.0191898072978599,-0.011138954687779746,0.02664426017759681,0.0935222578354992,0.18287898593553517,0.4053532303509479,0.7988084797270222,1.0,0.5823121023261147,-0.19551155216308963,-0.7132368801127142,-0.7468751987329216,-0.578923226169397,-0.43791420552154686,-0.3116517315969129,-0.19614943775442428,-0.11556098078634627,-0.05537879245779214,-0.004443198254528969,0.026405135768998677,0.04051402550930136,0.05207219490178007,0.061478142472687354,0.06355069669146741,0.06378977732398489,0.059086762194455064,0.048883754338926166,0.039956060449224104,0.03278203148673337,0.028477592707599492,0.02449202376399851,0.026405126040980754,0.022578953103074517,0.01763686706904514,0.012854184336723957,0.008390330095859485,0.012136769766853375,0.013332455041960557,0.015086090785118104,0.011499076303872735,0.002093120220949762,-0.006754833105826503,-0.008588193603880715,-0.010501264872805829,-0.014088279658051758,-0.01600135199097883,-0.021102882214791733,-0.0252478766521418,-0.028037761536637847,-0.02732036642280311
0.010090259234037616,0.014500785666172914,0.010811978693925882,0.003915522320797487,0.001108822806377291,0.008406239617134785,0.02043493928272363,0.03831760919351958,0.06012969552179858,0.08033789911821328,0.10776340496600664,0.1711949175768474,0.2596462795330482,0.3772872047497543,0.5644527738523433,0.714570969558173,0.5197063288180149,-0.09528116175169463,-0.7631144014003434,-1.0,-0.7908601685305172,-0.4636803146817902,-0.2321683176469224,-0.1159706111517054,-0.06857745610316156,-0.04933153370224225,-0.04091141053958981,-0.028962920546806676,-0.01308503615636921,0.0036749502633956527,0.01450078077287764,0.014580971484164165,0.019472643407342425,0.026850250011893586,0.02853425066727723,0.02083589467414198,0.01770842573921016,0.01931226076144556,0.021397229041485742,0.025086028673789864,0.028213495162074043,0.03350612003002302,0.03310516830857612,0.026369094734260072,0.024604885629394536,0.02685025490518886,0.03158153317255589,0.03286458455314027,0.03246365240487448,0.033024981878922964,0.03262401303094261,0.02925598725369895,0.025487014648303673,0.02051512448905297,0.02019437143049742,0.01851035854187559,0.017147103605104585,0.020996272426743574
0.08974783898357191,0.07723436319291045,0.0732708220556308,0.07247811021807883,0.06551360097728036,0.05764314219030955,0.05215078764136589,0.04660183450870476,0.03261616647732865,0.013534510047607856,-0.005150858997245664,-0.02921534681295513,-0.06290551979180922,-0.10973217354875242,-0.1763196729177304,-0.2703119881408513,-0.4186049169366416,-0.6336555532143341,-0.8642767228884671,-1.0,-0.9655739759336439,-0.7854032520234389,-0.5557438273776174,-0.3466949545242913,-0.18118916196022963,-0.06137669856148803,0.016252366408255392,0.06925065578980988,0.10792352038408952,0.13572494486373096,0.15344771635705912,0.16777318902154342,0.17943733749877486,0.18425027583476608,0.18413701380143446,0.18017346040527255,0.18028670390549084,0.18073966555095505,0.18153239476330077,0.18130588305204642,0.18226844353734512,0.1864584839339436,0.19427241518079807,0.20004782751422573,0.20293555839175736,0.2042378802662331,0.20961694343774903,0.21533585448630427,0.21873318420367036,0.2194692823993503,0.22213052627644533,0.220941491146119,0.21873323362530595,0.21969573233356016,0.22241369989288773,0.22105474082404172,0.21414680700056904,0.21063621524987133
0.08634407705312841,0.08059192771925541,0.08296045809757563,0.07795271021953198,0.06800487695268816,0.05839540723315203,0.05541782205673986,0.05183119240568835,0.047364824964522705,0.04465792278013271,0.03498080089480573,0.014746709905440003,-0.015164531874920003,-0.055362074220130224,-0.12032771838672794,-0.2303630872616469,-0.418626821558972,-0.6803156748027146,-0.9200794968140246,-1.0,-0.8774458508991158,-0.6376144391789033,-0.3870915974491481,-0.18468432014337685,-0.048256400497548736,0.027536815242179574,0.07362167911265113,0.10535998102041567,0.12660914819887084,0.14230911686292663,0.15279838063539358,0.15645274245899365,0.15354276763838928,0.15286601989686868,0.14616647079981074,0.14278283945611484,0.1396699385923231,0.14352725949415887,0.14393326023825115,0.14224148586021362,0.14176775500826333,0.1481966314367517,0.15279837237663152,0.1575354661683203,0.16037771088106662,0.16017467747397215,0.1601746939914963,0.162407912811818,0.1692428147606849,0.17330317732837722,0.16822775508911963,0.16477642667261405,0.1638966703002852,0.1647764431901382,0.16700967852798407,0.1697165456126352,0.17052863794720266,0.16775400771964516
0.2237286623866979,0.22675727972253587,0.21577875122782603,0.202528733743247,0.19003586770507294,0.19268588044216323,0.18965722845567096,0.18019295665289872,0.1688358928607497,0.16429305348362838,0.1510431053003579,0.11678251633523776,0.07665409245278061,0.03747208622167078,-0.014959840039052954,-0.10846667496922376,-0.2784454710299724,-0.5601027367346113,-0.8614444154169918,-1.0,-0.8862404236110059,-0.6155633727329178,-0.36532762062396024,-0.2180630329990362,-0.13969884583976794,-0.09180959725311229,-0.05149187468072445,-0.020638366160018417,-0.011931332430286814,-0.002845595924953741,0.019300722938076484,0.03652566135143717,0.04731490487210029,0.06813625923612596,0.08668619102403644,0.10561469420381762,0.11318611915367718,0.11375395097538117,0.11148253706192955,0.10940039657230657,0.10845397747718201,0.11261823535599179,0.13268250324358924,0.1444181138833955,0.1421466999699439,0.1429038283159127,0.13817168663941753,0.13911810573454209,0.13779313979176025,0.14347166591272573,0.14101099590077262,0.11678251344768323,0.09217545960272314,0.07665408631672725,0.07741123234896749,0.07457196008440473,0.07892551719456169,0.07987193484590899
0.11529969871104938,0.11066688621625749,0.10647014229889536,0.09845816167238844,0.08897461048250518,0.0837423030519446,0.08292475470412601,0.08406932455284034,0.08210720843493079,0.07126107888254812,0.053547541462445614,0.03790513730461012,0.021663196638538478,-0.012619435564702658,-0.07360871309166635,-0.16719082507353086,-0.3291734946715405,-0.5898079621666067,-0.8636325155356468,-1.0,-0.9196080803176263,-0.6881321557167734,-0.4312576219088199,-0.22556343837531365,-0.08532690746281514,-0.0011191607422585158,0.05163993724251217,0.0856499130920235,0.10379948375295842,0.11617168620502602,0.1309420679480122,0.1430962876612246,0.14980025046299517,0.14920066240489938,0.15230737622507648,0.15601360493580665,0.15432397347733623,0.1493641985145524,0.14680251637195477,0.15007268648264738,0.1493641918629576,0.14391385513237823,0.13900857003416275,0.13764597088542962,0.13497532896847966,0.13415776814892083,0.137046409433713,0.13889955704705206,0.13759149432405085,0.13421228461986837,0.13726444205952917,0.14069812832509043,0.1383544987630934,0.13611987553661223,0.13720995884655562,0.14157023222197598,0.14571249292636457,0.14702056230096056
0.01939353914484077,0.021183245806496737,0.02665761180926212,0.02755246393558988,0.024920555458510036,0.0290263385928357,0.04044882462748282,0.05313466276977504,0.07013685156400211,0.09535067086689258,0.12277523952164,0.15488476159365897,0.19152113598920953,0.22652571129380764,0.2552133991861564,0.22984196058961665,0.044080868186694856,-0.3548116313716906,-0.8037116623408319,-1.0,-0.8574551134103398,-0.5526792197919264,-0.28569796083494026,-0.12115081871450648,-0.035034451887433614,0.006549793030344989,0.029552726069852757,0.04381770576519222,0.05434534609751279,0.06471509090413215,0.0806645111683263,0.10077238013475288,0.11466889518078163,0.12003799830274636,0.11977479412523587,0.1204064918600625,0.11751138723547368,0.10982623253384394,0.10261475156131544,0.0972456291673471,0.09556118538649179,0.09277131232569774,0.0902446562904166,0.08587569949258618,0.07898009950747704,0.07192657187666064,0.06718909582550925,0.0618199702195403,0.05376632838459563,0.05160816269463002,0.052976767244073825,0.05271356627856393,0.04576530875554955,0.03881706408053759,0.0395539998031602,0.0417121590691246,0.04008036640217333,0.03402697064148852
0.029152570126852365,0.0342683504654649,0.04211842494165294,0.0490864641027576,0.05164432130627585,0.05790678226948988,0.0608174433729195,0.05773034668097501,0.054466835929193526,0.06681526306324252,0.0901008963495256,0.12935134138975365,0.18341998079981642,0.2504545463384253,0.33415950990212395,0.36758859506030644,0.19021157899023675,-0.25168647230485025,-0.7801097870238162,-1.0,-0.8164495924892925,-0.46672509007644986,-0.1840346257496079,-0.040968843178362954,0.018832819617422183,0.034180148817715875,0.037355452539578865,0.04070717435790594,0.040089750713781465,0.03541498937825299,0.0318868750287668,0.028623354858188753,0.029328978804519883,0.03347451814367291,0.04203021387510734,0.04952747906921455,0.055613480224151086,0.056319123008075365,0.0527027760633657,0.052261734186061386,0.05578989697507281,0.05314378295656845,0.04308865517677351,0.044852709660431866,0.05014488656683062,0.05137972847291009,0.0512915254796187,0.04838082131883332,0.04882184974071395,0.04891003389641219,0.054025831727075514,0.05402579674297395,0.046881375815049135,0.044058893485148284,0.04326506654552576,0.03859030251891255,0.035503189680459644,0.040177944288276285
0.01829092145532118,0.014200780345568693,0.013229379382197697,0.018239799437512593,0.025602029052159168,0.02601105823062109,0.029845556640044367,0.04421215862491308,0.06512302468049265,0.0950322362846254,0.14375618486373115,0.21472035290776956,0.2941708039859125,0.35976611971865285,0.3532730416209189,0.19115074571607643,-0.13994620872793706,-0.5453814561459348,-0.8657412176086985,-1.0,-0.952248138781159,-0.7743267324753,-0.5376094993055628,-0.31111837932838327,-0.13539628206804002,-0.01739553676653519,0.05643144867596267,0.10510423312044169,0.14033067117612844,0.16436029385434472,0.18261258724108329,0.1984108490662084,0.21124366260648286,0.21211282894227593,0.2068979307599754,0.19841081162903673,0.1823569787119225,0.15842960942861628,0.13818328748773023,0.12616846366956486,0.11763030519457171,0.10592225404019386,0.09784422336323892,0.09339622564276413,0.08501137862532138,0.0770355826246907,0.07156498232030019,0.06752594202370826,0.058885558231683774,0.05050076425023423,0.04497908404485327,0.04247386339049865,0.036952164466531844,0.029232033150819476,0.0258576695589041,0.026777950893036057,0.029078659297982944,0.03081696077192599
-0.007498068684927952,-0.008386902545639115,-0.009720153259664945,-0.008831318859667354,-0.004871971366364708,0.0020770840058619783,0.004299168426517134,0.007006060867101126,0.01949014842553784,0.0334690911175708,0.04522593952771109,0.07629475937173613,0.1257464199204043,0.18287405788917677,0.31995604753554974,0.5022072383926632,0.4061729851827661,-0.1458732516199697,-0.7902371201032611,-1.0,-0.7714099665505427,-0.4485612154281617,-0.20788968683772818,-0.045515908308275524,0.048902465265318405,0.09770765759686263,0.1296249629697351,0.150391447214544,0.15633050570378187,0.15826975750597225,0.1641280031537782,0.16469362401513896,0.15705774238676892,0.14283634884389335,0.11988821371754842,0.09786927341848893,0.08106217464815531,0.07144662000502268,0.062275437377390386,0.05063976878444789,0.03552953752881525,0.021631420004761086,0.011773434233260868,0.004743573723694086,-0.00042780838016417044,-0.004589161243848008,-0.007215257637920236,-0.008710114389375766,-0.012992673957537816,-0.016467204263042372,-0.017840851844710313,-0.01751764362189681,-0.017436838792720386,-0.018406475171380433,-0.020103335290153283,-0.02135578518113043,-0.019982130819861697,-0.019780124602030408
0.010176455734189748,0.014001880538115461,0.01855282289732385,0.01993788080581533,0.01960811201267609,0.01762943989060823,0.01538694448354583,0.017233702447725215,0.027654679443359136,0.040450070028569866,0.05865380324377007,0.09466564492081346,0.15026643971274214,0.23858135001637554,0.38487036897247956,0.49231165396070153,0.3119897381180286,-0.20820291878066488,-0.7841926031822888,-1.0,-0.842299315209838,-0.5590859378921436,-0.31927203377747326,-0.15636176049646752,-0.06065985053312404,-0.01277608277626059,0.015255028313344389,0.03932883942969886,0.06122608656094487,0.07910008217385678,0.09064236321778489,0.10093147233872851,0.10996740148743578,0.1175523644472967,0.11900338698090604,0.11405671925269241,0.10884617290087774,0.09855708792768969,0.0891913889796867,0.08180429272895431,0.07764906768949931,0.07665971804535286,0.07520867136398797,0.06848124349987672,0.05970913663000752,0.050739138903254204,0.043352115095788527,0.03748206536701576,0.03510767693135101,0.03919690414252426,0.04110961365178723,0.039065001052357086,0.032007755093438985,0.026203670995940554,0.022048461048832773,0.023631395728017614,0.020861267837156874,0.01690392560533412
0.07605699226703982,0.05223182130632063,0.02630442547983272,0.02868693894136005,0.054894608397834735,0.08320451234093146,0.1045069972141759,0.12580947353555072,0.14557044970242494,0.15874436539871747,0.15411935182303857,0.1542595682773178,0.19266032774461855,0.2459166853095132,0.26974173226812287,0.2056940782978496,0.014672114431197677,-0.3296724410338026,-0.7590863071770383,-1.0,-0.8846584030901286,-0.5341493540069003,-0.206622000707898,-0.019804309388734825,0.06932985217209281,0.08979143598159925,0.0819431757110963,0.07171240732398454,0.07199267347108539,0.08404541768060426,0.0853066987232869,0.0781592000290693,0.07900009681687249,0.08810967661347135,0.0913330986216226,0.07325398016937688,0.051811347256810185,0.03205048012627359,0.027846027187785033,0.027565733247107913,0.029948255260504864,0.016494039209632994,0.000377017894524084,0.002058787952489002,0.021259074684557275,0.03401253771101341,0.03989877032832021,0.035133728439493715,0.024902916224050144,0.023221137614215608,0.03177017763372685,0.041860830051027434,0.03793669991577596,0.038637444388322076,0.04116009199238353,0.045364545999855795,0.04073965001238416,0.03289136622423975
0.019641948148932553,0.02396834787464785,0.02840157142990283,0.02893569465164338,0.034330339191222914,0.04704245883171308,0.061730857207279305,0.07284064629335245,0.09222939746414358,0.12470416756757814,0.16599206208827585,0.22592092223239307,0.3073209622653459,0.4153737380262172,0.5451655766136914,0.5915811322847075,0.35266767179387687,-0.1833787064313741,-0.7501900607514858,-1.0,-0.8913056506001662,-0.6240835289877378,-0.37406030548470354,-0.19448867803453548,-0.08301667929069281,-0.022714040446069925,0.005647919739330196,0.02241939623525927,0.03646683696703568,0.045974215647465705,0.048377786441466765,0.04570718662893261,0.045653767788291125,0.045546917070073266,0.0419683110398139,0.04250241796538586,0.043784323475264335,0.041380746162795835,0.03539858563470401,0.02914934068110588,0.02492976885897241,0.02225915275026967,0.020977257018092353,0.024555886677796172,0.030270992928293595,0.03278138184817533,0.032247263515285354,0.030324431324337396,0.030431238042900054,0.030751721753645538,0.027493557064093323,0.0242888250669259,0.020763606099779276,0.020176071370673104,0.01953512472679709,0.0224727995945406,0.02172502871372069,0.019428297230619476
0.1411376511926714,0.12909286479249915,0.11999610497553692,0.11603732996776826,0.11317352655426534,0.1109835756870349,0.09978107569466348,0.08706244986599615,0.0827667629826518,0.08099794908037887,0.06987967929652189,0.05547646209539712,0.039135970574970494,-0.008453656990288032,-0.13109169390161926,-0.34132767335778014,-0.5947737190670594,-0.8194965162795445,-0.9581382723320911,-1.0,-0.9663077527819742,-0.8897442849387618,-0.796249429213228,-0.6959328582801648,-0.5930892377559539,-0.4938668916636819,-0.40298340788219783,-0.3161430560155298,-0.2315771552588535,-0.15459178897970288,-0.08965071798393649,-0.0321220998644824,0.020689718722549908,0.07072197114340113,0.12083839490274141,0.1674171985362348,0.20607840608199707,0.23985438695267086,0.2629332490820599,0.2824744015007808,0.3018470730259422,0.3245891678952528,0.3430354504624692,0.35533295852292646,0.37184181319686177,0.3867505293891241,0.39517350928750816,0.40115370051805505,0.40907129916535245,0.41412509119968904,0.4105033458075469,0.40806067999889306,0.404354509871196,0.3973634537558228,0.3925623216322337,0.3954261487217251,0.397447673726072,0.3903723566873885
0.13023371329719793,0.12205072449792703,0.11043083756063807,0.1094488795039189,0.1020841940785252,0.09128264546805866,0.08195404767418504,0.0819540314460319,0.08179037551487046,0.06542441554884122,0.034820052213429036,0.015835539770081047,0.016326508811884848,0.015344555748443576,0.00045149526186896813,-0.044554900691258885,-0.1949581330588545,-0.4938019799328588,-0.8455059048824219,-1.0,-0.8572884428536971,-0.5514104655506114,-0.2782611079349789,-0.10887308350047344,-0.021478876371802832,0.022381904345124944,0.030401218488442308,0.03547471338765898,0.04594891518285741,0.05609581073317058,0.05625948226832543,0.07197080306175543,0.09324655908485803,0.10208418409196943,0.10241151592740387,0.10453907174385049,0.09913833488820138,0.09684709193260652,0.10437543453748113,0.120250403147996,0.12843341192037847,0.1333431422846396,0.1434900971301277,0.13727101945101722,0.12074140714274503,0.11354038139347118,0.11992306382264471,0.12957899969355013,0.13187025513233974,0.1287607063062287,0.12237798393083207,0.11272207302631611,0.10306616711507803,0.09864732090689658,0.10617569097479959,0.11812283235171571,0.12254164860022981,0.12466923437634378
0.08358724168011723,0.07798103173000365,0.06985202108409683,0.06788984605145086,0.06312457014173004,0.05303338303779223,0.03537382342321376,0.015378300086059934,-0.006299103447652012,-0.030032202950166745,-0.05488648179703282,-0.08572079812568352,-0.14075528981979288,-0.22671756889023428,-0.3358517277708385,-0.4595612808449509,-0.6132648572742313,-0.7929439660147499,-0.9432839987094361,-1.0,-0.9300152834660078,-0.7758448193246054,-0.6015854577245486,-0.43227795208178194,-0.2730624688185712,-0.13720468995903498,-0.03526465449978248,0.04182095387256247,0.10479741148949495,0.15413208499250178,0.18627439732698525,0.21178284807373943,0.23299310162448672,0.24532675289561826,0.25579175862257075,0.264201119694581,0.27083521504545255,0.2752267236460192,0.27335797547411916,0.2684992598751873,0.264294556533022,0.2588751628880436,0.25784740327751304,0.25766050679447083,0.25850147254968014,0.26158488821823306,0.26205199258887724,0.2639207977761779,0.26541580999739406,0.2663501669787239,0.26429453372686174,0.26121107244598835,0.26008986459393674,0.2560720577348136,0.24691519055219532,0.24102869253657272,0.2410286697304125,0.23616994272840053
0.0813151400246438,0.07488250730701741,0.07453099731512211,0.07590188666892966,0.07569097978566026,0.07203527462991545,0.06644626629501087,0.062228143174882615,0.055900963320767126,0.04823804335252642,0.04433627600771934,0.040680539918162194,0.026338887205449392,-0.009339501377461819,-0.08431671134411424,-0.2369770117817863,-0.47980073192090555,-0.753134455474697,-0.9495925920336028,-1.0,-0.917851643010993,-0.7689165591557232,-0.6107382639597524,-0.47125940804461686,-0.3560337978041087,-0.26397328802826703,-0.18832814901916772,-0.12375587504399964,-0.0690612463333961,-0.024138097775330932,0.012173008792991828,0.046515622943008775,0.07959274133247218,0.10894382967746088,0.1324950677719844,0.15260153797485684,0.17116134276415926,0.18880722157453392,0.2050118665196765,0.21956447456075698,0.233238136028254,0.2469117803363665,0.2602690055939274,0.27236093215574136,0.2848746878672142,0.29612290465155683,0.3037860112281042,0.30670344978422037,0.30698470925589016,0.30744166366566184,0.3055082300148537,0.30009513057412673,0.2982672271381176,0.30269625303599845,0.3046644859186134,0.29724765082869925,0.2855776735322358,0.2790747815806339
0.09032571636369258,0.08999303646026434,0.09398508872853237,0.09331975429616894,0.09797712577210457,0.1024681725210219,0.09731175074055227,0.08101094803732829,0.07319320121465149,0.07701889830650957,0.07086451547668368,0.0632131111431703,0.04092422940318195,0.007657244524645407,-0.04889663642967114,-0.13372743375537757,-0.303223485214158,-0.5833324733503846,-0.8815696489057359,-1.0,-0.8624410162743859,-0.5713566464139901,-0.3035562361661667,-0.13256308961766902,-0.03309477238321176,0.030611468943707417,0.06604080404903394,0.08433769886007385,0.10346616148232052,0.12292728117095167,0.13723219222485478,0.147045960106767,0.15137062630478132,0.1398934995049168,0.13423813399278398,0.14787759389165564,0.16184972354415836,0.16717245990184904,0.16367947823770948,0.15519644011930742,0.14288751713779876,0.12791739344909883,0.11427791832553133,0.10812352280845891,0.1031334968035881,0.09198904483225323,0.08417131069682295,0.08516933010751321,0.09648007128157612,0.09781078074549183,0.09880879000638489,0.10612751951136865,0.10712549324797142,0.10196915266587955,0.1023017919701189,0.10679285901863068,0.10113748335670061,0.08533564722218359
0.012066578243052246,0.017034661076290737,0.01662375755151513,0.014158399084895272,0.014046339563955899,0.017819083421233048,0.025401930767582744,0.0353007413609577,0.052371504893293466,0.07340183323535016,0.10552632995135328,0.1645457362337967,0.24963755894977788,0.3651358117026308,0.5529148100265018,0.7063646591428985,0.5106300479765897,-0.12251971626975657,-0.7848050927211405,-1.0,-0.7896990141608887,-0.48560010419214805,-0.266257551812082,-0.13268026880134745,-0.0608857261124265,-0.024764401827141062,0.0028775124359501523,0.031266505153926316,0.05237149121721337,0.06096293693405118,0.05943141654608837,0.04975672955328552,0.038812008823907396,0.032424490766295645,0.02756847258252656,0.026821389355259496,0.028950565840041218,0.03122914894115095,0.03298479292968587,0.030668835381027312,0.024841628604192516,0.01819262389519324,0.015092254258652441,0.014270463164528008,0.016511700309922443,0.020770048720792522,0.021479772316264193,0.01759496096033428,0.014531937279508779,0.012477470371094439,0.009414454667982325,0.008779437229858012,0.005193454777092562,0.0005989206804459866,0.00037479480052719506,0.00579111714211485,0.011805102418561465,0.01038565465778145
0.035417194841858485,0.04201435432019294,0.045228370574780685,0.05165636523639924,0.05836629151059781,0.0633282438512125,0.07020735730659243,0.09569388837851325,0.1459339740907839,0.21934882080962786,0.30787457300517806,0.3955544804730268,0.46987117254107624,0.5509542370737939,0.613317156762007,0.5217466030185464,0.15816959378636894,-0.3643594474005118,-0.8118395082251707,-1.0,-0.9710174143996146,-0.8434152157477253,-0.6981642196045781,-0.568758715611221,-0.46094894502394523,-0.36830646589182303,-0.2904940358385124,-0.22576326288695991,-0.17095606431068544,-0.12105422565535874,-0.07673468832417689,-0.03613665997738695,-0.0007826033213100507,0.02887642263222896,0.05188189366709698,0.07212448057380072,0.08514967600199766,0.09817490583706452,0.11221503511456493,0.12631160542150455,0.1396751167203853,0.15286944943980219,0.15867723274537035,0.15715485261553708,0.15518134336988149,0.15518128831888958,0.15568873459941937,0.1579442287883034,0.15969219412016977,0.15771869863726215,0.14914802991327208,0.14187415611708215,0.13781434502475437,0.13516420403773113,0.12958197152732617,0.12174435493002099,0.11458329437896957,0.109621280105989
0.057354805410498935,0.05479024978868379,0.05205660868654439,0.0490129685805633,0.04636387645924475,0.04441933044596272,0.03914932244553379,0.034471134477159285,0.031962952003236705,0.027087491120759925,0.01573018356215484,0.00409101628290905,-0.007829935051784963,-0.031897333752070184,-0.07405752501059805,-0.1367899264905046,-0.28361739330157004,-0.5690428705311481,-0.8821153910520331,-1.0,-0.8455066999365091,-0.5588976264942405,-0.29491816864341197,-0.103479095910554,0.015138395773790399,0.07606756502248256,0.10678582064394372,0.12346956223052187,0.12857052430288624,0.12248323205327981,0.10968856442304203,0.09796492383504654,0.08784764152608711,0.08099940507167404,0.07984393911395135,0.08672031614131302,0.09728855611879753,0.11028042443727203,0.1234132466913554,0.13412238213589095,0.14305610950408307,0.15091884422330223,0.1595707049921998,0.1670106914023811,0.16937795261430064,0.1692652114775059,0.16737704850706,0.1645307440828977,0.16004982386963507,0.15754163279739516,0.15562525358880822,0.15038341668535438,0.14581792342286104,0.14438064933440162,0.14367609633395392,0.13950516953562672,0.13392515049371184,0.1289651045243601
-0.005582051628892098,-0.004462209365347859,0.00045709269837518936,0.007216133727918196,0.011255558637935382,0.015294985378300022,0.022773922957589798,0.033092453033901924,0.04921019252837593,0.066527827277774,0.09552381579746493,0.1481565354943503,0.21874615465161865,0.31461243285195883,0.4403946907730056,0.49214746727114783,0.2650196030143451,-0.24926726579097633,-0.7830314914836034,-1.0,-0.8778577418564945,-0.6079769829801844,-0.3518128381550912,-0.17343861627378013,-0.08033155513287282,-0.04353666111469994,-0.02477932874893381,-0.008781598425681535,0.008375964507442692,0.028173157528923912,0.04809035667104778,0.06384815955911342,0.07364678554254817,0.07932602178632156,0.08612508412557002,0.09448388558854662,0.10152297237139674,0.10348268390148936,0.10204288866659048,0.10196287075687017,0.10136297559936847,0.09764350457587966,0.09076445361247015,0.08512521656170381,0.08176566506138049,0.08016590234001258,0.07648644515231046,0.06808758104428175,0.05968874134088576,0.05568931989468637,0.05416951651192026,0.05276971558910189,0.04845032500347867,0.046530602904540024,0.043451021350633445,0.038411708742928076,0.03257251721500202,0.02621343135605166
0.05066618557536088,0.0454812835507344,0.045384672507881266,0.04593214327203617,0.04399988311263518,0.04464397032371474,0.04399988311263518,0.04119810465330568,0.03665729241897471,0.031053732184180907,0.024741680365020766,0.018622862422268377,0.007898792991073008,-0.011327270269409566,-0.037928169704178026,-0.09715215582244505,-0.2697026264754411,-0.5787674739018083,-0.8887018148185031,-1.0,-0.8512800148165918,-0.5516843269158259,-0.24941381619705416,-0.03341950764230212,0.0739821454658604,0.11839212523801837,0.13320615909576422,0.13884194147542006,0.14029118375777674,0.140774225216224,0.14000132115246364,0.13877754852437535,0.13926060570375795,0.14061317995487096,0.1401301227754884,0.13816563469869442,0.13600795204783095,0.13320617481669952,0.12998571763629493,0.12982471953774782,0.1281178582884063,0.12747376370813832,0.12567033661363272,0.12422112577314666,0.12280412712911828,0.11761921331379031,0.11085627917448389,0.1063476328335433,0.10570353039280765,0.10615439895713553,0.10576796264619065,0.10444756521943084,0.10312718744384017,0.10042202322067878,0.09858636427854635,0.09752364084204496,0.09610663040731508,0.09668629273420007
0.0028978144180749374,0.010393457015845166,0.015083979942279882,0.01591171342255169,0.016463547902271714,0.023131450355407514,0.040881849724064126,0.06713964891741982,0.1013989231976057,0.15147736276958157,0.22680155282980846,0.3249801685421216,0.4360351746588365,0.487493100815429,0.3416271009867524,-0.06962132191293083,-0.5979487174112769,-0.9595325758972623,-1.0,-0.7985376479334501,-0.5255679588535346,-0.29614588090593963,-0.15216565718591324,-0.079094470660292,-0.04170813994045413,-0.013840911203563585,0.009289804892689634,0.0284657493083273,0.04502056482822931,0.05996589889271919,0.07509514691726078,0.0877412001130818,0.0985478331036436,0.10415808717806357,0.10323839952381333,0.10650335916395876,0.11027415936055047,0.11211361323837873,0.11078007848632454,0.10811285184356058,0.1012150260738385,0.09151203398224256,0.08824707434209712,0.08962662265975702,0.08663756482621078,0.08061344681770233,0.07633679484047465,0.07371560982379058,0.06677178732474734,0.056287058482200746,0.04851545760612698,0.04736582558993481,0.04561836236470145,0.03982416346370813,0.03499571348537689,0.030627082079743986,0.02864971658328001,0.026580349210031443
0.05879649825976539,0.06564015534218762,0.08738978026810887,0.10426453877478804,0.11007698203545316,0.12151430856813367,0.14523274417919377,0.17185744146450388,0.203263336725644,0.2415128290033302,0.28163736055266986,0.31398076400851743,0.324855639397634,0.3041371224631167,0.2206068150063191,0.05560903532611188,-0.204356261072101,-0.5497257815389371,-0.8612521737545992,-1.0,-0.9149698762189218,-0.6979416831487879,-0.47257044285364375,-0.30129263137944273,-0.18054397395972063,-0.0900763323962493,-0.03560830416893326,0.0029223507543789796,0.036203087570330264,0.06460889861623327,0.08026489761390468,0.08157738277192081,0.08551480392261139,0.0940459545894364,0.09301470358404168,0.08335861058617139,0.08288985648881766,0.09385843464470409,0.09817091284653819,0.09320218348485658,0.08870227686724426,0.09020224192607527,0.0943272402270945,0.09667092490546865,0.09667091346434939,0.09817095289045562,0.09770215874918446,0.09554592536882704,0.09085849880648242,0.08757727733060267,0.08607730655121201,0.08673356343161916,0.0824211309942621,0.07651498496682714,0.0676088630572531,0.06235893386630786,0.05635903072678656,0.05382780751186129
0.004761018010800472,0.008820244690492501,0.013674298976128842,0.01798901678359009,0.02678875960875611,0.0355317576137641,0.04640371872856924,0.06817601683253327,0.10039461715034778,0.14348485294114233,0.22310828387545956,0.3348937504497195,0.38422906894790615,0.30642187411451516,0.1940122145185169,0.11311173413156628,-0.06472859695144312,-0.4489936897388039,-0.8460888140780932,-1.0,-0.8977521251981477,-0.6761400869841383,-0.4244112516481896,-0.19371571879402608,-0.02907543151883282,0.07158241739373415,0.1368140870828724,0.17482319490591197,0.19128716058363113,0.1977592849286006,0.19818503043642363,0.19211032768904446,0.18248743161556405,0.17255232124587347,0.15861467099004706,0.14056110206456032,0.12211016696987903,0.10536222083503936,0.08864263325317975,0.07459136171459738,0.06400321477172549,0.05520348233938367,0.04455862521910111,0.03675236710241617,0.03141574887296064,0.025795245453939793,0.020061210823306065,0.016229080343518457,0.012794329890024343,0.010608584719115762,0.008735089353233371,0.004959717117668396,0.0011275703990929703,0.0008720937779742051,0.002972679281280236,0.004363606373000027,0.004761015412594421,0.006407414578572386
0.022009044150139226,0.02436261794173384,0.024399970937884954,0.02630524082509336,0.03553273042912413,0.051858284022752346,0.07830797277950201,0.11398517945302114,0.1514555866439578,0.19923654195705381,0.25258396289774343,0.2845253074764093,0.3219582814517686,0.39544208455043783,0.3606614177351183,0.04106172697833801,-0.43667516434005305,-0.7457025009675416,-0.8614763245884693,-0.9589808061913332,-1.0,-0.831140712446788,-0.5183780573290289,-0.2365473032799119,-0.048597985564897764,0.06717510947488764,0.12635080960036676,0.1529126432275438,0.16228961087923596,0.16038429191661382,0.15182923929400324,0.14402132587008326,0.1409953056594889,0.1417425354589433,0.14200408476391146,0.1408832627149208,0.1408459201001072,0.13994927454101655,0.1367364355554631,0.13199193780739663,0.1261640361257896,0.11876710286660136,0.10811997290691877,0.09934074379440822,0.09355019982774208,0.08686304050223989,0.07774762970557954,0.06829598437432383,0.06011451645118585,0.05238132978224312,0.04547002416709556,0.04027723006470652,0.03896970060419565,0.03762479644110066,0.035943672843537625,0.03172217366706411,0.027687491378033762,0.024661472111197347
-0.00835910478651143,-0.000527717631049075,0.0037831353811962516,0.001196617436028952,0.0027054207580857895,0.005363784079645891,0.005363788463803108,0.006225961477538643,0.017577866335628464,0.029360893869883088,0.04789752707809204,0.10113679013911087,0.1712602361750684,0.28161868005590757,0.5067163229285376,0.7203192316771854,0.5321501166546129,-0.12906309106103586,-0.8038554015346369,-1.0,-0.7838818827193579,-0.4992937166139874,-0.30925765208214795,-0.20155763838126645,-0.14831841477766255,-0.11641796285163979,-0.07841051144711929,-0.03760107282665064,-0.008287261054177583,0.012045588218779593,0.0287860607122252,0.04437700937546458,0.05788436101640419,0.06413512577836021,0.06535654321068862,0.07002664392964474,0.07440938067965851,0.07311610691054425,0.0735472361629449,0.07879211742967229,0.08612056064544173,0.09308981862874072,0.09524524568288303,0.0927305895546981,0.08705455273062676,0.0852583372138982,0.08353397803395549,0.07943871924097168,0.07103251865655892,0.05817176005860426,0.04624504615572125,0.040209854788279986,0.0348931303372384,0.030079356402125543,0.024978170272340963,0.019805158494871057,0.014416590859515266,0.007375494076059301
0.0416167342952649,0.04506906734626039,0.0485213651083738,0.04556223218798263,0.04112354773730753,0.044181310368607875,0.05473555537076576,0.07347676672696837,0.10454774246969269,0.14045203008790447,0.18257062469327207,0.2436276330715434,0.3500583802621236,0.5185317163043076,0.6772395654350798,0.6509035053064613,0.29797733249270014,-0.2597227744144919,-0.7839828760593891,-1.0,-0.893865201661794,-0.6489475908183381,-0.4412169044467924,-0.3229499838925272,-0.25133854863862876,-0.1967915137888307,-0.15654709542403003,-0.1251801979742255,-0.09489824363159825,-0.06244632163873467,-0.032657648862593494,-0.012831445537684531,0.004923393381235698,0.02741284117244065,0.047436340565314754,0.061245651053061595,0.06578297064370466,0.07081354737006926,0.07978963827632794,0.08896292888475837,0.09063978055480154,0.09626213011756242,0.09912266318686772,0.0984321846327393,0.0909356914037642,0.08699019351104646,0.08935751287710048,0.08255147105695988,0.07061623908672186,0.059470175101168046,0.05157914674137989,0.04694316215094556,0.05197370358842807,0.057596083011012274,0.053354622693273436,0.05079003847634229,0.05157913859779171,0.048619989390224196
0.09923823279236016,0.09975161330176349,0.09307711319768544,0.08161067702003957,0.07750328310252115,0.0773321475635088,0.06586571138586295,0.05576839998714812,0.05303015042928603,0.043617400767345896,0.03437580569483208,0.022567081999510914,0.01931542060308504,0.014694612236239458,-0.002419449458471132,-0.05393290453592889,-0.1980337068722879,-0.48418216545731824,-0.832624837459336,-1.0,-0.8389567531937848,-0.47357127121503884,-0.16397652843615296,0.0010033553092572084,0.06843280190784233,0.09085226242457028,0.09718446534298993,0.09136567948466082,0.08828515623801066,0.09085226764609702,0.09940932655915857,0.11464084902561095,0.12268445432789477,0.10693946258608442,0.0853757528657926,0.07870124754018781,0.08948316244789127,0.10300328253047948,0.11070457498252465,0.1120737271744711,0.11395626509734762,0.10916436035294026,0.09513072922278014,0.08007040495366101,0.07681871744960142,0.08143952059492025,0.09359053025777597,0.10796633847847942,0.11446971348659861,0.10950659488027775,0.10060729099682524,0.08811396326220414,0.08195292199043056,0.08126836939132767,0.09495959890529453,0.09341943126945083,0.0752784688800932,0.06124491868359759
0.0890135248982207,0.08622319753718138,0.0883934647637845,0.09133881661777894,0.09056372253104154,0.0809524924778793,0.07645690515367977,0.08172758183494366,0.08560308537634183,0.07645691934269887,0.06855089959112999,0.06715572408642775,0.060179837103570485,0.04266259261972153,0.01832449747015301,-0.04895408334152627,-0.21033023393828568,-0.5109145765516215,-0.8513372199713932,-1.0,-0.8425009042773931,-0.49959832301895063,-0.20552441317092768,-0.047868982835935936,0.03367145122683597,0.07103123708717199,0.07723199924041715,0.0910287818208878,0.11242149969446934,0.12342791234684337,0.1193973985015092,0.11288654952496953,0.11319661742957189,0.11505682621091871,0.11226647993118725,0.11443677553582857,0.12172274224747077,0.11722711235621396,0.11722706505948363,0.10963115341473789,0.1021901811288327,0.10498053686791022,0.10513557554988442,0.1004849826514219,0.09428417320144641,0.08529303639043159,0.08839342692640025,0.09164880411793976,0.0944391929647285,0.08250267592168105,0.06994606563648617,0.06188505686450992,0.06560552881844343,0.06607058101378013,0.06297018574813845,0.06002481497545189,0.059094686936413315,0.05661436835906346
0.10937328703019256,0.08791176309487851,0.08193986466602377,0.08417932688822699,0.08184655519321787,0.08072682194692063,0.07652782876785934,0.07111579678422025,0.05805228127071703,0.04004325266832897,0.016248948497223258,-0.007078798345606736,-0.03796487582650837,-0.0929252556466575,-0.17382612156831673,-0.2906519103079884,-0.4553445034528956,-0.6676272251993078,-0.8802824617173545,-1.0,-0.9724739916384804,-0.8226163733735575,-0.6237707850966955,-0.4322038566864276,-0.26051224028327347,-0.12642400405997883,-0.03469898306936092,0.02371382589264945,0.06971613334017565,0.10648064212851495,0.13046153108210223,0.1534160400337087,0.18056959625599925,0.20212451578367657,0.21201551633909863,0.21210883862307833,0.21668108392800073,0.2239593680001628,0.23562324142157778,0.2394490564948934,0.24094205361062776,0.23926240053922393,0.2392623777638038,0.23086436293640605,0.21836066867314416,0.2114556167983506,0.2147215551063383,0.21658775025631097,0.20986935433718684,0.20455061047439727,0.20165799546545857,0.20119136127013992,0.201657892976068,0.20389738864966953,0.20977602066549708,0.2165877388686009,0.21649442797233126,0.2069766937774079
0.08592206137674399,0.08968374791987173,0.09209119223394392,0.09344537019213378,0.07885009930632296,0.061997750387459374,0.05943978370597968,0.08366503384222855,0.12910616100818825,0.16913051207052285,0.20659680922663148,0.24496607531924477,0.2803259223975589,0.2919120129894287,0.279423137092099,0.2016314257757363,-0.00526115964679641,-0.3791732960012034,-0.8028888205782084,-1.0,-0.8277150033085051,-0.4664444642005966,-0.1850695891046363,-0.06680225343338819,-0.02843312506405846,-0.0007471390085864164,0.023628565207275166,0.03416127410001266,0.041835107578198014,0.04755285496422022,0.051465011080830084,0.044994920418173365,0.04138371951624418,0.05357155986031116,0.07268092713213795,0.06711363784265756,0.046951006510336506,0.03641829015758781,0.03461268970662321,0.027089312029591632,0.025133235118980735,0.036267815993329566,0.05778462987461661,0.060493036289533654,0.04845567699588909,0.031151927390437345,0.021822953853217288,0.023929499189616277,0.04589772638212582,0.061245363498451735,0.04529584808819732,0.03130239581622544,0.035515479602859244,0.041985570265515956,0.03671922012299982,0.0272397793076857,0.03205473450208382,0.028593987105920336
0.003623054140633695,-0.0025951004760193163,-0.0008881551118324107,0.008012339396806775,0.019717098839956777,0.026179108889065106,0.038005768730172806,0.062268841497764425,0.08860458744419826,0.11225800012477949,0.14968905374369237,0.21430934767137658,0.3062404047324246,0.42749393581691214,0.5586847514827413,0.5742298524031427,0.28465960571173143,-0.2639410575991172,-0.8003480132586479,-1.0,-0.8672848741594555,-0.6007568548884155,-0.35934651872769435,-0.1980407044047238,-0.1099498102640649,-0.055998058228017844,-0.017713753902485932,0.007463676937941802,0.020997303184116675,0.039164096855950126,0.06428055238784024,0.08147196989905166,0.08592223929860712,0.08671468209374701,0.08512973698451311,0.08110615896710689,0.07629016791403787,0.0798869727107329,0.08470300840301753,0.08098428646865895,0.07104738132064986,0.05861105209269519,0.052453860927288154,0.0509297925483241,0.04824746300240612,0.04202930210836342,0.03465286144769363,0.029105280150179443,0.024594070781465378,0.018254003909563027,0.01471818744117683,0.014169538002083072,0.014108560833578134,0.010877575338680794,0.010511792306245773,0.013072212154369468,0.012157783402775325,0.009231580522216608
